season,player_id,player_name,player_display_name,position,position_group,recent_team,attempts,completions,passing_yards,passing_tds,interceptions,carries,rushing_yards,rushing_tds,targets,receptions,receiving_yards,receiving_tds,fantasy_points,fantasy_points_ppr,games_played
2020,00-0019596,T.Brady,Tom Brady,QB,QB,TB,610,401,4633,40,12,30,6,3,0,0,0,0,337.92,337.92,16
2020,00-0020531,D.Brees,Drew Brees,QB,QB,NO,390,275,2942,24,6,18,-2,2,0,0,0,0,209.48,209.48,12
2020,00-0022127,J.Witten,Jason Witten,TE,TE,LV,0,0,0,0,0,0,0,0,17,13,69,2,18.9,31.9,10
2020,00-0022787,M.Schaub,Matt Schaub,QB,QB,ATL,0,0,0,0,0,3,-4,0,0,0,0,0,-0.4,-0.4,1
2020,00-0022824,A.Lee,Andy Lee,P,SPEC,ARI,1,1,26,0,0,0,0,0,0,0,0,0,1.04,1.04,1
2020,00-0022921,L.Fitzgerald,Larry Fitzgerald,WR,WR,ARI,0,0,0,0,0,0,0,0,72,54,409,1,46.9,100.9,13
2020,00-0022924,B.Roethlisberger,Ben Roethlisberger,QB,QB,PIT,608,399,3803,33,10,25,11,0,0,0,0,0,267.21999999999997,267.21999999999997,15
2020,00-0022942,P.Rivers,Philip Rivers,QB,QB,IND,543,369,4169,24,11,18,-8,0,0,0,0,0,239.96,239.96,16
2020,00-0023436,A.Smith,Alex Smith,QB,QB,WAS,252,168,1582,6,8,10,3,0,0,0,0,0,71.58,71.58,8
2020,00-0023459,A.Rodgers,Aaron Rodgers,QB,QB,GB,526,372,4299,48,5,38,149,3,1,1,-6,0,382.26,383.26,16
2020,00-0023500,F.Gore,Frank Gore,RB,RB,NYJ,0,0,0,0,0,187,653,2,19,16,89,0,84.2,100.2,15
2020,00-0023682,R.Fitzpatrick,Ryan Fitzpatrick,QB,QB,MIA,267,183,2091,13,8,30,151,2,1,1,0,0,152.74,153.74,9
2020,00-0024243,M.Lewis,Marcedes Lewis,TE,TE,GB,0,0,0,0,0,0,0,0,17,10,107,3,28.7,38.7,10
2020,00-0024417,S.Koch,Sam Koch,P,SPEC,BAL,1,1,15,0,0,0,0,0,0,0,0,0,0.6,0.6,1
2020,00-0025394,A.Peterson,Adrian Peterson,RB,RB,DET,0,0,0,0,0,156,604,7,18,12,101,0,112.5,124.5,16
2020,00-0025396,T.Ginn,Ted Ginn,WR,WR,CHI,0,0,0,0,0,0,0,0,6,3,40,0,4.0,7.0,3
2020,00-0025418,G.Olsen,Greg Olsen,TE,TE,SEA,0,0,0,0,0,0,0,0,37,24,239,1,29.9,53.9,11
2020,00-0025825,B.Kern,Brett Kern,P,SPEC,TEN,1,0,0,0,0,0,0,0,0,0,0,0,0.0,0.0,1
2020,00-0026035,D.Amendola,Danny Amendola,WR,WR,DET,0,0,0,0,0,1,2,0,69,46,602,0,60.4,106.39999999999999,14
2020,00-0026143,M.Ryan,Matt Ryan,QB,QB,ATL,626,407,4581,26,11,29,92,2,0,0,0,0,282.44,282.44,16
2020,00-0026158,J.Flacco,Joe Flacco,QB,QB,NYJ,134,74,864,6,3,6,22,0,0,0,0,0,54.760000000000005,54.760000000000005,5
2020,00-0026189,D.Jackson,DeSean Jackson,WR,WR,PHI,0,0,0,0,0,1,12,0,26,14,236,1,30.799999999999997,44.8,5
2020,00-0026197,C.Henne,Chad Henne,QB,QB,KC,38,28,248,2,0,7,-2,1,0,0,0,0,23.72,23.72,3
2020,00-0026498,M.Stafford,Matthew Stafford,QB,QB,DET,528,339,4084,26,10,29,112,0,1,0,0,0,260.56,260.56,16
2020,00-0026544,C.Daniel,Chase Daniel,QB,QB,DET,43,29,264,1,2,2,16,0,0,0,0,0,12.16,12.16,4
2020,00-0026625,B.Hoyer,Brian Hoyer,QB,QB,NE,24,15,130,0,1,1,8,0,0,0,0,0,2.0,2.0,1
2020,00-0027029,L.McCoy,LeSean McCoy,RB,RB,TB,0,0,0,0,0,10,31,0,19,15,101,0,13.2,28.2,8
2020,00-0027061,J.Cook,Jared Cook,TE,TE,NO,0,0,0,0,0,0,0,0,60,37,504,7,90.4,127.4,15
2020,00-0027150,J.Edelman,Julian Edelman,WR,WR,NE,2,2,38,0,0,2,22,0,39,21,315,0,35.22,56.22,6
2020,00-0027647,D.McCourty,Devin McCourty,FS,DB,NE,0,0,0,0,0,0,0,0,0,0,0,0,6.0,6.0,1
2020,00-0027656,R.Gronkowski,Rob Gronkowski,TE,TE,TB,0,0,0,0,0,0,0,0,77,45,623,7,104.3,149.3,16
2020,00-0027685,E.Sanders,Emmanuel Sanders,WR,WR,NO,0,0,0,0,0,1,12,0,82,61,726,5,103.8,164.8,14
2020,00-0027688,C.McCoy,Colt McCoy,QB,QB,NYG,66,40,375,1,1,9,12,0,0,0,0,0,18.200000000000003,18.200000000000003,4
2020,00-0027691,A.Roberts,Andre Roberts,WR,WR,BUF,0,0,0,0,0,1,-3,0,5,4,34,0,3.1,7.1,3
2020,00-0027696,J.Graham,Jimmy Graham,TE,TE,CHI,0,0,0,0,0,0,0,0,76,50,456,8,93.6,143.6,16
2020,00-0027793,A.Brown,Antonio Brown,WR,WR,TB,0,0,0,0,0,2,-2,0,62,45,483,4,72.1,117.1,8
2020,00-0027891,G.Tate,Golden Tate,WR,WR,NYG,2,1,18,0,0,0,0,0,52,35,388,2,51.52,86.52,12
2020,00-0027902,D.Bryant,Dez Bryant,WR,WR,BAL,0,0,0,0,0,0,0,0,11,6,47,2,16.7,22.7,4
2020,00-0027939,C.Newton,Cam Newton,QB,QB,NE,368,242,2657,8,10,137,592,12,2,2,35,1,258.98,260.98,15
2020,00-0027942,A.Green,A.J. Green,WR,WR,CIN,0,0,0,0,0,0,0,0,104,47,523,2,64.3,111.3,16
2020,00-0027944,J.Jones,Julio Jones,WR,WR,ATL,0,0,0,0,0,0,0,0,68,51,771,3,95.1,146.1,9
2020,00-0027948,B.Gabbert,Blaine Gabbert,QB,QB,TB,16,9,143,2,0,9,16,0,0,0,0,0,15.32,15.32,4
2020,00-0027966,M.Ingram,Mark Ingram,RB,RB,BAL,0,0,0,0,0,72,299,2,8,6,50,0,46.9,52.9,10
2020,00-0027973,A.Dalton,Andy Dalton,QB,QB,DAL,333,216,2170,14,8,28,114,0,1,1,-3,0,135.9,136.9,11
2020,00-0027981,K.Rudolph,Kyle Rudolph,TE,TE,MIN,0,0,0,0,0,0,0,0,37,28,334,1,37.4,65.4,12
2020,00-0028002,R.Cobb,Randall Cobb,WR,WR,HOU,1,0,0,0,0,0,0,0,48,38,441,3,62.1,100.1,10
2020,00-0028042,L.Stocker,Luke Stocker,TE,TE,ATL,0,0,0,0,0,0,0,0,11,7,63,0,6.300000000000001,13.299999999999999,9
2020,00-0028063,T.Jones,Taiwan Jones,RB,RB,BUF,0,0,0,0,0,0,0,0,2,0,0,0,0.0,0.0,2
2020,00-0028074,A.Sherman,Anthony Sherman,RB,RB,KC,0,0,0,0,0,3,8,0,2,1,5,1,7.3,8.3,4
2020,00-0028087,D.Lewis,Dion Lewis,RB,RB,NYG,0,0,0,0,0,29,115,2,30,19,127,1,40.2,59.199999999999996,16
2020,00-0028097,L.Smith,Lee Smith,TE,TE,BUF,0,0,0,0,0,0,0,0,6,4,35,2,15.5,19.5,5
2020,00-0028118,T.Taylor,Tyrod Taylor,QB,QB,LAC,30,16,208,0,0,6,7,0,0,0,0,0,9.02,9.02,1
2020,00-0028142,V.Green,Virgil Green,TE,TE,LAC,0,0,0,0,0,0,0,0,6,3,50,1,11.0,14.0,4
2020,00-0028149,B.Miller,Bruce Miller,FB,RB,JAX,0,0,0,0,0,0,0,0,2,1,2,0,0.2,1.2,2
2020,00-0028237,C.Hogan,Chris Hogan,WR,WR,NYJ,0,0,0,0,0,0,0,0,26,14,118,0,11.8,25.8,5
2020,00-0028292,N.Bellore,Nick Bellore,ILB,LB,SEA,0,0,0,0,0,1,5,0,1,1,9,0,1.4,2.4,1
2020,00-0028411,D.Inman,Dontrelle Inman,WR,WR,WAS,0,0,0,0,0,0,0,0,28,18,163,2,28.3,46.300000000000004,7
2020,00-0028664,C.Jones,Chris Jones,P,SPEC,DAL,1,0,0,0,0,1,0,0,0,0,0,0,0.0,0.0,2
2020,00-0028986,C.Keenum,Case Keenum,QB,QB,CLE,10,5,46,0,0,0,0,0,0,0,0,0,1.84,1.84,1
2020,00-0029000,C.Beasley,Cole Beasley,WR,WR,BUF,1,1,20,1,0,0,0,0,107,82,967,4,125.5,207.5,15
2020,00-0029119,D.Carrier,Derek Carrier,TE,TE,LV,0,0,0,0,0,0,0,0,1,1,14,0,1.4,2.4,1
2020,00-0029137,A.Jeffery,Alshon Jeffery,WR,WR,PHI,0,0,0,0,0,0,0,0,13,6,115,1,17.5,23.5,7
2020,00-0029141,A.Morris,Alfred Morris,RB,RB,NYG,0,0,0,0,0,55,238,1,4,3,19,1,37.7,40.7,9
2020,00-0029263,R.Wilson,Russell Wilson,QB,QB,SEA,558,384,4212,40,13,83,513,2,0,0,0,0,359.78,359.78,16
2020,00-0029293,M.Jones,Marvin Jones,WR,WR,DET,0,0,0,0,0,0,0,0,115,76,978,9,151.8,227.8,16
2020,00-0029528,B.Massie,Bobby Massie,T,OL,CHI,0,0,0,0,0,0,0,0,1,1,4,0,0.4,1.4,1
2020,00-0029567,N.Foles,Nick Foles,QB,QB,CHI,312,202,1852,10,8,16,1,1,0,0,0,0,104.17999999999999,104.17999999999999,9
2020,00-0029604,K.Cousins,Kirk Cousins,QB,QB,MIN,516,349,4265,35,13,32,156,1,0,0,0,0,306.2,306.2,16
2020,00-0029608,T.Hilton,T.Y. Hilton,WR,WR,IND,0,0,0,0,0,0,0,0,93,56,762,5,108.2,164.20000000000002,15
2020,00-0029615,L.Miller,Lamar Miller,RB,RB,CHI,0,0,0,0,0,0,0,0,2,2,6,0,0.6,2.6,1
2020,00-0029632,M.Sanu,Mohamed Sanu,WR,WR,DET,0,0,0,0,0,1,3,0,23,16,178,1,26.1,42.1,6
2020,00-0029632,M.Sanu,Mohamed Sanu,WR,WR,SF,0,0,0,0,0,0,0,0,1,1,9,0,0.9,1.9,1
2020,00-0029665,R.Griffin,Robert Griffin,QB,QB,BAL,14,8,42,0,2,12,69,0,0,0,0,0,2.58,2.58,4
2020,00-0029701,R.Tannehill,Ryan Tannehill,QB,QB,TEN,481,315,3819,34,7,43,266,7,1,1,0,0,347.36,348.36,16
2020,00-0029738,D.Fells,Darren Fells,TE,TE,HOU,0,0,0,0,0,0,0,0,28,21,312,4,55.2,76.2,12
2020,00-0029892,K.Juszczyk,Kyle Juszczyk,FB,RB,SF,0,0,0,0,0,17,64,2,29,19,202,4,62.6,81.6,16
2020,00-0030035,A.Thielen,Adam Thielen,WR,WR,MIN,0,0,0,0,0,3,15,0,108,74,925,14,180.0,254.0,15
2020,00-0030061,Z.Ertz,Zach Ertz,TE,TE,PHI,0,0,0,0,0,0,0,0,72,36,335,1,41.5,77.5,11
2020,00-0030085,K.Stills,Kenny Stills,WR,WR,HOU,0,0,0,0,0,0,0,0,19,11,144,1,20.4,31.400000000000002,7
2020,00-0030089,L.Willson,Luke Willson,TE,TE,BAL,0,0,0,0,0,0,0,0,3,1,12,0,1.2,2.2,2
2020,00-0030092,S.Martin,Sam Martin,P,SPEC,DEN,0,0,0,0,0,1,0,0,0,0,0,0,0.0,0.0,1
2020,00-0030107,T.Riddick,Theo Riddick,RB,RB,LV,0,0,0,0,0,6,14,0,6,5,43,0,5.7,10.7,4
2020,00-0030108,R.Griffin,Ryan Griffin,TE,TE,NYJ,0,0,0,0,0,0,0,0,12,9,86,0,8.6,17.6,5
2020,00-0030151,T.Bray,Tyler Bray,QB,QB,CHI,5,1,18,0,0,0,0,0,0,0,0,0,0.72,0.72,1
2020,00-0030155,D.Harris,Demetrius Harris,TE,TE,CHI,0,0,0,0,0,0,0,0,14,7,45,0,4.5,11.5,7
2020,00-0030181,J.Doyle,Jack Doyle,TE,TE,IND,0,0,0,0,0,0,0,0,33,23,251,3,41.1,64.1,13
2020,00-0030196,J.Heath,Jeff Heath,SS,DB,LV,0,0,0,0,0,1,1,0,0,0,0,0,0.1,0.1,1
2020,00-0030216,J.Hill,Josh Hill,TE,TE,NO,0,0,0,0,0,0,0,0,10,8,46,1,10.6,18.6,8
2020,00-0030279,K.Allen,Keenan Allen,WR,WR,LAC,1,0,0,0,0,1,-1,0,147,100,992,8,145.1,245.1,14
2020,00-0030288,R.Burkhead,Rex Burkhead,RB,RB,NE,0,0,0,0,0,67,274,3,33,25,192,3,82.60000000000001,107.6,10
2020,00-0030404,C.Thompson,Chris Thompson,RB,RB,JAX,0,0,0,0,0,7,20,0,23,20,146,1,22.599999999999998,42.6,6
2020,00-0030431,R.Woods,Robert Woods,WR,WR,LA,0,0,0,0,0,24,155,2,129,90,936,6,155.1,245.1,16
2020,00-0030443,L.Toilolo,Levine Toilolo,TE,TE,NYG,0,0,0,0,0,0,0,0,6,5,46,0,4.6,9.6,5
2020,00-0030456,G.Bernard,Giovani Bernard,RB,RB,CIN,0,0,0,0,0,124,416,3,59,47,355,3,111.1,158.1,16
2020,00-0030465,K.Barner,Kenjon Barner,RB,RB,TB,0,0,0,0,0,0,0,0,1,0,0,0,0.0,0.0,1
2020,00-0030470,V.McDonald,Vance McDonald,TE,TE,PIT,0,0,0,0,0,0,0,0,20,15,99,0,9.899999999999999,24.9,9
2020,00-0030471,S.Williams,Shawn Williams,SS,DB,CIN,0,0,0,0,0,2,46,0,0,0,0,0,4.6,4.6,2
2020,00-0030472,J.Reed,Jordan Reed,TE,TE,SF,0,0,0,0,0,0,0,0,46,26,231,4,47.099999999999994,73.1,10
2020,00-0030496,L.Bell,Le'Veon Bell,RB,RB,KC,0,0,0,0,0,63,254,2,17,13,99,0,47.3,60.3,9
2020,00-0030496,L.Bell,Le'Veon Bell,RB,RB,NYJ,0,0,0,0,0,19,74,0,3,3,39,0,11.3,14.3,2
2020,00-0030506,T.Kelce,Travis Kelce,TE,TE,KC,2,1,4,0,0,0,0,0,145,105,1416,11,207.76,312.76,15
2020,00-0030513,L.Murray,Latavius Murray,RB,RB,NO,0,0,0,0,0,146,656,4,26,23,176,1,113.2,136.2,15
2020,00-0030520,M.Glennon,Mike Glennon,QB,QB,JAX,179,111,1072,7,5,6,17,0,0,0,0,0,60.58,60.58,5
2020,00-0030525,T.Austin,Tavon Austin,WR,WR,GB,0,0,0,0,0,0,0,0,5,5,20,0,2.0,7.0,3
2020,00-0030533,M.Barkley,Matt Barkley,QB,QB,BUF,21,11,197,1,1,6,-6,0,0,0,0,0,9.28,9.28,4
2020,00-0030549,T.Eifert,Tyler Eifert,TE,TE,JAX,0,0,0,0,0,0,0,0,60,36,349,2,46.9,82.9,14
2020,00-0030558,B.Mingo,Barkevious Mingo,OLB,LB,CHI,0,0,0,0,0,1,11,0,0,0,0,0,1.1,1.1,1
2020,00-0030564,D.Hopkins,DeAndre Hopkins,WR,WR,ARI,0,0,0,0,0,1,1,0,160,115,1407,6,172.8,287.8,16
2020,00-0030565,G.Smith,Geno Smith,QB,QB,SEA,5,4,33,0,0,2,-2,0,0,0,0,0,1.12,1.12,1
2020,00-0030578,C.Patterson,Cordarrelle Patterson,RB,RB,CHI,0,0,0,0,0,64,232,1,25,21,132,0,48.400000000000006,69.4,15
2020,00-0030584,E.Fisher,Eric Fisher,T,OL,KC,0,0,0,0,0,0,0,0,1,1,2,1,6.2,7.2,1
2020,00-0030663,W.Snead,Willie Snead,WR,WR,BAL,0,0,0,0,0,0,0,0,48,33,432,3,61.199999999999996,94.2,13
2020,00-0030670,B.Fowler,Bennie Fowler,WR,WR,NO,0,0,0,0,0,0,0,0,6,2,11,0,1.1,3.1,1
2020,00-0030710,T.Burton,Trey Burton,TE,TE,IND,0,0,0,0,0,2,3,2,47,28,250,3,55.3,83.3,11
2020,00-0030968,K.Smith,Keith Smith,FB,RB,ATL,0,0,0,0,0,4,7,0,15,11,59,0,6.6,17.6,12
2020,00-0031045,C.Hyde,Carlos Hyde,RB,RB,SEA,0,0,0,0,0,81,356,4,20,16,93,0,68.9,84.9,10
2020,00-0031051,J.Brown,John Brown,WR,WR,BUF,0,0,0,0,0,0,0,0,52,33,458,3,63.8,96.8,9
2020,00-0031062,J.White,James White,RB,RB,NE,0,0,0,0,0,35,121,2,62,49,375,1,67.6,116.6,14
2020,00-0031166,S.Roberts,Seth Roberts,WR,WR,CAR,0,0,0,0,0,0,0,0,6,4,31,0,3.1,7.1,3
2020,00-0031209,S.Perry,Senorise Perry,RB,RB,TEN,0,0,0,0,0,2,9,0,0,0,0,0,0.9,0.9,1
2020,00-0031235,O.Beckham,Odell Beckham,WR,WR,CLE,1,1,18,0,0,3,72,1,43,23,319,3,63.82,86.82,7
2020,00-0031236,B.Cooks,Brandin Cooks,WR,WR,HOU,0,0,0,0,0,0,0,0,119,81,1150,6,151.0,232.0,15
2020,00-0031237,T.Bridgewater,Teddy Bridgewater,QB,QB,CAR,492,340,3733,15,11,53,279,5,0,0,0,0,241.22,241.22,15
2020,00-0031260,L.Thomas,Logan Thomas,TE,TE,WAS,1,1,28,0,0,3,5,0,110,72,670,6,104.62,176.62,16
2020,00-0031269,T.Carrie,T.J. Carrie,CB,DB,IND,0,0,0,0,0,0,0,0,0,0,0,0,6.0,6.0,1
2020,00-0031273,C.Brate,Cameron Brate,TE,TE,TB,0,0,0,0,0,0,0,0,34,28,282,2,40.2,68.2,13
2020,00-0031280,D.Carr,Derek Carr,QB,QB,LV,517,348,4103,27,9,39,140,3,0,0,0,0,272.12,272.12,16
2020,00-0031285,D.Freeman,Devonta Freeman,RB,RB,NYG,0,0,0,0,0,54,172,1,10,7,58,0,29.0,36.0,5
2020,00-0031288,A.McCarron,AJ McCarron,QB,QB,HOU,1,1,20,0,0,0,0,0,0,0,0,0,0.8,0.8,2
2020,00-0031319,D.Spencer,Diontae Spencer,WR,WR,DEN,0,0,0,0,0,3,19,0,6,3,26,0,10.5,13.5,5
2020,00-0031325,S.Watkins,Sammy Watkins,WR,WR,KC,1,0,0,0,1,1,3,0,55,37,421,2,50.4,87.4,10
2020,00-0031339,D.Moncrief,Donte Moncrief,WR,WR,NE,0,0,0,0,0,1,4,0,2,1,15,0,1.9,2.9,2
2020,00-0031345,J.Garoppolo,Jimmy Garoppolo,QB,QB,SF,140,94,1096,7,5,10,25,0,0,0,0,0,64.34,64.34,6
2020,00-0031357,C.Goodwin,C.J. Goodwin,CB,DB,DAL,0,0,0,0,0,0,0,0,1,0,0,0,0.0,0.0,1
2020,00-0031376,J.McKinnon,Jerick McKinnon,RB,RB,SF,0,0,0,0,0,81,319,5,46,33,253,1,93.2,126.2,14
2020,00-0031381,D.Adams,Davante Adams,WR,WR,GB,0,0,0,0,0,0,0,0,149,115,1374,18,243.4,358.40000000000003,14
2020,00-0031382,J.Landry,Jarvis Landry,WR,WR,CLE,4,4,74,1,0,4,10,1,101,72,840,3,115.96,187.96,15
2020,00-0031384,R.Rodgers,Richard Rodgers,TE,TE,PHI,0,0,0,0,0,0,0,0,31,24,345,2,46.5,70.5,8
2020,00-0031387,E.Ebron,Eric Ebron,TE,TE,PIT,0,0,0,0,0,0,0,0,91,56,558,5,85.8,141.8,15
2020,00-0031395,G.Gilbert,Garrett Gilbert,QB,QB,DAL,38,21,243,1,1,3,28,0,0,0,0,0,14.52,14.52,1
2020,00-0031408,M.Evans,Mike Evans,WR,WR,TB,0,0,0,0,0,0,0,0,109,70,1006,13,178.6,248.6,16
2020,00-0031428,A.Robinson,Allen Robinson,WR,WR,CHI,0,0,0,0,0,1,-1,0,151,102,1250,6,160.9,262.90000000000003,16
2020,00-0031484,C.Manhertz,Chris Manhertz,TE,TE,CAR,0,0,0,0,0,0,0,0,8,6,52,0,5.2,11.200000000000001,7
2020,00-0031503,J.Winston,Jameis Winston,QB,QB,NO,11,7,75,0,0,8,-6,0,0,0,0,0,2.4,2.4,3
2020,00-0031543,T.Long,Ty Long,P,SPEC,LAC,0,0,0,0,0,1,-28,0,0,0,0,0,-2.8,-2.8,1
2020,00-0031544,A.Cooper,Amari Cooper,WR,WR,DAL,0,0,0,0,0,6,14,0,130,92,1114,5,144.8,236.8,16
2020,00-0031547,D.Parker,DeVante Parker,WR,WR,MIA,0,0,0,0,0,0,0,0,103,63,793,4,103.3,166.3,14
2020,00-0031549,N.Agholor,Nelson Agholor,WR,WR,LV,0,0,0,0,0,0,0,0,82,48,896,8,137.6,185.6,16
2020,00-0031558,M.Williams,Maxx Williams,TE,TE,ARI,0,0,0,0,0,0,0,0,10,8,102,1,16.2,24.200000000000003,6
2020,00-0031585,M.Pruitt,MyCole Pruitt,TE,TE,TEN,0,0,0,0,0,0,0,0,8,5,49,2,16.9,21.9,5
2020,00-0031588,S.Diggs,Stefon Diggs,WR,WR,BUF,0,0,0,0,0,1,1,0,166,127,1535,8,201.6,328.6,16
2020,00-0031595,M.Burton,Michael Burton,FB,RB,NO,0,0,0,0,0,7,18,0,4,4,28,0,4.6,8.6,6
2020,00-0031598,N.Boyle,Nick Boyle,TE,TE,BAL,0,0,0,0,0,0,0,0,17,14,113,2,23.3,37.3,9
2020,00-0031610,D.Waller,Darren Waller,TE,TE,LV,0,0,0,0,0,0,0,0,145,107,1196,9,171.6,278.6,16
2020,00-0031687,R.Mostert,Raheem Mostert,RB,RB,SF,0,0,0,0,0,104,521,2,19,16,156,1,83.7,99.7,8
2020,00-0031690,E.Tomlinson,Eric Tomlinson,TE,TE,BAL,0,0,0,0,0,0,0,0,1,0,0,0,0.0,0.0,1
2020,00-0031763,D.Carter,DeAndre Carter,WR,WR,HOU,0,0,0,0,0,0,0,0,2,1,8,0,0.8,1.8,1
2020,00-0031787,J.Kumerow,Jake Kumerow,WR,WR,BUF,0,0,0,0,0,0,0,0,1,1,22,1,8.2,9.2,1
2020,00-0031800,T.Heinicke,Taylor Heinicke,QB,QB,WAS,19,12,137,1,0,3,22,0,0,0,0,0,11.68,11.68,1
2020,00-0031806,M.Brown,Malcolm Brown,RB,RB,LA,0,0,0,0,0,101,419,5,33,23,162,0,86.10000000000001,109.1,16
2020,00-0031868,D.Byrd,Damiere Byrd,WR,WR,NE,0,0,0,0,0,2,15,0,77,47,604,1,67.9,114.9,14
2020,00-0031921,K.Lamm,Kendall Lamm,T,OL,CLE,0,0,0,0,0,0,0,0,1,1,1,1,6.1,7.1,1
2020,00-0031941,J.Crowder,Jamison Crowder,WR,WR,NYJ,1,1,43,1,0,1,14,0,89,59,699,6,113.02,172.02,12
2020,00-0031951,J.O'Shaughnessy,James O'Shaughnessy,TE,TE,JAX,0,0,0,0,0,0,0,0,38,28,262,0,26.2,54.2,15
2020,00-0032009,A.Humphries,Adam Humphries,WR,WR,TEN,0,0,0,0,0,0,0,0,35,23,228,2,34.8,57.8,7
2020,00-0032054,B.Perriman,Breshad Perriman,WR,WR,NYJ,0,0,0,0,0,1,6,0,60,30,505,3,69.10000000000001,99.10000000000001,12
2020,00-0032058,T.Coleman,Tevin Coleman,RB,RB,SF,0,0,0,0,0,28,53,0,5,4,34,0,8.700000000000001,12.700000000000001,6
2020,00-0032062,B.Bell,Blake Bell,TE,TE,DAL,0,0,0,0,0,1,2,0,15,11,110,0,11.2,22.2,11
2020,00-0032063,M.Davis,Mike Davis,RB,RB,CAR,0,0,0,0,0,165,642,6,70,59,373,2,147.5,206.5,14
2020,00-0032098,D.Brown,Daniel Brown,TE,TE,NYJ,0,0,0,0,0,0,0,0,2,2,31,0,3.1,5.1,2
2020,00-0032104,A.Abdullah,Ameer Abdullah,RB,RB,MIN,0,0,0,0,0,8,42,0,9,8,58,2,22.0,30.0,6
2020,00-0032128,C.Conley,Chris Conley,WR,WR,JAX,0,0,0,0,0,0,0,0,63,40,471,2,57.1,97.1,14
2020,00-0032134,C.Uzomah,C.J. Uzomah,TE,TE,CIN,0,0,0,0,0,0,0,0,11,8,87,1,14.7,22.7,2
2020,00-0032135,J.James,Jesse James,TE,TE,DET,0,0,0,0,0,0,0,0,22,14,129,2,24.900000000000002,38.9,12
2020,00-0032141,G.Swaim,Geoff Swaim,TE,TE,TEN,0,0,0,0,0,0,0,0,12,9,83,1,14.3,23.3,6
2020,00-0032144,M.Gordon,Melvin Gordon,RB,RB,DEN,0,0,0,0,0,215,986,9,44,32,158,1,166.4,198.4,15
2020,00-0032187,D.Johnson,David Johnson,RB,RB,HOU,0,0,0,0,0,147,691,6,46,33,314,2,146.5,179.5,12
2020,00-0032200,T.Montgomery,Ty Montgomery,WR,WR,NO,0,0,0,0,0,19,101,0,6,3,27,0,12.799999999999999,15.799999999999999,4
2020,00-0032209,T.Yeldon,T.J. Yeldon,RB,RB,BUF,0,0,0,0,0,10,70,0,4,1,22,1,15.200000000000001,16.2,3
2020,00-0032211,T.Lockett,Tyler Lockett,WR,WR,SEA,0,0,0,0,0,0,0,0,132,100,1054,10,165.4,265.4,16
2020,00-0032214,T.Kroft,Tyler Kroft,TE,TE,BUF,0,0,0,0,0,0,0,0,16,12,119,3,29.9,41.9,6
2020,00-0032241,T.Gurley,Todd Gurley,RB,RB,ATL,0,0,0,0,0,195,678,9,35,25,164,0,138.2,163.2,15
2020,00-0032257,D.Johnson,Duke Johnson,RB,RB,HOU,0,0,0,0,0,77,235,1,35,28,249,1,56.400000000000006,84.4,11
2020,00-0032268,M.Mariota,Marcus Mariota,QB,QB,LV,28,17,226,1,1,9,88,1,0,0,0,0,25.84,25.84,1
2020,00-0032385,S.Shepard,Sterling Shepard,WR,WR,NYG,0,0,0,0,0,6,49,1,90,66,656,3,96.5,162.5,12
2020,00-0032392,A.Hooper,Austin Hooper,TE,TE,CLE,0,0,0,0,0,0,0,0,70,46,435,4,67.5,113.5,13
2020,00-0032393,C.Prosise,C.J. Prosise,RB,RB,HOU,0,0,0,0,0,10,19,0,5,5,18,1,7.7,12.700000000000001,5
2020,00-0032394,N.Vannett,Nick Vannett,TE,TE,DEN,0,0,0,0,0,0,0,0,21,14,95,1,15.5,29.5,11
2020,00-0032404,T.Ervin,Tyler Ervin,RB,RB,GB,0,0,0,0,0,13,67,0,15,11,84,0,15.100000000000001,26.099999999999998,7
2020,00-0032426,A.Collins,Alex Collins,RB,RB,SEA,0,0,0,0,0,18,77,2,2,1,4,0,20.1,21.1,3
2020,00-0032434,B.Allen,Brandon Allen,QB,QB,CIN,142,90,925,5,4,13,27,0,1,0,0,0,49.7,49.7,5
2020,00-0032436,J.Driskel,Jeff Driskel,QB,QB,DEN,64,35,432,3,2,6,28,0,0,0,0,0,30.08,30.08,3
2020,00-0032450,D.Washington,Dwayne Washington,RB,RB,NO,0,0,0,0,0,8,15,0,0,0,0,0,1.5,1.5,2
2020,00-0032464,K.Raymond,Kalif Raymond,WR,WR,TEN,0,0,0,0,0,1,-3,0,15,9,187,0,18.4,27.4,8
2020,00-0032543,A.Erickson,Alex Erickson,WR,WR,CIN,1,0,0,0,0,5,7,0,17,12,139,0,12.600000000000001,24.6,9
2020,00-0032575,M.Skura,Matt Skura,C,OL,BAL,0,0,0,0,0,1,0,0,0,0,0,0,0.0,0.0,1
2020,00-0032577,D.Foster,D.J. Foster,RB,RB,ARI,0,0,0,0,0,2,2,0,1,1,7,0,0.9,1.9,2
2020,00-0032592,S.Neasman,Sharrod Neasman,CB,DB,ATL,0,0,0,0,0,1,2,0,0,0,0,0,-1.8,-1.8,1
2020,00-0032602,J.McKissic,J.D. McKissic,RB,RB,WAS,0,0,0,0,0,85,365,1,110,80,589,2,111.4,191.4,16
2020,00-0032688,R.Chosen,Robbie Chosen,WR,WR,CAR,0,0,0,0,0,4,15,0,136,95,1096,3,129.1,224.1,16
2020,00-0032725,S.Anderson,Stephen Anderson,TE,TE,LAC,0,0,0,0,0,0,0,0,11,8,106,0,10.6,18.6,3
2020,00-0032741,P.Barber,Peyton Barber,RB,RB,WAS,0,0,0,0,0,94,258,4,7,4,12,0,51.0,55.0,14
2020,00-0032764,D.Henry,Derrick Henry,RB,RB,TEN,0,0,0,0,0,378,2027,17,31,19,114,0,314.1,333.1,16
2020,00-0032765,M.Thomas,Michael Thomas,WR,WR,NO,0,0,0,0,0,1,1,0,55,40,438,0,43.9,83.9,7
2020,00-0032775,D.Robinson,Demarcus Robinson,WR,WR,KC,0,0,0,0,0,0,0,0,59,45,466,3,62.6,107.60000000000001,15
2020,00-0032778,T.Sharpe,Tajae Sharpe,WR,WR,MIN,0,0,0,0,0,0,0,0,3,0,0,0,0.0,0.0,3
2020,00-0032780,J.Howard,Jordan Howard,RB,RB,MIA,0,0,0,0,0,28,33,4,1,1,-3,0,27.0,28.0,5
2020,00-0032780,J.Howard,Jordan Howard,RB,RB,PHI,0,0,0,0,0,7,27,0,0,0,0,0,2.7,2.7,2
2020,00-0032791,J.Grant,Jakeem Grant,WR,WR,MIA,0,0,0,0,0,3,20,0,54,36,373,1,51.300000000000004,87.3,14
2020,00-0032792,N.Sudfeld,Nate Sudfeld,QB,QB,PHI,12,5,32,0,1,2,12,0,0,0,0,0,-1.52,-1.52,1
2020,00-0032807,C.Fejedelem,Clayton Fejedelem,SS,DB,MIA,0,0,0,0,0,2,23,0,0,0,0,0,2.3000000000000003,2.3000000000000003,2
2020,00-0032813,E.Penny,Elijhaa Penny,RB,RB,NYG,0,0,0,0,0,6,15,0,3,2,20,0,3.5,5.5,6
2020,00-0032881,T.Lewis,Tommylee Lewis,WR,WR,NO,0,0,0,0,0,2,14,0,3,1,5,0,1.9000000000000001,2.9,4
2020,00-0032918,C.Ham,C.J. Ham,FB,RB,MIN,0,0,0,0,0,5,18,0,13,8,97,1,17.5,25.5,11
2020,00-0032940,D.Washington,DeAndre Washington,RB,RB,KC,0,0,0,0,0,3,5,0,1,1,2,0,0.7,1.7,1
2020,00-0032940,D.Washington,DeAndre Washington,RB,RB,MIA,0,0,0,0,0,28,86,0,9,4,28,0,11.4,15.4,3
2020,00-0032943,R.Dixon,Riley Dixon,P,SPEC,NYG,1,0,0,0,0,0,0,0,0,0,0,0,0.0,0.0,1
2020,00-0032950,C.Wentz,Carson Wentz,QB,QB,PHI,437,251,2620,16,15,52,276,5,0,0,0,0,198.4,198.4,12
2020,00-0032951,L.Treadwell,Laquon Treadwell,WR,WR,ATL,0,0,0,0,0,0,0,0,7,6,49,2,16.9,22.9,4
2020,00-0032956,A.Janovich,Andy Janovich,FB,RB,CLE,0,0,0,0,0,2,4,0,5,2,13,0,1.7000000000000002,3.6999999999999997,6
2020,00-0032972,D.Booker,Devontae Booker,RB,RB,LV,0,0,0,0,0,93,423,3,21,17,84,0,68.7,85.7,15
2020,00-0032975,J.Williams,Jonathan Williams,RB,RB,DET,0,0,0,0,0,1,5,0,4,4,21,0,0.6,4.6,1
2020,00-0032977,R.Higgins,Rashard Higgins,WR,WR,CLE,0,0,0,0,0,0,0,0,52,37,599,4,83.9,120.9,12
2020,00-0032980,M.Johnson,Marcus Johnson,WR,WR,IND,0,0,0,0,0,0,0,0,28,14,255,0,25.5,39.5,8
2020,00-0032986,J.Holtz,J.P. Holtz,TE,TE,CHI,0,0,0,0,0,0,0,0,1,0,0,0,0.0,0.0,1
2020,00-0033006,J.Mickens,Jaydon Mickens,WR,WR,TB,0,0,0,0,0,0,0,0,10,7,58,0,5.800000000000001,12.8,2
2020,00-0033009,T.Boyd,Tyler Boyd,WR,WR,CIN,2,1,16,0,0,5,49,0,110,79,841,4,113.64,192.64,15
2020,00-0033025,J.Richard,Jalen Richard,RB,RB,LV,0,0,0,0,0,22,123,1,23,19,138,0,32.1,51.1,12
2020,00-0033040,T.Hill,Tyreek Hill,WR,WR,KC,0,0,0,0,0,13,123,2,135,87,1276,15,241.9,328.9,15
2020,00-0033045,E.Elliott,Ezekiel Elliott,RB,RB,DAL,0,0,0,0,0,244,979,6,71,52,338,2,171.7,223.7,15
2020,00-0033077,D.Prescott,Dak Prescott,QB,QB,DAL,222,151,1856,9,4,18,93,3,1,1,11,1,134.64000000000001,135.64000000000001,5
2020,00-0033080,S.DeValve,Seth DeValve,TE,TE,ARI,0,0,0,0,0,0,0,0,1,0,0,0,0.0,0.0,1
2020,00-0033083,D.Thompson,Darian Thompson,FS,DB,DAL,0,0,0,0,0,1,3,0,0,0,0,0,0.3,0.3,1
2020,00-0033085,J.Hawkins,Jerald Hawkins,T,OL,PIT,0,0,0,0,0,0,0,0,1,0,0,0,0.0,0.0,1
2020,00-0033090,H.Henry,Hunter Henry,TE,TE,LAC,0,0,0,0,0,0,0,0,93,60,613,4,85.30000000000001,145.3,14
2020,00-0033094,M.Hall,Marvin Hall,WR,WR,CLE,0,0,0,0,0,0,0,0,2,1,12,0,1.2,2.2,1
2020,00-0033094,M.Hall,Marvin Hall,WR,WR,DET,0,0,0,0,0,1,1,0,30,17,290,2,41.1,58.1,10
2020,00-0033106,J.Goff,Jared Goff,QB,QB,LA,552,370,3952,20,13,51,99,4,0,0,0,0,239.98,239.98,15
2020,00-0033110,T.Higbee,Tyler Higbee,TE,TE,LA,0,0,0,0,0,1,1,0,60,44,521,5,84.2,128.2,15
2020,00-0033111,P.Cooper,Pharoh Cooper,WR,WR,CAR,0,0,0,0,0,0,0,0,8,5,73,0,7.300000000000001,12.299999999999999,5
2020,00-0033112,T.Hemingway,Temarrick Hemingway,TE,TE,WAS,0,0,0,0,0,0,0,0,2,1,10,0,1.0,2.0,2
2020,00-0033114,M.Thomas,Mike Thomas,WR,WR,CIN,0,0,0,0,0,1,1,0,21,13,132,1,17.299999999999997,30.299999999999997,10
2020,00-0033118,K.Drake,Kenyan Drake,RB,RB,ARI,0,0,0,0,0,239,955,10,31,25,137,0,167.2,192.2,15
2020,00-0033119,J.Brissett,Jacoby Brissett,QB,QB,IND,8,2,17,0,0,17,19,3,0,0,0,0,20.580000000000002,20.580000000000002,11
2020,00-0033127,W.Fuller,Will Fuller,WR,WR,HOU,0,0,0,0,0,1,0,0,75,53,879,8,135.9,188.9,11
2020,00-0033164,T.Pope,Troymaine Pope,RB,RB,LAC,0,0,0,0,0,15,76,0,10,8,42,0,11.799999999999999,19.8,4
2020,00-0033215,C.Grayson,Cyril Grayson,WR,WR,TB,0,0,0,0,0,0,0,0,3,0,0,0,0.0,0.0,2
2020,00-0033217,M.Alie-Cox,Mo Alie-Cox,TE,TE,IND,0,0,0,0,0,0,0,0,39,31,394,2,49.4,80.4,14
2020,00-0033246,J.Mundt,Johnny Mundt,TE,TE,LA,0,0,0,0,0,0,0,0,4,4,53,0,5.3,9.3,2
2020,00-0033251,Z.Pascal,Zach Pascal,WR,WR,IND,1,0,0,0,0,0,0,0,71,44,629,5,92.9,136.9,16
2020,00-0033258,D.Daniels,Darrell Daniels,TE,TE,ARI,0,0,0,0,0,0,0,0,11,8,92,1,15.2,23.2,8
2020,00-0033266,J.Natson,JoJo Natson,WR,WR,CLE,0,0,0,0,0,1,3,0,0,0,0,0,0.3,0.3,1
2020,00-0033275,P.Walker,P.J. Walker,QB,QB,CAR,56,32,368,1,5,5,-2,0,1,0,0,0,8.52,8.52,4
2020,00-0033280,C.McCaffrey,Christian McCaffrey,RB,RB,CAR,0,0,0,0,0,59,225,5,19,17,149,1,73.4,90.4,3
2020,00-0033282,C.Samuel,Curtis Samuel,WR,WR,CAR,0,0,0,0,0,41,200,2,97,77,851,3,135.1,212.1,15
2020,00-0033288,G.Kittle,George Kittle,TE,TE,SF,0,0,0,0,0,2,17,0,63,48,634,2,77.10000000000001,125.1,8
2020,00-0033292,T.Taylor,Trent Taylor,WR,WR,SF,0,0,0,0,0,0,0,0,21,10,86,0,8.6,18.6,7
2020,00-0033293,A.Jones,Aaron Jones,RB,RB,GB,0,0,0,0,0,201,1104,9,63,47,355,2,211.9,258.90000000000003,14
2020,00-0033296,A.Armah,Alex Armah,RB,RB,CAR,0,0,0,0,0,6,9,0,9,5,18,0,2.7,7.7,12
2020,00-0033307,K.Bourne,Kendrick Bourne,WR,WR,SF,0,0,0,0,0,0,0,0,74,49,667,2,80.7,129.7,15
2020,00-0033308,M.Breida,Matt Breida,RB,RB,MIA,0,0,0,0,0,59,254,0,10,9,96,0,33.0,42.0,10
2020,00-0033319,N.Mullens,Nick Mullens,QB,QB,SF,326,211,2437,12,12,9,8,0,0,0,0,0,116.28,116.28,10
2020,00-0033338,C.Carter,Cethan Carter,TE,TE,CIN,0,0,0,0,0,0,0,0,7,5,53,0,5.300000000000001,10.3,6
2020,00-0033357,T.Hill,Taysom Hill,TE,TE,NO,121,88,928,4,2,87,457,8,12,8,98,1,148.62,156.62,16
2020,00-0033367,C.Board,C.J. Board,WR,WR,NYG,0,0,0,0,0,1,3,0,16,11,101,0,10.4,21.4,9
2020,00-0033375,T.Patrick,Tim Patrick,WR,WR,DEN,0,0,0,0,0,0,0,0,79,51,742,6,110.2,161.2,15
2020,00-0033376,P.Ricard,Patrick Ricard,FB,RB,BAL,0,0,0,0,0,1,-1,0,12,9,45,1,8.399999999999999,17.4,8
2020,00-0033382,A.Carr,Austin Carr,WR,WR,NO,0,0,0,0,0,0,0,0,4,3,27,1,8.7,11.7,4
2020,00-0033386,C.Hollister,Cody Hollister,WR,WR,TEN,0,0,0,0,0,0,0,0,1,1,12,0,1.2,2.2,1
2020,00-0033387,J.Hollister,Jacob Hollister,TE,TE,SEA,0,0,0,0,0,0,0,0,40,25,209,3,40.9,65.9,13
2020,00-0033421,A.Auclair,Antony Auclair,TE,TE,TB,0,0,0,0,0,0,0,0,1,0,0,0,0.0,0.0,1
2020,00-0033439,P.Brown,Pharaoh Brown,TE,TE,HOU,0,0,0,0,0,0,0,0,16,14,163,2,28.3,42.3,8
2020,00-0033455,A.Firkser,Anthony Firkser,TE,TE,TEN,0,0,0,0,0,0,0,0,53,39,387,1,44.699999999999996,83.7,15
2020,00-0033460,J.Ross,John Ross,WR,WR,CIN,0,0,0,0,0,0,0,0,7,2,17,0,1.7,3.7,2
2020,00-0033466,I.McKenzie,Isaiah McKenzie,WR,WR,BUF,1,1,12,1,0,10,9,0,34,30,282,5,69.58,99.58,15
2020,00-0033471,I.Ford,Isaiah Ford,WR,WR,MIA,0,0,0,0,0,0,0,0,44,28,276,0,27.6,55.6,9
2020,00-0033474,G.Dieter,Gehrig Dieter,WR,WR,KC,0,0,0,0,0,0,0,0,2,1,10,0,1.0,2.0,1
2020,00-0033481,M.Kemp,Marcus Kemp,WR,WR,KC,0,0,0,0,0,0,0,0,1,1,11,0,1.1,2.1,1
2020,00-0033526,S.Perine,Samaje Perine,RB,RB,CIN,0,0,0,0,0,63,301,3,12,11,66,0,54.7,65.7,11
2020,00-0033528,J.Sprinkle,Jeremy Sprinkle,TE,TE,WAS,0,0,0,0,0,0,0,0,3,1,6,0,0.6,1.6,3
2020,00-0033536,M.Williams,Mike Williams,WR,WR,LAC,0,0,0,0,0,1,1,0,85,48,756,5,105.69999999999999,153.7,14
2020,00-0033537,D.Watson,Deshaun Watson,QB,QB,HOU,544,382,4823,33,7,90,444,3,0,0,0,0,369.32,369.32,16
2020,00-0033553,J.Conner,James Conner,RB,RB,PIT,0,0,0,0,0,169,721,6,43,35,215,0,129.6,164.6,13
2020,00-0033555,M.Hollins,Mack Hollins,WR,WR,MIA,0,0,0,0,0,0,0,0,25,16,176,1,21.599999999999998,37.6,9
2020,00-0033556,T.Cohen,Tarik Cohen,RB,RB,CHI,0,0,0,0,0,14,74,0,9,6,41,0,11.5,17.5,3
2020,00-0033564,J.Butt,Jake Butt,TE,TE,DEN,0,0,0,0,0,0,0,0,4,2,5,0,0.5,2.5,3
2020,00-0033567,B.Hill,Brian Hill,RB,RB,ATL,0,0,0,0,0,100,465,1,30,25,199,0,70.4,95.4,16
2020,00-0033572,J.Agnew,Jamal Agnew,WR,WR,DET,1,0,0,0,0,6,33,0,20,13,89,0,18.2,31.200000000000003,13
2020,00-0033576,E.Saubert,Eric Saubert,TE,TE,JAX,0,0,0,0,0,0,0,0,4,3,16,0,1.6,4.6,4
2020,00-0033589,D.Moore,David Moore,WR,WR,SEA,0,0,0,0,0,8,61,0,47,35,417,6,83.8,118.8,16
2020,00-0033591,N.Brown,Noah Brown,WR,WR,DAL,0,0,0,0,0,1,4,0,24,14,154,0,15.799999999999999,29.8,9
2020,00-0033594,C.Carson,Chris Carson,RB,RB,SEA,0,0,0,0,0,141,681,5,46,37,287,4,150.8,187.8,12
2020,00-0033611,R.Seals-Jones,Ricky Seals-Jones,TE,TE,KC,0,0,0,0,0,0,0,0,1,0,0,0,0.0,0.0,1
2020,00-0033627,J.Croom,Jason Croom,TE,TE,PHI,0,0,0,0,0,0,0,0,1,1,3,1,6.3,7.3,1
2020,00-0033658,B.Jarwin,Blake Jarwin,TE,TE,DAL,0,0,0,0,0,0,0,0,1,1,12,0,1.2,2.2,1
2020,00-0033681,K.Cole,Keelan Cole,WR,WR,JAX,0,0,0,0,0,1,2,0,88,55,642,5,100.39999999999999,155.4,16
2020,00-0033699,A.Ekeler,Austin Ekeler,RB,RB,LAC,0,0,0,0,0,116,530,1,65,54,403,2,111.3,165.3,10
2020,00-0033720,C.Thompson,Colin Thompson,TE,TE,CAR,0,0,0,0,0,0,0,0,2,1,7,1,6.7,7.7,2
2020,00-0033725,C.Clement,Corey Clement,RB,RB,PHI,0,0,0,0,0,21,75,1,6,5,25,0,16.0,21.0,8
2020,00-0033733,G.Ward,Greg Ward,WR,WR,PHI,1,1,15,0,0,2,-4,0,79,53,419,6,80.1,133.1,16
2020,00-0033757,R.Tonyan,Robert Tonyan,TE,TE,GB,0,0,0,0,0,0,0,0,59,52,586,11,124.6,176.6,15
2020,00-0033791,B.Wilson,Brandon Wilson,FS,DB,CIN,0,0,0,0,0,0,0,0,0,0,0,0,6.0,6.0,1
2020,00-0033798,M.Schreck,Mason Schreck,TE,TE,CIN,0,0,0,0,0,0,0,0,1,0,0,0,0.0,0.0,1
2020,00-0033839,D.Westbrook,Dede Westbrook,WR,WR,JAX,0,0,0,0,0,0,0,0,1,1,4,0,0.4,1.4,1
2020,00-0033840,C.Hansen,Chad Hansen,WR,WR,HOU,0,0,0,0,0,0,0,0,24,17,236,1,29.599999999999998,46.6,5
2020,00-0033854,D.Ogunbowale,Dare Ogunbowale,RB,RB,JAX,0,0,0,0,0,32,145,0,20,10,54,0,19.9,29.9,7
2020,00-0033856,L.Fournette,Leonard Fournette,RB,RB,TB,0,0,0,0,0,97,367,6,47,36,233,0,96.0,132.0,12
2020,00-0033857,J.Smith-Schuster,JuJu Smith-Schuster,WR,WR,PIT,0,0,0,0,0,0,0,0,128,97,831,9,137.1,234.1,16
2020,00-0033858,J.Smith,Jonnu Smith,TE,TE,TEN,0,0,0,0,0,2,4,1,65,41,448,8,99.2,140.2,14
2020,00-0033859,J.Malone,Josh Malone,WR,WR,NYJ,0,0,0,0,0,1,12,0,6,4,16,0,2.8,6.8,1
2020,00-0033869,M.Trubisky,Mitchell Trubisky,QB,QB,CHI,297,199,2055,16,8,33,195,1,0,0,0,0,153.7,153.7,10
2020,00-0033871,C.Davis,Corey Davis,WR,WR,TEN,0,0,0,0,0,0,0,0,92,65,984,5,126.39999999999999,191.4,14
2020,00-0033873,P.Mahomes,Patrick Mahomes,QB,QB,KC,588,390,4740,38,6,62,308,2,2,0,0,0,374.4,374.4,15
2020,00-0033879,O.Howard,O.J. Howard,TE,TE,TB,0,0,0,0,0,0,0,0,19,11,146,2,26.6,37.6,4
2020,00-0033881,E.Engram,Evan Engram,TE,TE,NYG,0,0,0,0,0,6,26,1,109,63,654,1,78.0,141.0,16
2020,00-0033885,D.Njoku,David Njoku,TE,TE,CLE,0,0,0,0,0,0,0,0,29,19,213,2,33.3,52.3,11
2020,00-0033891,Z.Jones,Zay Jones,WR,WR,LV,1,1,29,0,0,0,0,0,20,14,154,1,22.560000000000002,36.56,11
2020,00-0033893,D.Cook,Dalvin Cook,RB,RB,MIN,0,0,0,0,0,312,1557,16,54,44,361,1,293.8,337.8,14
2020,00-0033895,G.Everett,Gerald Everett,TE,TE,LA,0,0,0,0,0,1,2,1,62,41,417,1,51.900000000000006,92.9,15
2020,00-0033896,A.Shaheen,Adam Shaheen,TE,TE,MIA,0,0,0,0,0,0,0,0,22,12,150,3,33.0,45.0,13
2020,00-0033897,J.Mixon,Joe Mixon,RB,RB,CIN,0,0,0,0,0,119,428,3,26,21,138,1,78.60000000000001,99.60000000000001,6
2020,00-0033906,A.Kamara,Alvin Kamara,RB,RB,NO,0,0,0,0,0,187,932,16,107,83,756,5,294.8,377.8,15
2020,00-0033908,C.Kupp,Cooper Kupp,WR,WR,LA,0,0,0,0,0,4,33,0,124,92,974,3,118.7,210.7,15
2020,00-0033911,T.Taylor,Taywan Taylor,WR,WR,CLE,0,0,0,0,0,0,0,0,1,0,0,0,0.0,0.0,1
2020,00-0033921,C.Godwin,Chris Godwin,WR,WR,TB,0,0,0,0,0,0,0,0,84,65,840,7,126.0,191.0,12
2020,00-0033923,K.Hunt,Kareem Hunt,RB,RB,CLE,0,0,0,0,0,198,841,6,51,38,304,5,180.5,218.5,16
2020,00-0033925,D.Foreman,D'Onta Foreman,RB,RB,TEN,0,0,0,0,0,22,95,0,1,1,5,1,16.0,17.0,5
2020,00-0033932,K.Golladay,Kenny Golladay,WR,WR,DET,0,0,0,0,0,0,0,0,32,20,338,2,45.8,65.8,5
2020,00-0033936,C.Beathard,C.J. Beathard,QB,QB,SF,104,66,787,6,0,6,28,0,0,0,0,0,52.28,52.28,6
2020,00-0033943,J.Reynolds,Josh Reynolds,WR,WR,LA,0,0,0,0,0,1,5,0,81,52,618,2,74.3,126.3,16
2020,00-0033948,J.Williams,Jamaal Williams,RB,RB,GB,0,0,0,0,0,119,505,2,35,31,236,1,96.1,127.1,14
2020,00-0033949,J.Dobbs,Joshua Dobbs,QB,QB,PIT,5,4,2,0,0,2,20,0,0,0,0,0,2.08,2.08,1
2020,00-0033950,W.Gallman,Wayne Gallman,RB,RB,NYG,0,0,0,0,0,147,682,6,27,21,114,0,115.6,136.6,14
2020,00-0033951,M.Mack,Marlon Mack,RB,RB,IND,0,0,0,0,0,4,26,0,3,3,30,0,5.6,8.6,1
2020,00-0033955,J.McNichols,Jeremy McNichols,RB,RB,TEN,0,0,0,0,0,47,204,1,17,12,55,0,31.900000000000002,43.9,15
2020,00-0033958,N.Peterman,Nathan Peterman,QB,QB,LV,5,3,25,0,0,1,9,0,0,0,0,0,1.9,1.9,1
2020,00-0034011,D.Arnold,Dan Arnold,TE,TE,ARI,0,0,0,0,0,0,0,0,45,31,438,4,65.8,96.8,14
2020,00-0034052,B.Zylstra,Brandon Zylstra,WR,WR,CAR,0,0,0,0,0,1,1,0,4,3,35,0,9.6,12.6,5
2020,00-0034054,R.Cracraft,River Cracraft,WR,WR,SF,0,0,0,0,0,0,0,0,9,6,41,0,4.1,10.1,3
2020,00-0034073,R.Dwelley,Ross Dwelley,TE,TE,SF,0,0,0,0,0,0,0,0,24,19,245,1,30.5,49.5,10
2020,00-0034081,S.Mitchell,Steven Mitchell,WR,WR,HOU,0,0,0,0,0,0,0,0,8,5,60,0,6.0,11.0,3
2020,00-0034104,C.Sims,Cam Sims,WR,WR,WAS,0,0,0,0,0,1,5,0,48,32,477,1,54.199999999999996,86.2,11
2020,00-0034109,P.Lindsay,Phillip Lindsay,RB,RB,DEN,0,0,0,0,0,118,502,1,14,7,28,0,59.0,66.0,11
2020,00-0034115,J.Wilson,Jeffery Wilson,RB,RB,SF,0,0,0,0,0,126,600,7,28,13,133,3,129.3,142.3,11
2020,00-0034132,C.Blake,Christian Blake,WR,WR,ATL,0,0,0,0,0,0,0,0,18,13,141,0,14.1,27.099999999999998,7
2020,00-0034159,W.Dissly,Will Dissly,TE,TE,SEA,0,0,0,0,0,0,0,0,29,24,251,2,37.1,61.1,14
2020,00-0034164,T.Cannon,Trenton Cannon,RB,RB,CAR,0,0,0,0,0,10,33,0,3,3,16,0,4.9,7.9,5
2020,00-0034169,M.Baugh,Marcus Baugh,TE,TE,WAS,0,0,0,0,0,0,0,0,1,1,2,0,0.2,1.2,1
2020,00-0034171,J.Cabinda,Jason Cabinda,FB,RB,DET,0,0,0,0,0,1,0,0,3,2,8,0,0.8,2.8,3
2020,00-0034177,T.Boyle,Tim Boyle,QB,QB,GB,0,0,0,0,0,13,-9,0,0,0,0,0,-0.9,-0.9,8
2020,00-0034184,G.Edwards,Gus Edwards,RB,RB,BAL,0,0,0,0,0,144,723,6,13,9,129,0,119.2,128.2,16
2020,00-0034192,N.Keizer,Nick Keizer,TE,TE,KC,0,0,0,0,0,0,0,0,9,6,63,0,4.3,10.3,7
2020,00-0034193,K.Rader,Kevin Rader,TE,TE,PIT,0,0,0,0,0,0,0,0,1,0,0,0,0.0,0.0,1
2020,00-0034207,J.Badet,Jeff Badet,WR,WR,WAS,0,0,0,0,0,0,0,0,1,0,0,0,0.0,0.0,1
2020,00-0034208,M.Boone,Mike Boone,RB,RB,MIN,0,0,0,0,0,11,59,1,2,2,10,0,12.9,14.9,5
2020,00-0034253,D.Hilliard,Dontrell Hilliard,RB,RB,CLE,0,0,0,0,0,9,48,0,1,1,2,0,5.0,6.0,2
2020,00-0034267,J.Scott,Jaleel Scott,WR,WR,NYJ,0,0,0,0,0,0,0,0,1,1,16,0,1.6,2.6,1
2020,00-0034270,T.Conklin,Tyler Conklin,TE,TE,MIN,0,0,0,0,0,0,0,0,26,19,194,1,25.4,44.4,7
2020,00-0034272,M.Valdes-Scantling,Marquez Valdes-Scantling,WR,WR,GB,0,0,0,0,0,4,13,0,63,33,690,6,104.3,137.3,14
2020,00-0034273,D.Ratley,Damion Ratley,WR,WR,NYG,0,0,0,0,0,0,0,0,10,4,63,0,6.3,10.3,5
2020,00-0034279,E.St. Brown,Equanimeous St. Brown,WR,WR,GB,0,0,0,0,0,1,7,0,13,7,117,1,18.4,25.4,8
2020,00-0034286,R.James,Richie James,WR,WR,SF,0,0,0,0,0,0,0,0,35,23,394,1,45.4,68.39999999999999,7
2020,00-0034297,B.Pringle,Byron Pringle,WR,WR,KC,0,0,0,0,0,0,0,0,17,13,160,1,28.0,41.0,6
2020,00-0034301,D.Williams,Darrel Williams,RB,RB,KC,0,0,0,0,0,39,169,1,26,18,116,0,36.5,54.5,13
2020,00-0034309,C.Beebe,Chad Beebe,WR,WR,MIN,0,0,0,0,0,0,0,0,30,20,201,2,32.1,52.1,10
2020,00-0034317,K.Kirkwood,Keith Kirkwood,WR,WR,CAR,0,0,0,0,0,0,0,0,2,1,13,0,1.3,2.3,1
2020,00-0034319,D.Yelder,Deon Yelder,TE,TE,KC,0,0,0,0,0,0,0,0,11,7,36,0,3.6,10.6,6
2020,00-0034331,J.Samuels,Jaylen Samuels,RB,RB,PIT,0,0,0,0,0,9,28,0,14,9,46,0,7.4,16.4,8
2020,00-0034348,C.Sutton,Courtland Sutton,WR,WR,DEN,0,0,0,0,0,0,0,0,6,3,66,0,6.6,9.6,1
2020,00-0034349,K.Johnson,Kerryon Johnson,RB,RB,DET,0,0,0,0,0,52,181,2,26,19,187,1,52.8,71.8,14
2020,00-0034351,D.Goedert,Dallas Goedert,TE,TE,PHI,0,0,0,0,0,0,0,0,65,46,524,3,70.4,116.4,11
2020,00-0034353,A.Miller,Anthony Miller,WR,WR,CHI,0,0,0,0,0,2,12,0,76,49,485,2,59.7,108.7,16
2020,00-0034364,J.Akins,Jordan Akins,TE,TE,HOU,0,0,0,0,0,1,4,0,49,37,403,1,46.7,83.7,13
2020,00-0034365,I.Thomas,Ian Thomas,TE,TE,CAR,0,0,0,0,0,0,0,0,31,20,145,1,20.5,40.5,13
2020,00-0034366,K.Coutee,Keke Coutee,WR,WR,HOU,0,0,0,0,0,0,0,0,40,33,400,3,56.0,89.0,8
2020,00-0034367,N.Miller-Hines,Nyheim Miller-Hines,RB,RB,IND,0,0,0,0,0,89,380,3,76,63,482,4,130.2,193.2,16
2020,00-0034370,D.Hamilton,DaeSean Hamilton,WR,WR,DEN,0,0,0,0,0,0,0,0,44,23,293,2,39.3,62.3,12
2020,00-0034378,I.Smith,Ito Smith,RB,RB,ATL,0,0,0,0,0,63,268,1,26,17,75,0,40.3,57.3,14
2020,00-0034383,D.Schultz,Dalton Schultz,TE,TE,DAL,0,0,0,0,0,0,0,0,89,63,615,4,83.5,146.5,16
2020,00-0034386,J.Watson,Justin Watson,WR,WR,TB,0,0,0,0,0,0,0,0,11,7,94,0,9.399999999999999,16.4,3
2020,00-0034391,S.Neal,Siran Neal,CB,DB,BUF,0,0,0,0,0,0,0,0,1,1,13,0,1.3,2.3,1
2020,00-0034393,T.Fumagalli,Troy Fumagalli,TE,TE,DEN,0,0,0,0,0,0,0,0,15,8,80,1,14.0,22.0,7
2020,00-0034395,D.Fountain,Daurice Fountain,WR,WR,IND,0,0,0,0,0,0,0,0,3,2,23,0,2.3,4.3,2
2020,00-0034400,J.Wilkins,Jordan Wilkins,RB,RB,IND,0,0,0,0,0,84,308,1,16,12,105,0,49.300000000000004,61.3,12
2020,00-0034407,R.McCloud,Ray-Ray McCloud,WR,WR,PIT,0,0,0,0,0,4,65,0,22,20,77,0,14.2,34.2,11
2020,00-0034411,R.Gage,Russell Gage,WR,WR,ATL,2,1,39,1,0,2,9,0,109,72,786,4,109.06,181.06,16
2020,00-0034414,B.Scott,Boston Scott,RB,RB,PHI,0,0,0,0,0,80,374,1,36,25,212,1,70.6,95.6,16
2020,00-0034418,C.Wilson,Cedrick Wilson,WR,WR,DAL,2,2,23,1,0,3,-12,0,28,17,189,2,34.62,51.62,10
2020,00-0034419,B.Berrios,Braxton Berrios,WR,WR,NYJ,0,0,0,0,0,3,29,0,55,37,394,3,60.300000000000004,97.3,13
2020,00-0034420,J.Thomas,Jordan Thomas,TE,TE,ARI,0,0,0,0,0,0,0,0,1,1,3,1,6.3,7.3,1
2020,00-0034420,J.Thomas,Jordan Thomas,TE,TE,NE,0,0,0,0,0,0,0,0,1,0,0,0,0.0,0.0,1
2020,00-0034426,J.Wims,Javon Wims,WR,WR,CHI,0,0,0,0,0,1,2,0,12,6,48,1,11.0,17.0,9
2020,00-0034432,B.Scarbrough,Bo Scarbrough,RB,RB,SEA,0,0,0,0,0,6,31,0,0,0,0,0,3.1,3.1,1
2020,00-0034438,L.Woodside,Logan Woodside,QB,QB,TEN,3,1,7,0,0,7,10,0,0,0,0,0,1.28,1.28,5
2020,00-0034439,R.Izzo,Ryan Izzo,TE,TE,NE,0,0,0,0,0,0,0,0,20,13,199,0,17.900000000000002,30.9,10
2020,00-0034440,J.Jackson,Justin Jackson,RB,RB,LAC,0,0,0,0,0,59,270,0,24,19,173,0,46.3,65.3,8
2020,00-0034445,N.Gates,Nick Gates,C,OL,NYG,0,0,0,0,0,0,0,0,1,0,0,0,0.0,0.0,1
2020,00-0034449,B.Howell,Buddy Howell,RB,RB,HOU,0,0,0,0,0,16,64,0,2,1,3,0,6.7,7.7,2
2020,00-0034457,J.Adams,Josh Adams,RB,RB,NYJ,0,0,0,0,0,29,157,2,8,6,29,0,30.6,36.6,6
2020,00-0034487,T.Sherfield,Trent Sherfield,WR,WR,ARI,0,0,0,0,0,0,0,0,7,5,50,0,5.0,10.0,2
2020,00-0034490,E.Turner,Ezekiel Turner,ILB,LB,ARI,0,0,0,0,0,0,0,0,1,1,26,0,2.6,3.6,1
2020,00-0034510,R.Foster,Robert Foster,WR,WR,WAS,0,0,0,0,0,0,0,0,6,2,37,0,3.6999999999999997,5.699999999999999,3
2020,00-0034521,A.Lazard,Allen Lazard,WR,WR,GB,0,0,0,0,0,2,17,0,46,33,451,3,64.8,97.8,10
2020,00-0034577,K.Allen,Kyle Allen,QB,QB,WAS,87,60,610,4,1,7,26,1,0,0,0,0,45.0,45.0,4
2020,00-0034578,R.Bonnafon,Reggie Bonnafon,RB,RB,CAR,0,0,0,0,0,12,69,0,2,2,18,1,14.7,16.7,2
2020,00-0034597,R.Nall,Ryan Nall,RB,RB,CHI,0,0,0,0,0,3,0,0,9,8,67,1,12.700000000000001,20.7,6
2020,00-0034613,T.Hudson,Tanner Hudson,TE,TE,TB,0,0,0,0,0,0,0,0,7,3,41,0,4.1,7.1,4
2020,00-0034631,V.Smith,Vyncint Smith,WR,WR,NYJ,0,0,0,0,0,0,0,0,3,1,13,0,1.3,2.3,2
2020,00-0034646,B.Powell,Brandon Powell,WR,WR,ATL,0,0,0,0,0,2,7,0,18,12,69,2,17.6,29.6,10
2020,00-0034652,C.Batson,Cameron Batson,WR,WR,TEN,0,0,0,0,0,4,20,0,13,12,100,1,18.0,30.0,9
2020,00-0034653,D.Burnett,Deontay Burnett,WR,WR,PHI,0,0,0,0,0,0,0,0,4,3,19,0,1.9,4.9,1
2020,00-0034660,R.Gafford,Rico Gafford,WR,WR,LV,0,0,0,0,0,0,0,0,2,0,0,0,0.0,0.0,2
2020,00-0034676,J.Washington,James Washington,WR,WR,PIT,0,0,0,0,0,0,0,0,56,30,392,5,69.2,99.2,16
2020,00-0034681,C.Edmonds,Chase Edmonds,RB,RB,ARI,0,0,0,0,0,97,448,1,67,53,402,4,115.0,168.0,16
2020,00-0034686,A.Tate,Auden Tate,WR,WR,CIN,0,0,0,0,0,0,0,0,22,14,150,0,15.0,29.0,8
2020,00-0034750,R.Penny,Rashaad Penny,RB,RB,SEA,0,0,0,0,0,11,34,0,0,0,0,0,3.4,3.4,3
2020,00-0034753,M.Andrews,Mark Andrews,TE,TE,BAL,0,0,0,0,0,0,0,0,88,58,701,7,112.1,170.1,14
2020,00-0034764,M.Gallup,Michael Gallup,WR,WR,DAL,0,0,0,0,0,0,0,0,105,59,843,5,114.3,173.3,16
2020,00-0034765,T.Smith,Tre'Quan Smith,WR,WR,NO,0,0,0,0,0,1,3,0,50,34,448,4,69.1,103.1,13
2020,00-0034766,C.Herndon,Christopher Herndon,TE,TE,NYJ,0,0,0,0,0,0,0,0,45,31,287,3,42.7,73.7,11
2020,00-0034771,M.Rudolph,Mason Rudolph,QB,QB,PIT,43,25,324,2,1,7,-6,0,0,0,0,0,18.36,18.36,4
2020,00-0034772,A.Callaway,Antonio Callaway,WR,WR,MIA,0,0,0,0,0,0,0,0,4,2,20,0,2.0,4.0,3
2020,00-0034775,C.Kirk,Christian Kirk,WR,WR,ARI,0,0,0,0,0,2,3,0,79,48,621,6,98.4,146.4,14
2020,00-0034777,D.Chark,D.J. Chark,WR,WR,JAX,0,0,0,0,0,0,0,0,93,53,706,5,100.6,153.6,13
2020,00-0034788,J.Graham,Jaeden Graham,TE,TE,ATL,0,0,0,0,0,0,0,0,5,3,25,0,2.5,5.5,4
2020,00-0034791,N.Chubb,Nick Chubb,RB,RB,CLE,0,0,0,0,0,190,1067,12,18,16,150,0,191.70000000000002,207.70000000000002,12
2020,00-0034796,L.Jackson,Lamar Jackson,QB,QB,BAL,376,242,2757,26,9,159,1005,7,0,0,0,0,332.78,332.78,15
2020,00-0034798,D.Smythe,Durham Smythe,TE,TE,MIA,0,0,0,0,0,0,0,0,29,26,208,2,32.8,58.8,13
2020,00-0034799,K.Ballage,Kalen Ballage,RB,RB,LAC,0,0,0,0,0,88,290,3,27,20,99,0,56.9,76.89999999999999,8
2020,00-0034799,K.Ballage,Kalen Ballage,RB,RB,NYJ,0,0,0,0,0,3,13,0,10,9,67,0,8.0,17.0,3
2020,00-0034816,R.Jones,Ronald Jones,RB,RB,TB,0,0,0,0,0,192,978,7,42,28,165,1,158.3,186.3,14
2020,00-0034827,D.Moore,D.J. Moore,WR,WR,CAR,1,0,0,0,0,2,22,0,118,66,1193,4,145.5,211.5,15
2020,00-0034829,M.Gesicki,Mike Gesicki,TE,TE,MIA,0,0,0,0,0,0,0,0,85,53,703,6,106.3,159.3,15
2020,00-0034830,H.Hurst,Hayden Hurst,TE,TE,ATL,0,0,0,0,0,0,0,0,88,56,571,6,93.1,149.1,16
2020,00-0034837,C.Ridley,Calvin Ridley,WR,WR,ATL,0,0,0,0,0,5,1,0,143,90,1374,9,191.5,281.5,15
2020,00-0034838,R.Freeman,Royce Freeman,RB,RB,DEN,0,0,0,0,0,35,170,0,13,12,81,0,25.1,37.1,11
2020,00-0034844,S.Barkley,Saquon Barkley,RB,RB,NYG,0,0,0,0,0,19,34,0,9,6,60,0,9.399999999999999,15.399999999999999,2
2020,00-0034845,S.Michel,Sony Michel,RB,RB,NE,0,0,0,0,0,79,449,1,9,7,114,1,68.3,75.30000000000001,8
2020,00-0034854,K.Hodge,KhaDarel Hodge,WR,WR,CLE,0,0,0,0,0,0,0,0,17,11,180,0,18.0,29.0,7
2020,00-0034855,B.Mayfield,Baker Mayfield,QB,QB,CLE,486,305,3563,26,8,54,165,1,1,1,6,0,247.62,248.62,16
2020,00-0034857,J.Allen,Josh Allen,QB,QB,BUF,572,396,4544,37,10,102,421,8,1,1,12,1,395.06,396.06,16
2020,00-0034860,D.Pettis,Dante Pettis,WR,WR,NYG,0,0,0,0,0,0,0,0,5,4,76,1,13.600000000000001,17.6,2
2020,00-0034860,D.Pettis,Dante Pettis,WR,WR,SF,0,0,0,0,0,0,0,0,1,0,0,0,0.0,0.0,1
2020,00-0034869,S.Darnold,Sam Darnold,QB,QB,NYJ,364,217,2208,9,11,37,217,2,0,0,0,0,134.02,134.02,12
2020,00-0034899,J.Wolford,John Wolford,QB,QB,LA,38,22,231,0,1,6,56,0,0,0,0,0,12.84,12.84,1
2020,00-0034928,S.Sims,Steven Sims,WR,WR,WAS,0,0,0,0,0,1,18,0,37,27,265,1,34.3,61.3,11
2020,00-0034955,B.Rypien,Brett Rypien,QB,QB,DEN,40,27,295,2,4,5,-5,0,0,0,0,0,11.299999999999999,11.299999999999999,2
2020,00-0034960,J.Meyers,Jakobi Meyers,WR,WR,NE,2,2,43,2,0,2,9,0,81,59,729,0,83.52,142.52,12
2020,00-0034970,I.Smith,Irv Smith,TE,TE,MIN,0,0,0,0,0,0,0,0,43,30,365,5,68.5,98.5,12
2020,00-0034972,A.Mattison,Alexander Mattison,RB,RB,MIN,0,0,0,0,0,96,434,2,15,13,125,1,73.9,86.9,13
2020,00-0034975,J.Hill,Justice Hill,RB,RB,BAL,0,0,0,0,0,12,60,0,5,5,20,0,8.0,13.0,6
2020,00-0034981,F.Moreau,Foster Moreau,TE,TE,LV,0,0,0,0,0,0,0,0,9,7,140,2,26.0,33.0,7
2020,00-0034983,H.Renfrow,Hunter Renfrow,WR,WR,LV,0,0,0,0,0,0,0,0,77,56,656,2,75.60000000000001,131.6,16
2020,00-0034988,K.Smith,Kaden Smith,TE,TE,NYG,0,0,0,0,0,0,0,0,21,18,112,0,11.2,29.2,13
2020,00-0034995,D.Williams,Dexter Williams,RB,RB,GB,0,0,0,0,0,2,8,0,0,0,0,0,0.8,0.8,1
2020,00-0035006,O.Johnson,Olabisi Johnson,WR,WR,MIN,0,0,0,0,0,0,0,0,19,14,189,0,20.9,34.9,8
2020,00-0035021,A.Dulin,Ashton Dulin,WR,WR,IND,0,0,0,0,0,2,11,0,6,3,53,0,6.4,9.4,7
2020,00-0035022,P.Hart,Penny Hart,WR,WR,SEA,0,0,0,0,0,1,19,0,1,1,3,0,2.2,3.2,1
2020,00-0035039,S.Carlson,Stephen Carlson,TE,TE,CLE,0,0,0,0,0,0,0,0,2,1,11,0,3.1,4.1,3
2020,00-0035040,D.Blough,David Blough,QB,QB,DET,10,6,49,0,1,1,18,0,0,0,0,0,1.76,1.76,1
2020,00-0035042,J.Gillan,Jamie Gillan,P,SPEC,CLE,0,0,0,0,0,1,-2,0,0,0,0,0,-2.2,-2.2,1
2020,00-0035099,K.Blasingame,Khari Blasingame,FB,RB,TEN,0,0,0,0,0,0,0,0,5,4,39,0,3.9000000000000004,7.9,5
2020,00-0035102,B.Dillon,Brandon Dillon,TE,TE,MIN,0,0,0,0,0,0,0,0,1,1,6,0,0.6,1.6,1
2020,00-0035125,A.Ingold,Alec Ingold,FB,RB,LV,0,0,0,0,0,3,4,0,17,12,110,1,17.4,29.400000000000002,11
2020,00-0035140,M.Hardman,Mecole Hardman,WR,WR,KC,0,0,0,0,0,4,31,0,62,41,560,4,89.1,130.1,16
2020,00-0035146,T.McSorley,Trace McSorley,QB,QB,BAL,10,3,90,1,0,5,17,0,0,0,0,0,9.299999999999999,9.299999999999999,2
2020,00-0035148,D.Thompson,Darwin Thompson,RB,RB,KC,0,0,0,0,0,27,97,1,11,7,65,1,26.2,33.2,5
2020,00-0035161,J.Lovett,John Lovett,QB,QB,GB,0,0,0,0,0,3,6,0,0,0,0,0,0.6,0.6,1
2020,00-0035181,D.Shepherd,Darrius Shepherd,WR,WR,GB,0,0,0,0,0,0,0,0,8,5,46,0,4.6000000000000005,9.6,6
2020,00-0035184,D.Ozigbo,Devine Ozigbo,RB,RB,JAX,0,0,0,0,0,1,1,0,9,9,42,0,4.3,13.3,4
2020,00-0035187,A.Walter,Austin Walter,RB,RB,SF,0,0,0,0,0,1,3,0,1,1,27,0,3.0,4.0,1
2020,00-0035190,A.Cole,A.J. Cole,P,SPEC,LV,0,0,0,0,0,1,0,0,0,0,0,0,0.0,0.0,1
2020,00-0035208,O.Zaccheaus,Olamide Zaccheaus,WR,WR,ATL,0,0,0,0,0,1,0,0,32,20,274,1,33.4,53.400000000000006,9
2020,00-0035215,D.Harty,Deonte Harty,WR,WR,NO,0,0,0,0,0,6,51,0,25,20,186,1,29.7,49.7,9
2020,00-0035216,D.Johnson,Diontae Johnson,WR,WR,PIT,0,0,0,0,0,3,15,0,144,88,923,7,135.8,223.8,15
2020,00-0035217,B.Snell,Benny Snell,RB,RB,PIT,0,0,0,0,0,111,368,4,14,10,61,0,64.9,74.9,15
2020,00-0035228,K.Murray,Kyler Murray,QB,QB,ARI,558,375,3971,26,12,133,819,11,0,0,0,0,378.74,378.74,16
2020,00-0035229,T.Hockenson,T.J. Hockenson,TE,TE,DET,0,0,0,0,0,1,0,0,101,67,723,6,108.3,175.3,16
2020,00-0035232,D.Haskins,Dwayne Haskins,QB,QB,WAS,241,148,1439,5,7,20,46,1,0,0,0,0,68.16,68.16,7
2020,00-0035243,M.Sanders,Miles Sanders,RB,RB,PHI,0,0,0,0,0,164,867,6,52,28,197,0,142.4,170.4,12
2020,00-0035246,J.Arcega-Whiteside,J.J. Arcega-Whiteside,WR,WR,PHI,0,0,0,0,0,0,0,0,8,4,85,0,10.5,14.5,5
2020,00-0035250,D.Singletary,Devin Singletary,RB,RB,BUF,0,0,0,0,0,156,687,2,50,38,269,0,105.6,143.6,16
2020,00-0035259,T.Wesco,Trevon Wesco,TE,TE,NYJ,0,0,0,0,0,1,0,0,2,1,5,0,0.5,1.5,2
2020,00-0035261,T.Pollard,Tony Pollard,RB,RB,DAL,0,0,0,0,0,101,435,4,40,28,193,1,92.8,120.8,16
2020,00-0035264,J.Stidham,Jarrett Stidham,QB,QB,NE,44,22,256,2,3,7,7,0,0,0,0,0,12.940000000000001,12.940000000000001,5
2020,00-0035273,Q.Ollison,Qadree Ollison,RB,RB,ATL,0,0,0,0,0,1,3,0,0,0,0,0,0.3,0.3,1
2020,00-0035282,E.Stick,Easton Stick,QB,QB,LAC,1,1,4,0,0,1,-2,0,0,0,0,0,-0.04,-0.04,1
2020,00-0035287,K.Johnson,KeeSean Johnson,WR,WR,ARI,0,0,0,0,0,0,0,0,23,15,173,0,17.3,32.3,8
2020,00-0035289,G.Minshew,Gardner Minshew,QB,QB,JAX,327,216,2259,16,5,29,153,1,1,1,0,0,159.66,160.66,9
2020,00-0035290,J.Johnson,Jaquan Johnson,FS,DB,BUF,1,1,13,0,0,0,0,0,0,0,0,0,0.52,0.52,1
2020,00-0035291,T.Williams,Trayveon Williams,RB,RB,CIN,0,0,0,0,0,26,157,0,5,5,30,0,16.700000000000003,21.7,6
2020,00-0035298,S.Miller,Scott Miller,WR,WR,TB,0,0,0,0,0,3,14,0,53,33,501,3,69.5,102.5,14
2020,00-0035304,C.Gillaspia,Cullen Gillaspia,FB,RB,HOU,0,0,0,0,0,0,0,0,1,1,6,0,0.6,1.6,1
2020,00-0035310,C.Cox,Chandler Cox,FB,RB,MIA,0,0,0,0,0,0,0,0,2,2,9,0,0.8999999999999999,2.9000000000000004,2
2020,00-0035311,M.Gaskin,Myles Gaskin,RB,RB,MIA,0,0,0,0,0,142,584,3,47,41,388,2,123.19999999999999,164.2,10
2020,00-0035313,T.Godwin,Terry Godwin,WR,WR,JAX,0,0,0,0,0,1,3,0,6,3,32,0,3.5,6.5,2
2020,00-0035327,C.Moore,C.J. Moore,FS,DB,DET,0,0,0,0,0,1,3,0,0,0,0,0,0.3,0.3,1
2020,00-0035329,D.Parham,Donald Parham,TE,TE,LAC,0,0,0,0,0,0,0,0,20,10,159,3,33.9,43.9,10
2020,00-0035341,T.Irwin,Trenton Irwin,WR,WR,CIN,0,0,0,0,0,0,0,0,2,1,5,0,0.5,1.5,1
2020,00-0035342,P.Laird,Patrick Laird,RB,RB,MIA,0,0,0,0,0,13,72,0,12,10,68,0,12.0,22.0,9
2020,00-0035350,P.Williams,Preston Williams,WR,WR,MIA,0,0,0,0,0,0,0,0,35,18,288,4,56.8,74.8,8
2020,00-0035406,L.Humphrey,Lil'Jordan Humphrey,WR,WR,NO,0,0,0,0,0,0,0,0,5,3,46,1,10.6,13.600000000000001,2
2020,00-0035414,J.Guyton,Jalen Guyton,WR,WR,LAC,0,0,0,0,0,2,0,0,55,28,511,3,69.1,97.1,16
2020,00-0035457,T.Johnson,Tyron Johnson,WR,WR,LAC,0,0,0,0,0,3,17,0,26,20,398,3,59.5,79.5,11
2020,00-0035480,M.Taylor,Malik Taylor,WR,WR,GB,0,0,0,0,0,1,9,0,6,5,66,1,13.5,18.5,6
2020,00-0035510,J.Smith,Jeff Smith,WR,WR,NYJ,0,0,0,0,0,0,0,0,37,17,167,0,16.7,33.7,8
2020,00-0035527,A.Isabella,Andy Isabella,WR,WR,ARI,0,0,0,0,0,1,-6,0,35,21,224,2,33.8,54.8,11
2020,00-0035529,H.Butler,Hakeem Butler,WR,WR,PHI,0,0,0,0,0,0,0,0,1,0,0,0,0.0,0.0,1
2020,00-0035535,D.Slayton,Darius Slayton,WR,WR,NYG,0,0,0,0,0,2,-1,0,96,50,751,3,91.0,141.0,16
2020,00-0035537,T.Johnson,Ty Johnson,RB,RB,DET,0,0,0,0,0,0,0,0,1,0,0,0,0.0,0.0,1
2020,00-0035537,T.Johnson,Ty Johnson,RB,RB,NYJ,0,0,0,0,0,54,254,1,20,16,99,1,47.3,63.3,9
2020,00-0035539,I.Nauta,Isaac Nauta,TE,TE,DET,0,0,0,0,0,0,0,0,2,1,3,0,0.3,1.3,2
2020,00-0035551,T.Brooks-James,Tony Brooks-James,RB,RB,ATL,0,0,0,0,0,3,4,0,0,0,0,0,0.4,0.4,1
2020,00-0035567,C.Reynolds,Craig Reynolds,RB,RB,JAX,0,0,0,0,0,1,4,0,1,1,3,0,0.7,1.7,1
2020,00-0035590,R.Ridley,Riley Ridley,WR,WR,CHI,0,0,0,0,0,0,0,0,4,4,39,0,3.9,7.9,2
2020,00-0035592,T.Fulgham,Travis Fulgham,WR,WR,PHI,0,0,0,0,0,0,0,0,67,38,539,4,77.9,115.9,12
2020,00-0035594,T.Homer,Travis Homer,RB,RB,SEA,0,0,0,0,0,25,88,0,10,9,90,1,23.8,32.8,9
2020,00-0035624,N.Harry,N'Keal Harry,TE,TE,NE,0,0,0,0,0,2,0,0,57,33,309,2,42.9,75.9,13
2020,00-0035628,D.Johnson,D'Ernest Johnson,RB,RB,CLE,0,0,0,0,0,33,166,0,4,3,14,0,18.0,21.0,8
2020,00-0035631,D.Sample,Drew Sample,TE,TE,CIN,0,0,0,0,0,0,0,0,53,40,349,1,38.9,78.9,16
2020,00-0035632,A.Hooker,Amani Hooker,FS,DB,TEN,0,0,0,0,0,1,4,0,0,0,0,0,0.4,0.4,1
2020,00-0035639,P.Campbell,Parris Campbell,WR,WR,IND,0,0,0,0,0,2,16,0,9,6,71,0,8.7,14.7,2
2020,00-0035640,D.Metcalf,DK Metcalf,WR,WR,SEA,0,0,0,0,0,0,0,0,129,83,1303,10,190.3,273.3,16
2020,00-0035644,N.Fant,Noah Fant,TE,TE,DEN,0,0,0,0,0,0,0,0,93,62,673,3,87.3,149.3,14
2020,00-0035645,G.Olszewski,Gunner Olszewski,WR,WR,NE,0,0,0,0,0,5,23,0,5,5,62,1,20.5,25.5,6
2020,00-0035652,R.Finley,Ryan Finley,QB,QB,CIN,32,17,164,1,2,11,66,1,0,0,0,0,19.16,19.16,4
2020,00-0035657,D.Harris,Damien Harris,RB,RB,NE,0,0,0,0,0,137,691,2,7,5,52,0,86.3,91.3,10
2020,00-0035659,T.McLaurin,Terry McLaurin,WR,WR,WAS,0,0,0,0,0,2,30,0,134,87,1118,4,136.8,223.8,15
2020,00-0035660,K.Warring,Kahale Warring,TE,TE,HOU,0,0,0,0,0,0,0,0,7,3,35,0,3.5,6.5,4
2020,00-0035662,M.Brown,Marquise Brown,WR,WR,BAL,0,0,0,0,0,1,1,0,100,58,769,8,125.0,183.0,16
2020,00-0035664,D.Henderson,Darrell Henderson,RB,RB,LA,0,0,0,0,0,138,624,5,24,16,155,1,113.9,129.9,15
2020,00-0035671,J.Sternberger,Jace Sternberger,TE,TE,GB,0,0,0,0,0,0,0,0,15,12,114,1,17.4,29.4,8
2020,00-0035676,A.Brown,A.J. Brown,WR,WR,TEN,0,0,0,0,0,0,0,0,106,70,1075,11,177.5,247.5,14
2020,00-0035685,D.Montgomery,David Montgomery,RB,RB,CHI,0,0,0,0,0,247,1070,8,68,54,438,2,210.8,264.8,15
2020,00-0035689,D.Knox,Dawson Knox,TE,TE,BUF,0,0,0,0,0,0,0,0,44,24,288,3,42.8,66.8,11
2020,00-0035700,J.Jacobs,Josh Jacobs,RB,RB,LV,0,0,0,0,0,273,1065,12,45,33,238,0,198.3,231.3,15
2020,00-0035703,M.Boykin,Miles Boykin,WR,WR,BAL,0,0,0,0,0,0,0,0,33,19,266,4,50.6,69.6,13
2020,00-0035704,D.Lock,Drew Lock,QB,QB,DEN,443,254,2933,16,15,44,160,3,0,0,0,0,181.32,181.32,13
2020,00-0035710,D.Jones,Daniel Jones,QB,QB,NYG,448,280,2943,11,10,65,423,1,0,0,0,0,180.02,180.02,14
2020,00-0035719,D.Samuel,Deebo Samuel,WR,WR,SF,0,0,0,0,0,8,26,0,44,33,391,1,47.699999999999996,80.7,7
2020,00-0035726,J.Johnson,Jakob Johnson,FB,RB,NE,0,0,0,0,0,0,0,0,9,8,35,1,9.5,17.5,7
2020,00-0035752,C.Streveler,Chris Streveler,QB,QB,ARI,16,11,105,1,1,4,15,0,0,0,0,0,7.7,7.7,2
2020,00-0035806,J.Hasty,Jamycal Hasty,RB,RB,SF,0,0,0,0,0,39,148,1,8,7,33,0,24.099999999999998,31.1,6
2020,00-0035823,B.Ellefson,Ben Ellefson,TE,TE,JAX,0,0,0,0,0,0,0,0,4,1,10,0,3.0,4.0,3
2020,00-0035831,J.Robinson,James Robinson,RB,RB,JAX,0,0,0,0,0,240,1070,7,60,49,344,3,201.4,250.4,14
2020,00-0035848,D.Harris,DeMichael Harris,WR,WR,IND,0,0,0,0,0,6,46,0,10,10,79,0,12.5,22.5,6
2020,00-0035860,T.Jones,Tony Jones,RB,RB,NO,0,0,0,0,0,3,13,0,0,0,0,0,1.3,1.3,1
2020,00-0035864,K.Hinton,Kendall Hinton,WR,WR,DEN,9,1,13,0,2,2,7,0,0,0,0,0,-2.78,-2.78,1
2020,00-0035869,A.Mack,Austin Mack,WR,WR,NYG,0,0,0,0,0,0,0,0,11,7,91,0,9.1,16.099999999999998,5
2020,00-0035889,T.Townsend,Tommy Townsend,P,SPEC,KC,1,1,13,0,0,0,0,0,0,0,0,0,0.52,0.52,1
2020,00-0035908,G.Nabers,Gabe Nabers,FB,RB,LAC,0,0,0,0,0,2,7,0,7,5,25,2,15.200000000000001,20.2,8
2020,00-0035912,L.Bellamy,LeVante Bellamy,RB,RB,DEN,0,0,0,0,0,4,11,0,1,1,5,0,1.6,2.6,2
2020,00-0035924,J.Ward,Jonathan Ward,RB,RB,ARI,0,0,0,0,0,0,0,0,1,1,11,1,7.1,8.1,1
2020,00-0035950,M.Hartsfield,Myles Hartsfield,FS,DB,CAR,0,0,0,0,0,2,2,0,0,0,0,0,0.2,0.2,1
2020,00-0035957,R.Smith,Rodney Smith,RB,RB,CAR,0,0,0,0,0,41,156,1,11,9,59,0,27.5,36.5,7
2020,00-0035993,T.Huntley,Tyler Huntley,QB,QB,BAL,5,3,15,0,0,10,23,0,0,0,0,0,2.9,2.9,2
2020,00-0036000,A.Killins,Adrian Killins,RB,RB,PHI,0,0,0,0,0,1,-12,0,1,1,2,0,-1.0,0.0,1
2020,00-0036005,N.Togiai,Noah Togiai,TE,TE,IND,0,0,0,0,0,0,0,0,1,0,0,0,0.0,0.0,1
2020,00-0036008,H.Bryant,Hunter Bryant,TE,TE,DET,0,0,0,0,0,0,0,0,3,1,44,0,4.4,5.4,2
2020,00-0036020,S.Ahmed,Salvon Ahmed,RB,RB,MIA,0,0,0,0,0,75,319,3,14,11,61,0,58.0,69.0,6
2020,00-0036040,J.Johnson,Juwan Johnson,TE,TE,NO,0,0,0,0,0,0,0,0,10,4,39,0,3.9,7.9,5
2020,00-0036069,S.Phillips,Scottie Phillips,RB,RB,HOU,0,0,0,0,0,2,9,0,1,1,7,0,1.6,2.6,1
2020,00-0036096,J.Taylor,J.J. Taylor,RB,RB,NE,0,0,0,0,0,23,110,0,2,1,4,0,11.399999999999999,12.4,5
2020,00-0036100,I.Zuber,Isaiah Zuber,WR,WR,NE,0,0,0,0,0,2,21,0,2,2,29,0,5.0,7.0,4
2020,00-0036110,J.Bradley,Ja'Marcus Bradley,WR,WR,CLE,0,0,0,0,0,0,0,0,11,5,60,0,6.0,11.0,1
2020,00-0036133,J.Proche,James Proche,WR,WR,BAL,0,0,0,0,0,0,0,0,3,1,14,0,1.4,2.4,3
2020,00-0036139,R.Dowdle,Rico Dowdle,RB,RB,DAL,0,0,0,0,0,7,24,0,0,0,0,0,2.4000000000000004,2.4000000000000004,2
2020,00-0036142,I.Wright,Isaiah Wright,WR,WR,WAS,1,0,0,0,0,3,16,0,35,27,197,0,21.3,48.3,11
2020,00-0036145,L.Cager,Lawrence Cager,TE,TE,NYJ,0,0,0,0,0,0,0,0,6,2,35,0,3.5,5.5,2
2020,00-0036158,J.Dobbins,J.K. Dobbins,RB,RB,BAL,0,0,0,0,0,134,805,9,24,18,120,0,150.5,168.5,15
2020,00-0036171,A.Brewer,Aaron Brewer,G,OL,TEN,0,0,0,0,0,0,0,0,1,0,0,0,0.0,0.0,1
2020,00-0036182,N.Westbrook-Ikhine,Nick Westbrook-Ikhine,WR,WR,TEN,0,0,0,0,0,0,0,0,8,3,33,0,5.3,8.3,8
2020,00-0036187,R.Gilliam,Reggie Gilliam,FB,RB,BUF,0,0,0,0,0,0,0,0,2,2,16,1,7.6,9.6,2
2020,00-0036188,A.Williams,Antonio Williams,RB,RB,BUF,0,0,0,0,0,12,63,2,1,1,20,0,20.3,21.3,1
2020,00-0036194,D.Asiasi,Devin Asiasi,TE,TE,NE,0,0,0,0,0,0,0,0,7,2,39,1,9.9,11.9,4
2020,00-0036196,G.Davis,Gabe Davis,WR,WR,BUF,0,0,0,0,0,1,0,0,62,35,599,7,101.9,136.9,16
2020,00-0036208,A.Pierce,Artavis Pierce,RB,RB,CHI,0,0,0,0,0,6,34,1,0,0,0,0,9.4,9.4,3
2020,00-0036212,T.Tagovailoa,Tua Tagovailoa,QB,QB,MIA,290,186,1814,11,5,36,109,3,0,0,0,0,135.46,135.46,10
2020,00-0036219,M.Callaway,Marquez Callaway,WR,WR,NO,0,0,0,0,0,0,0,0,27,21,213,0,21.3,42.3,6
2020,00-0036222,I.Rodgers,Isaiah Rodgers,CB,DB,IND,0,0,0,0,0,0,0,0,0,0,0,0,6.0,6.0,1
2020,00-0036223,J.Taylor,Jonathan Taylor,RB,RB,IND,0,0,0,0,0,232,1169,11,39,36,299,1,216.8,252.8,15
2020,00-0036225,D.Keene,Dalton Keene,TE,TE,NE,0,0,0,0,0,0,0,0,5,3,16,0,1.6,4.6,3
2020,00-0036232,H.Bryant,Harrison Bryant,TE,TE,CLE,0,0,0,0,0,0,0,0,38,24,238,3,37.800000000000004,61.8,12
2020,00-0036233,D.Peoples-Jones,Donovan Peoples-Jones,WR,WR,CLE,0,0,0,0,0,0,0,0,20,14,304,2,44.4,58.4,7
2020,00-0036244,C.Parkinson,Colby Parkinson,TE,TE,SEA,0,0,0,0,0,0,0,0,2,2,16,0,1.6,3.6,1
2020,00-0036245,M.Perry,Malcolm Perry,RB,RB,MIA,0,0,0,0,0,3,5,0,13,9,92,1,15.7,24.7,8
2020,00-0036247,F.Swain,Freddie Swain,WR,WR,SEA,0,0,0,0,0,0,0,0,21,13,159,2,27.9,40.9,12
2020,00-0036250,T.Davis,Tyler Davis,TE,TE,JAX,0,0,0,0,0,0,0,0,2,0,0,0,0.0,0.0,1
2020,00-0036251,Z.Moss,Zack Moss,RB,RB,BUF,0,0,0,0,0,112,481,4,18,14,95,1,87.60000000000001,101.6,13
2020,00-0036252,M.Pittman,Michael Pittman,WR,WR,IND,0,0,0,0,0,3,26,0,61,40,503,1,58.9,98.9,13
2020,00-0036254,C.Johnson,Collin Johnson,WR,WR,JAX,0,0,0,0,0,0,0,0,31,18,272,2,41.199999999999996,59.2,10
2020,00-0036255,D.Mims,Denzel Mims,WR,WR,NYJ,0,0,0,0,0,0,0,0,44,23,357,0,37.7,60.699999999999996,9
2020,00-0036261,B.Aiyuk,Brandon Aiyuk,WR,WR,SF,0,0,0,0,0,6,77,2,96,60,748,5,124.5,184.5,12
2020,00-0036265,A.Dillon,A.J. Dillon,RB,RB,GB,0,0,0,0,0,46,242,2,2,2,21,0,38.3,40.3,9
2020,00-0036268,L.Shenault,Laviska Shenault Jr.,WR,WR,JAX,0,0,0,0,0,18,91,0,79,58,600,5,99.1,157.1,14
2020,00-0036269,L.Perine,La'Mical Perine,RB,RB,NYJ,0,0,0,0,0,64,232,2,15,11,63,0,41.5,52.5,9
2020,00-0036271,Q.Watkins,Quez Watkins,WR,WR,PHI,0,0,0,0,0,0,0,0,13,7,106,1,16.6,23.6,4
2020,00-0036275,D.Swift,D'Andre Swift,RB,RB,DET,0,0,0,0,0,114,521,8,57,46,357,2,143.8,189.8,13
2020,00-0036277,Q.Cephus,Quintez Cephus,WR,WR,DET,0,0,0,0,0,0,0,0,35,20,349,2,46.9,66.9,11
2020,00-0036278,J.Huntley,Jason Huntley,RB,RB,PHI,0,0,0,0,0,5,19,0,2,1,0,0,1.9000000000000001,2.9000000000000004,3
2020,00-0036290,C.Kmet,Cole Kmet,TE,TE,CHI,0,0,0,0,0,1,-3,0,44,28,243,2,34.0,62.0,13
2020,00-0036293,J.Chinn,Jeremy Chinn,FS,DB,CAR,0,0,0,0,0,2,29,0,0,0,0,0,2.9,2.9,2
2020,00-0036297,D.Evans,Darrynton Evans,RB,RB,TEN,0,0,0,0,0,14,54,0,4,2,27,1,14.1,16.099999999999998,4
2020,00-0036306,D.Thomas,Daniel Thomas,SS,DB,JAX,0,0,0,0,0,0,0,0,0,0,0,0,6.0,6.0,1
2020,00-0036309,D.Mooney,Darnell Mooney,WR,WR,CHI,0,0,0,0,0,4,20,0,98,61,631,4,91.1,152.1,16
2020,00-0036312,J.Luton,Jake Luton,QB,QB,JAX,110,60,624,2,6,1,13,1,0,0,0,0,28.26,28.26,3
2020,00-0036320,J.Charlton,Joseph Charlton,P,SPEC,CAR,1,1,28,0,0,0,0,0,0,0,0,0,1.12,1.12,2
2020,00-0036322,J.Jefferson,Justin Jefferson,WR,WR,MIN,0,0,0,0,0,1,2,0,125,88,1400,7,186.20000000000002,274.2,16
2020,00-0036326,C.Claypool,Chase Claypool,WR,WR,PIT,0,0,0,0,0,10,16,2,109,62,873,9,152.9,214.9,16
2020,00-0036328,A.Gibson,Antonio Gibson,RB,RB,WAS,0,0,0,0,0,170,795,11,44,36,247,0,166.2,202.2,14
2020,00-0036331,D.Duvernay,Devin Duvernay,WR,WR,BAL,0,0,0,0,0,4,70,0,26,20,201,0,33.1,53.1,14
2020,00-0036332,J.Deguara,Josiah Deguara,TE,TE,GB,0,0,0,0,0,0,0,0,2,1,12,0,1.2,2.2,1
2020,00-0036336,A.McFarland,Anthony McFarland,RB,RB,PIT,0,0,0,0,0,33,113,0,9,6,54,0,16.7,22.7,11
2020,00-0036340,A.Gandy-Golden,Antonio Gandy-Golden,WR,WR,WAS,0,0,0,0,0,1,22,0,7,1,3,0,2.5,3.5,4
2020,00-0036355,J.Herbert,Justin Herbert,QB,QB,LAC,595,396,4336,31,10,55,234,5,0,0,0,0,332.84,332.84,15
2020,00-0036357,H.Ruggs,Henry Ruggs,WR,WR,LV,0,0,0,0,0,9,49,0,43,26,452,2,58.1,84.10000000000001,13
2020,00-0036358,C.Lamb,CeeDee Lamb,WR,WR,DAL,0,0,0,0,0,10,82,1,111,74,935,5,143.7,217.7,16
2020,00-0036360,C.Edwards-Helaire,Clyde Edwards-Helaire,RB,RB,KC,0,0,0,0,0,181,803,4,54,36,297,1,140.0,176.0,13
2020,00-0036364,L.Bowden,Lynn Bowden,WR,WR,MIA,2,1,32,0,0,9,32,0,37,28,211,0,25.58,53.58,9
2020,00-0036365,B.Edwards,Bryan Edwards,WR,WR,LV,0,0,0,0,0,0,0,0,15,11,193,1,25.3,36.3,9
2020,00-0036370,J.Kelley,Joshua Kelley,RB,RB,LAC,0,0,0,0,0,111,354,2,23,23,148,0,58.2,81.2,13
2020,00-0036377,J.Reed,Joe Reed,WR,WR,LAC,0,0,0,0,0,5,29,1,1,0,0,0,8.9,8.9,3
2020,00-0036382,K.Hill,K.J. Hill,WR,WR,LAC,0,0,0,0,0,0,0,0,11,7,73,0,7.3,14.3,5
2020,00-0036384,B.DiNucci,Ben DiNucci,QB,QB,DAL,43,23,219,0,0,6,22,0,0,0,0,0,6.960000000000001,6.960000000000001,2
2020,00-0036386,A.Thomas,Andrew Thomas,T,OL,NYG,0,0,0,0,0,0,0,0,0,0,0,0,2.0,2.0,1
2020,00-0036387,J.Reagor,Jalen Reagor,WR,WR,PHI,0,0,0,0,0,4,26,0,54,31,396,1,56.199999999999996,87.2,11
2020,00-0036389,J.Hurts,Jalen Hurts,QB,QB,PHI,148,77,1061,6,4,63,354,3,1,1,3,0,108.14,109.14,14
2020,00-0036398,J.Hightower,John Hightower,WR,WR,PHI,0,0,0,0,0,1,1,0,29,10,167,0,18.8,28.8,10
2020,00-0036407,J.Jeudy,Jerry Jeudy,WR,WR,DEN,0,0,0,0,0,0,0,0,113,52,856,3,105.6,157.6,16
2020,00-0036410,T.Higgins,Tee Higgins,WR,WR,CIN,0,0,0,0,0,5,28,0,108,67,908,6,127.6,194.6,15
2020,00-0036412,K.Hamler,K.J. Hamler,WR,WR,DEN,0,0,0,0,0,9,40,0,56,30,381,3,60.1,90.10000000000001,12
2020,00-0036414,C.Akers,Cam Akers,RB,RB,LA,0,0,0,0,0,145,625,2,14,11,123,1,90.8,101.8,11
2020,00-0036415,V.Jefferson,Van Jefferson,WR,WR,LA,0,0,0,0,0,1,-1,0,31,19,220,1,27.9,46.9,13
2020,00-0036422,A.Trautman,Adam Trautman,TE,TE,NO,0,0,0,0,0,0,0,0,16,15,171,1,23.1,38.1,10
2020,00-0036423,A.Okwuegbunam,Albert Okwuegbunam,TE,TE,DEN,0,0,0,0,0,0,0,0,15,11,121,1,18.1,29.1,4
2020,00-0036425,D.Dallas,DeeJay Dallas,RB,RB,SEA,0,0,0,0,0,34,108,2,20,17,111,1,39.900000000000006,56.900000000000006,8
2020,00-0036427,T.Johnson,Tyler Johnson,WR,WR,TB,0,0,0,0,0,0,0,0,17,12,169,2,28.9,40.9,10
2020,00-0036429,C.Woerner,Charlie Woerner,TE,TE,SF,0,0,0,0,0,0,0,0,4,3,36,0,3.5999999999999996,6.6,3
2020,00-0036433,T.Stevens,Tommy Stevens,TE,TE,CAR,0,0,0,0,0,4,24,0,0,0,0,0,2.4,2.4,1
2020,00-0036439,T.Cleveland,Tyrie Cleveland,WR,WR,DEN,0,0,0,0,0,0,0,0,9,6,63,0,6.3,12.3,5
2020,00-0036442,J.Burrow,Joe Burrow,QB,QB,CIN,404,264,2688,13,5,37,142,3,0,0,0,0,173.72,173.72,10
2020,00-0036450,K.Vaughn,Ke'Shawn Vaughn,RB,RB,TB,0,0,0,0,0,26,109,0,10,5,34,1,18.3,23.3,6
2020,00-0036456,D.Dafney,Dominique Dafney,TE,TE,GB,0,0,0,0,0,0,0,0,2,2,26,1,8.6,10.600000000000001,2
2021,00-0019596,T.Brady,Tom Brady,QB,QB,TB,719,485,5316,43,12,28,81,2,0,0,0,0,374.74,374.74,17
2021,00-0022824,A.Lee,Andy Lee,P,SPEC,ARI,0,0,0,0,0,1,0,0,0,0,0,0,0.0,0.0,1
2021,00-0022924,B.Roethlisberger,Ben Roethlisberger,QB,QB,PIT,605,390,3740,22,10,20,5,1,0,0,0,0,218.1,218.1,16
2021,00-0023459,A.Rodgers,Aaron Rodgers,QB,QB,GB,531,366,4115,37,4,33,101,3,1,1,-4,0,332.3,333.3,16
2021,00-0023682,R.Fitzpatrick,Ryan Fitzpatrick,QB,QB,WAS,6,3,13,0,0,1,2,0,0,0,0,0,0.72,0.72,1
2021,00-0024243,M.Lewis,Marcedes Lewis,TE,TE,GB,0,0,0,0,0,0,0,0,28,23,214,0,21.4,44.4,13
2021,00-0024417,S.Koch,Sam Koch,P,SPEC,BAL,1,0,0,0,0,0,0,0,0,0,0,0,0.0,0.0,1
2021,00-0025394,A.Peterson,Adrian Peterson,RB,RB,SEA,0,0,0,0,0,11,16,1,0,0,0,0,7.6,7.6,1
2021,00-0025394,A.Peterson,Adrian Peterson,RB,RB,TEN,0,0,0,0,0,27,82,1,4,4,8,0,15.0,19.0,3
2021,00-0026035,D.Amendola,Danny Amendola,WR,WR,HOU,1,0,0,0,0,0,0,0,38,24,248,3,44.8,68.8,8
2021,00-0026143,M.Ryan,Matt Ryan,QB,QB,ATL,560,375,3968,20,12,40,82,1,0,0,0,0,222.92,222.92,17
2021,00-0026158,J.Flacco,Joe Flacco,QB,QB,NYJ,42,27,338,3,0,2,3,0,0,0,0,0,23.82,23.82,2
2021,00-0026189,D.Jackson,DeSean Jackson,WR,WR,LA,0,0,0,0,0,0,0,0,15,8,221,1,28.1,36.1,6
2021,00-0026189,D.Jackson,DeSean Jackson,WR,WR,LV,0,0,0,0,0,1,4,0,19,12,233,1,27.7,39.7,8
2021,00-0026197,C.Henne,Chad Henne,QB,QB,KC,16,11,82,0,0,8,0,0,0,0,0,0,3.2800000000000002,3.2800000000000002,4
2021,00-0026300,J.Johnson,Josh Johnson,QB,QB,BAL,40,28,304,2,1,5,10,0,0,0,0,0,19.16,19.16,1
2021,00-0026300,J.Johnson,Josh Johnson,QB,QB,NYJ,45,29,334,3,1,4,18,0,0,0,0,0,27.16,27.16,3
2021,00-0026498,M.Stafford,Matthew Stafford,QB,QB,LA,601,404,4886,41,17,32,43,0,0,0,0,0,329.74,329.74,17
2021,00-0026544,C.Daniel,Chase Daniel,QB,QB,LAC,0,0,0,0,0,2,-2,0,0,0,0,0,-0.2,-0.2,1
2021,00-0026625,B.Hoyer,Brian Hoyer,QB,QB,NE,11,9,227,1,0,11,-8,0,0,0,0,0,12.280000000000001,12.280000000000001,5
2021,00-0027061,J.Cook,Jared Cook,TE,TE,LAC,0,0,0,0,0,0,0,0,83,48,564,4,84.4,132.4,16
2021,00-0027656,R.Gronkowski,Rob Gronkowski,TE,TE,TB,0,0,0,0,0,0,0,0,89,55,802,6,116.2,171.2,12
2021,00-0027685,E.Sanders,Emmanuel Sanders,WR,WR,BUF,0,0,0,0,0,2,31,0,72,42,626,4,89.7,131.7,14
2021,00-0027688,C.McCoy,Colt McCoy,QB,QB,ARI,99,74,740,3,1,22,37,0,0,0,0,0,41.300000000000004,41.300000000000004,7
2021,00-0027691,A.Roberts,Andre Roberts,WR,WR,HOU,0,0,0,0,0,0,0,0,2,1,35,0,3.5,4.5,1
2021,00-0027691,A.Roberts,Andre Roberts,WR,WR,LAC,0,0,0,0,0,3,19,0,0,0,0,0,7.9,7.9,4
2021,00-0027696,J.Graham,Jimmy Graham,TE,TE,CHI,0,0,0,0,0,0,0,0,23,14,167,3,36.7,50.7,11
2021,00-0027793,A.Brown,Antonio Brown,WR,WR,TB,0,0,0,0,0,1,6,0,62,42,545,4,79.1,121.1,7
2021,00-0027857,T.Williams,Trent Williams,T,OL,SF,0,0,0,0,0,0,0,0,1,0,0,0,0.0,0.0,1
2021,00-0027939,C.Newton,Cam Newton,QB,QB,CAR,126,69,684,4,5,47,230,5,0,0,0,0,86.36,86.36,7
2021,00-0027942,A.Green,A.J. Green,WR,WR,ARI,0,0,0,0,0,0,0,0,92,54,848,3,102.8,156.8,16
2021,00-0027944,J.Jones,Julio Jones,WR,WR,TEN,0,0,0,0,0,0,0,0,48,31,434,1,49.400000000000006,80.4,10
2021,00-0027948,B.Gabbert,Blaine Gabbert,QB,QB,TB,11,7,67,0,0,9,-7,0,0,0,0,0,1.98,1.98,6
2021,00-0027966,M.Ingram,Mark Ingram,RB,RB,HOU,0,0,0,0,0,92,294,1,9,7,24,0,37.8,44.8,7
2021,00-0027966,M.Ingram,Mark Ingram,RB,RB,NO,0,0,0,0,0,68,260,1,26,20,138,0,43.800000000000004,63.8,7
2021,00-0027973,A.Dalton,Andy Dalton,QB,QB,CHI,236,149,1515,8,9,16,76,0,0,0,0,0,84.2,84.2,8
2021,00-0027981,K.Rudolph,Kyle Rudolph,TE,TE,NYG,0,0,0,0,0,0,0,0,39,26,257,1,33.699999999999996,59.699999999999996,15
2021,00-0028002,R.Cobb,Randall Cobb,WR,WR,GB,0,0,0,0,0,1,1,0,39,28,375,5,67.6,95.6,11
2021,00-0028042,L.Stocker,Luke Stocker,TE,TE,MIN,0,0,0,0,0,0,0,0,2,2,12,0,1.2,3.2,2
2021,00-0028097,L.Smith,Lee Smith,TE,TE,ATL,0,0,0,0,0,0,0,0,11,9,65,1,12.5,21.5,6
2021,00-0028118,T.Taylor,Tyrod Taylor,QB,QB,HOU,150,91,966,5,5,19,151,3,0,0,0,0,81.74,81.74,6
2021,00-0028237,C.Hogan,Chris Hogan,WR,WR,NO,0,0,0,0,0,0,0,0,8,4,41,1,10.1,14.1,5
2021,00-0028292,N.Bellore,Nick Bellore,ILB,LB,SEA,0,0,0,0,0,0,0,0,1,1,4,0,0.4,1.4,1
2021,00-0028872,J.Hekker,Johnny Hekker,P,SPEC,LA,1,1,2,0,0,1,0,0,0,0,0,0,0.08,0.08,2
2021,00-0028986,C.Keenum,Case Keenum,QB,QB,CLE,72,47,462,3,1,12,22,0,0,0,0,0,28.68,28.68,5
2021,00-0029000,C.Beasley,Cole Beasley,WR,WR,BUF,1,0,0,0,0,0,0,0,112,82,693,1,77.3,159.3,16
2021,00-0029119,D.Carrier,Derek Carrier,TE,TE,LV,0,0,0,0,0,0,0,0,2,2,13,0,1.3,3.3,1
2021,00-0029164,M.Remmers,Mike Remmers,T,OL,KC,0,0,0,0,0,0,0,0,1,1,-2,0,-0.2,0.8,1
2021,00-0029239,B.Bolden,Brandon Bolden,RB,RB,NE,0,0,0,0,0,44,226,1,49,41,405,2,83.1,124.1,16
2021,00-0029263,R.Wilson,Russell Wilson,QB,QB,SEA,400,259,3113,25,6,43,183,2,0,0,0,0,242.82,242.82,14
2021,00-0029269,T.Benjamin,Travis Benjamin,WR,WR,SF,0,0,0,0,0,0,0,0,5,0,0,0,0.0,0.0,3
2021,00-0029293,M.Jones,Marvin Jones,WR,WR,JAX,0,0,0,0,0,0,0,0,120,73,832,4,107.2,180.2,17
2021,00-0029567,N.Foles,Nick Foles,QB,QB,CHI,35,24,250,1,0,4,8,0,0,0,0,0,16.8,16.8,1
2021,00-0029604,K.Cousins,Kirk Cousins,QB,QB,MIN,561,372,4221,33,7,29,115,1,0,0,0,0,300.34,300.34,16
2021,00-0029608,T.Hilton,T.Y. Hilton,WR,WR,IND,0,0,0,0,0,0,0,0,37,23,331,3,51.1,74.1,10
2021,00-0029632,M.Sanu,Mohamed Sanu,WR,WR,SF,0,0,0,0,0,0,0,0,24,15,177,0,17.700000000000003,32.7,8
2021,00-0029664,J.Gordon,Josh Gordon,WR,WR,KC,0,0,0,0,0,0,0,0,14,5,32,1,9.2,14.200000000000001,9
2021,00-0029701,R.Tannehill,Ryan Tannehill,QB,QB,TEN,531,357,3734,22,14,55,270,7,0,0,0,0,272.36,272.36,17
2021,00-0029738,D.Fells,Darren Fells,TE,TE,DET,0,0,0,0,0,0,0,0,5,4,43,0,4.3,8.3,3
2021,00-0029747,C.Banjo,Chris Banjo,FS,DB,ARI,1,1,23,0,0,0,0,0,0,0,0,0,0.92,0.92,1
2021,00-0029892,K.Juszczyk,Kyle Juszczyk,FB,RB,SF,0,0,0,0,0,8,22,1,38,30,296,1,43.8,73.8,15
2021,00-0030035,A.Thielen,Adam Thielen,WR,WR,MIN,0,0,0,0,0,1,2,0,95,67,726,10,132.8,199.8,13
2021,00-0030061,Z.Ertz,Zach Ertz,TE,TE,ARI,0,0,0,0,0,1,4,0,81,56,574,3,75.8,131.8,11
2021,00-0030061,Z.Ertz,Zach Ertz,TE,TE,PHI,0,0,0,0,0,0,0,0,31,18,189,2,30.9,48.9,6
2021,00-0030068,M.Goodwin,Marquise Goodwin,WR,WR,CHI,0,0,0,0,0,2,-1,0,40,20,313,1,37.199999999999996,57.2,14
2021,00-0030085,K.Stills,Kenny Stills,WR,WR,NO,0,0,0,0,0,1,1,0,23,6,68,1,12.9,18.9,7
2021,00-0030108,R.Griffin,Ryan Griffin,TE,TE,NYJ,0,0,0,0,0,0,0,0,42,27,261,2,38.1,65.1,14
2021,00-0030155,D.Harris,Demetrius Harris,TE,TE,ARI,0,0,0,0,0,0,0,0,6,3,10,0,1.0,4.0,3
2021,00-0030181,J.Doyle,Jack Doyle,TE,TE,IND,0,0,0,0,0,0,0,0,43,29,302,3,50.199999999999996,79.2,15
2021,00-0030279,K.Allen,Keenan Allen,WR,WR,LAC,1,0,0,0,0,0,0,0,157,106,1138,6,151.8,257.8,16
2021,00-0030288,R.Burkhead,Rex Burkhead,RB,RB,HOU,1,0,0,0,0,122,427,3,32,25,186,0,79.3,104.3,14
2021,00-0030431,R.Woods,Robert Woods,WR,WR,LA,0,0,0,0,0,8,46,1,69,45,556,4,92.2,137.2,9
2021,00-0030456,G.Bernard,Giovani Bernard,RB,RB,TB,0,0,0,0,0,8,58,0,29,23,123,3,36.1,59.1,10
2021,00-0030465,K.Barner,Kenjon Barner,RB,RB,TB,0,0,0,0,0,4,0,0,0,0,0,0,0.0,0.0,1
2021,00-0030496,L.Bell,Le'Veon Bell,RB,RB,BAL,0,0,0,0,0,31,83,2,3,1,-1,0,20.2,21.2,5
2021,00-0030496,L.Bell,Le'Veon Bell,RB,RB,TB,0,0,0,0,0,8,18,0,4,4,31,1,12.9,16.9,3
2021,00-0030506,T.Kelce,Travis Kelce,TE,TE,KC,0,0,0,0,0,2,3,1,134,92,1125,9,170.8,262.8,16
2021,00-0030513,L.Murray,Latavius Murray,RB,RB,BAL,0,0,0,0,0,119,501,6,13,10,75,0,93.6,103.6,14
2021,00-0030520,M.Glennon,Mike Glennon,QB,QB,NYG,167,90,790,4,10,7,33,1,0,0,0,0,30.9,30.9,6
2021,00-0030525,T.Austin,Tavon Austin,WR,WR,JAX,0,0,0,0,0,3,21,0,37,24,213,1,29.4,53.4,11
2021,00-0030561,L.Johnson,Lane Johnson,T,OL,PHI,0,0,0,0,0,0,0,0,1,1,5,1,6.5,7.5,1
2021,00-0030564,D.Hopkins,DeAndre Hopkins,WR,WR,ARI,0,0,0,0,0,0,0,0,64,42,572,8,105.2,147.2,10
2021,00-0030565,G.Smith,Geno Smith,QB,QB,SEA,95,65,702,5,1,9,42,1,0,0,0,0,54.28,54.28,4
2021,00-0030578,C.Patterson,Cordarrelle Patterson,RB,RB,ATL,1,0,0,0,0,153,618,6,69,52,548,5,182.6,234.6,16
2021,00-0030663,W.Snead,Willie Snead,WR,WR,CAR,0,0,0,0,0,0,0,0,3,1,6,0,0.6,1.6,2
2021,00-0030663,W.Snead,Willie Snead,WR,WR,LV,0,0,0,0,0,0,0,0,5,3,32,0,3.1999999999999997,6.2,5
2021,00-0030669,A.Wilson,Albert Wilson,WR,WR,MIA,1,0,0,0,0,4,17,0,39,25,213,0,23.0,48.0,10
2021,00-0030874,D.Williams,Damien Williams,RB,RB,CHI,0,0,0,0,0,40,164,2,23,16,103,1,44.7,60.699999999999996,10
2021,00-0030968,K.Smith,Keith Smith,FB,RB,ATL,0,0,0,0,0,9,31,0,10,9,56,0,8.7,17.7,9
2021,00-0031045,C.Hyde,Carlos Hyde,RB,RB,JAX,0,0,0,0,0,72,253,1,21,12,65,0,33.8,45.8,11
2021,00-0031051,J.Brown,John Brown,WR,WR,DEN,0,0,0,0,0,0,0,0,1,0,0,0,0.0,0.0,1
2021,00-0031051,J.Brown,John Brown,WR,WR,JAX,0,0,0,0,0,0,0,0,2,0,0,0,0.0,0.0,2
2021,00-0031062,J.White,James White,RB,RB,NE,0,0,0,0,0,10,38,1,14,12,94,0,19.2,31.200000000000003,3
2021,00-0031136,C.Boswell,Chris Boswell,K,SPEC,PIT,1,0,0,0,0,0,0,0,0,0,0,0,0.0,0.0,1
2021,00-0031235,O.Beckham,Odell Beckham,WR,WR,CLE,0,0,0,0,0,2,14,0,34,17,232,0,24.599999999999998,41.6,6
2021,00-0031235,O.Beckham,Odell Beckham,WR,WR,LA,0,0,0,0,0,0,0,0,48,27,305,5,60.5,87.5,8
2021,00-0031236,B.Cooks,Brandin Cooks,WR,WR,HOU,0,0,0,0,0,2,21,0,134,90,1037,6,141.8,231.8,16
2021,00-0031237,T.Bridgewater,Teddy Bridgewater,QB,QB,DEN,426,285,3052,18,7,30,106,2,0,0,0,0,202.68,202.68,14
2021,00-0031260,L.Thomas,Logan Thomas,TE,TE,WAS,0,0,0,0,0,0,0,0,25,18,196,3,35.6,53.6,5
2021,00-0031273,C.Brate,Cameron Brate,TE,TE,TB,0,0,0,0,0,0,0,0,57,30,245,4,48.5,78.5,16
2021,00-0031280,D.Carr,Derek Carr,QB,QB,LV,626,428,4804,23,14,40,108,0,0,0,0,0,256.96,256.96,17
2021,00-0031285,D.Freeman,Devonta Freeman,RB,RB,BAL,0,0,0,0,0,133,576,5,42,34,190,1,112.6,146.6,16
2021,00-0031319,D.Spencer,Diontae Spencer,WR,WR,DEN,0,0,0,0,0,0,0,0,4,1,-3,0,-0.3,0.7,4
2021,00-0031325,S.Watkins,Sammy Watkins,WR,WR,BAL,0,0,0,0,0,0,0,0,49,27,394,1,43.4,70.4,11
2021,00-0031345,J.Garoppolo,Jimmy Garoppolo,QB,QB,SF,441,301,3810,20,12,38,51,3,0,0,0,0,227.5,227.5,15
2021,00-0031363,M.Palardy,Michael Palardy,P,SPEC,MIA,0,0,0,0,0,1,1,0,0,0,0,0,0.1,0.1,1
2021,00-0031376,J.McKinnon,Jerick McKinnon,RB,RB,KC,0,0,0,0,0,12,62,0,20,13,107,1,22.9,35.9,7
2021,00-0031381,D.Adams,Davante Adams,WR,WR,GB,0,0,0,0,0,0,0,0,169,123,1553,11,221.3,344.3,16
2021,00-0031382,J.Landry,Jarvis Landry,WR,WR,CLE,0,0,0,0,0,6,40,2,87,52,570,2,81.0,133.0,12
2021,00-0031384,R.Rodgers,Richard Rodgers,TE,TE,PHI,0,0,0,0,0,0,0,0,2,2,11,0,1.1,3.1,1
2021,00-0031387,E.Ebron,Eric Ebron,TE,TE,PIT,0,0,0,0,0,1,1,1,18,12,84,1,20.5,32.5,8
2021,00-0031395,G.Gilbert,Garrett Gilbert,QB,QB,WAS,31,20,194,0,0,0,0,0,0,0,0,0,7.76,7.76,1
2021,00-0031408,M.Evans,Mike Evans,WR,WR,TB,0,0,0,0,0,1,10,0,114,74,1035,14,188.5,262.5,16
2021,00-0031428,A.Robinson,Allen Robinson,WR,WR,CHI,0,0,0,0,0,0,0,0,66,38,410,1,49.0,87.0,12
2021,00-0031484,C.Manhertz,Chris Manhertz,TE,TE,JAX,0,0,0,0,0,0,0,0,9,6,71,1,13.1,19.099999999999998,8
2021,00-0031503,J.Winston,Jameis Winston,QB,QB,NO,161,95,1170,14,3,32,166,1,0,0,0,0,117.4,117.4,7
2021,00-0031543,T.Long,Ty Long,P,SPEC,LAC,1,0,0,0,0,0,0,0,0,0,0,0,0.0,0.0,1
2021,00-0031544,A.Cooper,Amari Cooper,WR,WR,DAL,0,0,0,0,0,0,0,0,104,68,865,8,134.5,202.5,15
2021,00-0031545,K.White,Kevin White,WR,WR,NO,0,0,0,0,0,0,0,0,5,1,38,0,3.8,4.8,3
2021,00-0031547,D.Parker,DeVante Parker,WR,WR,MIA,0,0,0,0,0,0,0,0,73,40,515,2,63.5,103.5,9
2021,00-0031549,N.Agholor,Nelson Agholor,WR,WR,NE,0,0,0,0,0,3,11,0,64,37,473,3,66.4,103.39999999999999,14
2021,00-0031558,M.Williams,Maxx Williams,TE,TE,ARI,0,0,0,0,0,0,0,0,17,16,193,1,25.3,41.3,5
2021,00-0031585,M.Pruitt,MyCole Pruitt,TE,TE,TEN,0,0,0,0,0,0,0,0,18,14,145,3,34.5,48.5,10
2021,00-0031588,S.Diggs,Stefon Diggs,WR,WR,BUF,0,0,0,0,0,0,0,0,164,103,1225,10,182.5,285.5,17
2021,00-0031595,M.Burton,Michael Burton,FB,RB,KC,0,0,0,0,0,8,26,1,3,3,31,0,11.7,14.7,9
2021,00-0031598,N.Boyle,Nick Boyle,TE,TE,BAL,0,0,0,0,0,0,0,0,2,1,2,0,0.2,1.2,2
2021,00-0031610,D.Waller,Darren Waller,TE,TE,LV,0,0,0,0,0,0,0,0,93,55,665,2,78.5,133.5,11
2021,00-0031687,R.Mostert,Raheem Mostert,RB,RB,SF,0,0,0,0,0,2,20,0,0,0,0,0,2.0,2.0,1
2021,00-0031690,E.Tomlinson,Eric Tomlinson,TE,TE,BAL,0,0,0,0,0,0,0,0,1,1,7,0,0.7,1.7,1
2021,00-0031763,D.Carter,DeAndre Carter,WR,WR,WAS,0,0,0,0,0,10,89,0,44,24,296,3,62.5,86.5,15
2021,00-0031787,J.Kumerow,Jake Kumerow,WR,WR,BUF,0,0,0,0,0,0,0,0,6,2,28,0,2.8,4.8,4
2021,00-0031796,J.Coleman,Justin Coleman,CB,DB,MIA,0,0,0,0,0,0,0,0,0,0,0,0,6.0,6.0,1
2021,00-0031800,T.Heinicke,Taylor Heinicke,QB,QB,WAS,494,321,3419,20,15,60,313,1,1,1,-2,0,221.85999999999999,222.85999999999999,16
2021,00-0031806,M.Brown,Malcolm Brown,RB,RB,MIA,0,0,0,0,0,33,125,1,5,3,10,0,19.5,22.5,6
2021,00-0031868,D.Byrd,Damiere Byrd,WR,WR,CHI,0,0,0,0,0,0,0,0,38,26,329,1,40.9,66.9,11
2021,00-0031934,D.Smith,Devin Smith,WR,WR,JAX,0,0,0,0,0,0,0,0,1,0,0,0,0.0,0.0,1
2021,00-0031941,J.Crowder,Jamison Crowder,WR,WR,NYJ,0,0,0,0,0,0,0,0,71,51,447,2,58.7,109.7,12
2021,00-0031951,J.O'Shaughnessy,James O'Shaughnessy,TE,TE,JAX,0,0,0,0,0,0,0,0,34,24,244,0,26.4,50.4,7
2021,00-0032009,A.Humphries,Adam Humphries,WR,WR,WAS,0,0,0,0,0,0,0,0,62,41,383,0,38.3,79.3,17
2021,00-0032054,B.Perriman,Breshad Perriman,WR,WR,TB,0,0,0,0,0,1,-3,0,18,11,167,1,22.4,33.4,5
2021,00-0032058,T.Coleman,Tevin Coleman,RB,RB,NYJ,0,0,0,0,0,84,356,0,16,11,49,0,40.5,51.5,11
2021,00-0032062,B.Bell,Blake Bell,TE,TE,KC,0,0,0,0,0,4,10,0,13,9,87,0,9.7,18.7,11
2021,00-0032063,M.Davis,Mike Davis,RB,RB,ATL,0,0,0,0,0,138,503,3,58,44,259,1,94.2,138.2,17
2021,00-0032098,D.Brown,Daniel Brown,TE,TE,NYJ,0,0,0,0,0,0,0,0,2,2,29,0,2.9,4.9,1
2021,00-0032104,A.Abdullah,Ameer Abdullah,RB,RB,CAR,0,0,0,0,0,44,136,0,49,35,272,1,46.8,81.8,10
2021,00-0032104,A.Abdullah,Ameer Abdullah,RB,RB,MIN,0,0,0,0,0,7,30,0,4,3,17,0,4.7,7.7,5
2021,00-0032128,C.Conley,Chris Conley,WR,WR,HOU,0,0,0,0,0,1,3,0,37,22,323,2,42.6,64.6,14
2021,00-0032134,C.Uzomah,C.J. Uzomah,TE,TE,CIN,0,0,0,0,0,0,0,0,63,49,493,5,79.3,128.3,16
2021,00-0032135,J.James,Jesse James,TE,TE,CHI,0,0,0,0,0,0,0,0,8,7,62,1,12.200000000000001,19.2,4
2021,00-0032141,G.Swaim,Geoff Swaim,TE,TE,TEN,0,0,0,0,0,0,0,0,40,31,210,3,39.0,70.0,16
2021,00-0032144,M.Gordon,Melvin Gordon,RB,RB,DEN,0,0,0,0,0,203,918,8,38,28,213,2,167.1,195.1,16
2021,00-0032156,T.Siemian,Trevor Siemian,QB,QB,NO,188,108,1154,11,3,9,20,1,0,0,0,0,90.16000000000001,90.16000000000001,6
2021,00-0032160,T.Williams,Tyrell Williams,WR,WR,DET,0,0,0,0,0,0,0,0,3,2,14,0,1.4,3.4,1
2021,00-0032187,D.Johnson,David Johnson,RB,RB,HOU,0,0,0,0,0,67,228,0,42,32,225,1,49.3,81.3,13
2021,00-0032200,T.Montgomery,Ty Montgomery,WR,WR,NO,0,0,0,0,0,15,44,0,26,16,95,0,13.9,29.9,11
2021,00-0032208,P.Dorsett,Phillip Dorsett,WR,WR,HOU,0,0,0,0,0,1,0,0,12,6,107,0,10.7,16.7,3
2021,00-0032208,P.Dorsett,Phillip Dorsett,WR,WR,JAX,0,0,0,0,0,0,0,0,1,0,0,0,0.0,0.0,1
2021,00-0032208,P.Dorsett,Phillip Dorsett,WR,WR,SEA,0,0,0,0,0,0,0,0,1,1,3,0,0.3,1.3,1
2021,00-0032211,T.Lockett,Tyler Lockett,WR,WR,SEA,0,0,0,0,0,2,9,0,107,73,1175,8,168.4,241.4,16
2021,00-0032214,T.Kroft,Tyler Kroft,TE,TE,NYJ,0,0,0,0,0,0,0,0,25,16,173,1,23.3,39.3,9
2021,00-0032245,S.Mannion,Sean Mannion,QB,QB,MIN,36,22,189,1,0,2,14,0,0,0,0,0,12.96,12.96,1
2021,00-0032257,D.Johnson,Duke Johnson,RB,RB,MIA,0,0,0,0,0,71,330,3,5,4,41,0,55.1,59.1,5
2021,00-0032268,M.Mariota,Marcus Mariota,QB,QB,LV,2,1,4,0,0,13,87,1,0,0,0,0,14.86,14.86,7
2021,00-0032355,C.Rogers,Chester Rogers,WR,WR,TEN,0,0,0,0,0,1,9,0,43,30,301,1,37.0,67.0,16
2021,00-0032381,T.Decker,Taylor Decker,T,OL,DET,0,0,0,0,0,0,0,0,2,2,4,1,6.3999999999999995,8.4,2
2021,00-0032385,S.Shepard,Sterling Shepard,WR,WR,NYG,0,0,0,0,0,1,-9,0,53,36,366,1,41.7,77.7,7
2021,00-0032392,A.Hooper,Austin Hooper,TE,TE,CLE,0,0,0,0,0,0,0,0,61,38,345,3,54.5,92.5,15
2021,00-0032394,N.Vannett,Nick Vannett,TE,TE,NO,0,0,0,0,0,0,0,0,15,9,133,1,19.3,28.3,7
2021,00-0032398,C.Moore,Chris Moore,WR,WR,HOU,0,0,0,0,0,0,0,0,22,21,227,2,34.7,55.7,8
2021,00-0032426,A.Collins,Alex Collins,RB,RB,SEA,0,0,0,0,0,108,411,2,10,9,87,0,59.800000000000004,68.8,11
2021,00-0032434,B.Allen,Brandon Allen,QB,QB,CIN,34,17,149,2,0,7,-1,0,0,0,0,0,13.86,13.86,5
2021,00-0032450,D.Washington,Dwayne Washington,RB,RB,NO,0,0,0,0,0,4,16,0,2,2,12,0,2.8000000000000003,4.8,3
2021,00-0032464,K.Raymond,Kalif Raymond,WR,WR,DET,0,0,0,0,0,4,28,0,71,48,576,4,84.4,132.4,16
2021,00-0032496,M.Farley,Matthias Farley,FS,DB,TEN,1,1,6,0,0,0,0,0,0,0,0,0,0.24,0.24,1
2021,00-0032543,A.Erickson,Alex Erickson,WR,WR,CAR,0,0,0,0,0,0,0,0,4,3,55,0,5.5,8.5,4
2021,00-0032602,J.McKissic,J.D. McKissic,RB,RB,WAS,0,0,0,0,0,48,212,2,53,43,397,2,84.9,127.9,11
2021,00-0032626,G.Allison,Geronimo Allison,WR,WR,DET,0,0,0,0,0,0,0,0,2,0,0,0,0.0,0.0,1
2021,00-0032688,R.Chosen,Robbie Chosen,WR,WR,CAR,0,0,0,0,0,3,36,0,110,53,519,5,85.5,138.5,17
2021,00-0032725,S.Anderson,Stephen Anderson,TE,TE,LAC,0,0,0,0,0,0,0,0,19,16,165,1,22.5,38.5,11
2021,00-0032741,P.Barber,Peyton Barber,RB,RB,LV,0,0,0,0,0,55,212,2,13,10,67,0,39.9,49.9,9
2021,00-0032764,D.Henry,Derrick Henry,RB,RB,TEN,1,1,5,1,0,219,937,10,20,18,154,0,175.3,193.3,8
2021,00-0032775,D.Robinson,Demarcus Robinson,WR,WR,KC,0,0,0,0,0,0,0,0,41,25,264,3,44.4,69.4,14
2021,00-0032778,T.Sharpe,Tajae Sharpe,WR,WR,ATL,0,0,0,0,0,0,0,0,37,25,230,0,23.0,48.0,14
2021,00-0032780,J.Howard,Jordan Howard,RB,RB,PHI,0,0,0,0,0,86,406,3,5,2,19,0,60.5,62.5,7
2021,00-0032782,W.Smallwood,Wendell Smallwood,RB,RB,WAS,0,0,0,0,0,5,25,0,5,4,22,0,4.7,8.7,2
2021,00-0032790,D.Houston-Carson,DeAndre Houston-Carson,FS,DB,CHI,0,0,0,0,0,0,0,0,0,0,0,0,6.0,6.0,1
2021,00-0032791,J.Grant,Jakeem Grant,WR,WR,CHI,0,0,0,0,0,5,33,0,15,9,139,2,35.2,44.2,5
2021,00-0032791,J.Grant,Jakeem Grant,WR,WR,MIA,0,0,0,0,0,0,0,0,2,2,-7,0,-2.7,-0.7,2
2021,00-0032807,C.Fejedelem,Clayton Fejedelem,SS,DB,MIA,0,0,0,0,0,1,0,0,0,0,0,0,-2.0,-2.0,1
2021,00-0032813,E.Penny,Elijhaa Penny,RB,RB,NYG,0,0,0,0,0,24,99,1,13,9,30,1,26.9,35.9,11
2021,00-0032881,T.Lewis,Tommylee Lewis,WR,WR,MIA,0,0,0,0,0,0,0,0,2,1,7,0,0.7,1.7,1
2021,00-0032897,D.Watt,Derek Watt,FB,RB,PIT,0,0,0,0,0,1,1,0,3,3,15,0,1.6,4.6,4
2021,00-0032918,C.Ham,C.J. Ham,FB,RB,MIN,0,0,0,0,0,7,34,0,18,17,125,0,15.9,32.9,15
2021,00-0032943,R.Dixon,Riley Dixon,P,SPEC,NYG,1,0,0,0,0,0,0,0,0,0,0,0,0.0,0.0,1
2021,00-0032950,C.Wentz,Carson Wentz,QB,QB,IND,516,322,3563,27,7,57,215,1,0,0,0,0,258.02,258.02,17
2021,00-0032951,L.Treadwell,Laquon Treadwell,WR,WR,JAX,0,0,0,0,0,0,0,0,51,33,434,1,49.4,82.4,12
2021,00-0032956,A.Janovich,Andy Janovich,FB,RB,CLE,0,0,0,0,0,2,0,1,4,3,9,0,8.9,11.9,5
2021,00-0032972,D.Booker,Devontae Booker,RB,RB,NYG,0,0,0,0,0,145,593,2,45,40,268,1,104.1,144.1,16
2021,00-0032975,J.Williams,Jonathan Williams,RB,RB,WAS,0,0,0,0,0,17,79,1,6,4,28,0,16.7,20.7,5
2021,00-0032977,R.Higgins,Rashard Higgins,WR,WR,CLE,0,0,0,0,0,0,0,0,47,24,275,1,33.5,57.5,12
2021,00-0032980,M.Johnson,Marcus Johnson,WR,WR,TEN,0,0,0,0,0,2,-2,0,19,9,160,0,15.8,24.799999999999997,7
2021,00-0033006,J.Mickens,Jaydon Mickens,WR,WR,JAX,0,0,0,0,0,0,0,0,3,2,10,0,1.0,3.0,2
2021,00-0033009,T.Boyd,Tyler Boyd,WR,WR,CIN,1,1,46,0,0,2,22,0,94,67,828,5,116.84,183.84,16
2021,00-0033025,J.Richard,Jalen Richard,RB,RB,LV,0,0,0,0,0,9,40,0,14,12,72,0,11.2,23.2,8
2021,00-0033040,T.Hill,Tyreek Hill,WR,WR,KC,0,0,0,0,0,9,96,0,159,111,1239,9,185.5,296.5,17
2021,00-0033045,E.Elliott,Ezekiel Elliott,RB,RB,DAL,1,1,4,0,0,237,1002,10,65,47,287,2,205.06,252.06,17
2021,00-0033077,D.Prescott,Dak Prescott,QB,QB,DAL,596,410,4449,37,10,48,146,1,0,0,0,0,320.56,320.56,16
2021,00-0033090,H.Henry,Hunter Henry,TE,TE,NE,0,0,0,0,0,0,0,0,75,50,603,9,114.3,164.3,16
2021,00-0033094,M.Hall,Marvin Hall,WR,WR,ATL,0,0,0,0,0,0,0,0,1,1,10,0,1.0,2.0,1
2021,00-0033095,G.Griffin,Garrett Griffin,TE,TE,NO,0,0,0,0,0,0,0,0,4,4,39,0,3.9,7.9,2
2021,00-0033106,J.Goff,Jared Goff,QB,QB,DET,494,332,3245,19,8,17,87,0,0,0,0,0,194.5,194.5,14
2021,00-0033110,T.Higbee,Tyler Higbee,TE,TE,LA,0,0,0,0,0,0,0,0,85,61,560,5,86.0,147.0,15
2021,00-0033111,P.Cooper,Pharoh Cooper,WR,WR,NYG,0,0,0,0,0,1,3,0,11,4,33,0,3.6,7.6,6
2021,00-0033114,M.Thomas,Mike Thomas,WR,WR,CIN,0,0,0,0,0,0,0,0,11,5,52,0,5.2,10.2,7
2021,00-0033118,K.Drake,Kenyan Drake,RB,RB,LV,0,0,0,0,0,63,254,2,40,30,291,1,72.5,102.5,12
2021,00-0033119,J.Brissett,Jacoby Brissett,QB,QB,MIA,225,141,1283,5,4,19,70,1,0,0,0,0,72.32000000000001,72.32000000000001,10
2021,00-0033127,W.Fuller,Will Fuller,WR,WR,MIA,0,0,0,0,0,0,0,0,8,4,26,0,4.6,8.6,2
2021,00-0033215,C.Grayson,Cyril Grayson,WR,WR,TB,0,0,0,0,0,1,14,0,12,10,212,2,34.6,44.6,3
2021,00-0033217,M.Alie-Cox,Mo Alie-Cox,TE,TE,IND,0,0,0,0,0,0,0,0,45,24,316,4,55.6,79.6,17
2021,00-0033246,J.Mundt,Johnny Mundt,TE,TE,LA,0,0,0,0,0,0,0,0,1,1,9,0,0.9,1.9,1
2021,00-0033251,Z.Pascal,Zach Pascal,WR,WR,IND,0,0,0,0,0,2,21,0,69,38,384,3,56.5,94.5,16
2021,00-0033258,D.Daniels,Darrell Daniels,TE,TE,ARI,0,0,0,0,0,0,0,0,4,1,0,0,0.0,1.0,3
2021,00-0033275,P.Walker,P.J. Walker,QB,QB,CAR,66,36,362,1,3,7,13,0,0,0,0,0,13.78,13.78,5
2021,00-0033280,C.McCaffrey,Christian McCaffrey,RB,RB,CAR,0,0,0,0,0,99,442,1,41,37,343,1,90.5,127.5,7
2021,00-0033282,C.Samuel,Curtis Samuel,WR,WR,WAS,0,0,0,0,0,4,11,0,9,6,27,0,3.8,9.8,5
2021,00-0033288,G.Kittle,George Kittle,TE,TE,SF,0,0,0,0,0,3,20,0,94,71,910,6,127.0,198.0,14
2021,00-0033292,T.Taylor,Trent Taylor,WR,WR,CIN,0,0,0,0,0,0,0,0,3,2,41,0,4.1,6.1,1
2021,00-0033293,A.Jones,Aaron Jones,RB,RB,GB,0,0,0,0,0,171,799,4,65,52,391,6,177.0,229.0,15
2021,00-0033296,A.Armah,Alex Armah,RB,RB,NO,0,0,0,0,0,5,21,0,1,1,1,1,8.2,9.2,5
2021,00-0033300,C.McDermott,Conor McDermott,T,OL,NYJ,0,0,0,0,0,0,0,0,1,1,1,1,6.1,7.1,1
2021,00-0033307,K.Bourne,Kendrick Bourne,WR,WR,NE,1,1,25,1,0,12,125,0,70,55,800,5,125.5,180.5,17
2021,00-0033308,M.Breida,Matt Breida,RB,RB,BUF,0,0,0,0,0,26,125,1,9,7,72,2,35.7,42.699999999999996,7
2021,00-0033319,N.Mullens,Nick Mullens,QB,QB,CLE,30,20,147,1,0,0,0,0,0,0,0,0,9.88,9.88,1
2021,00-0033338,C.Carter,Cethan Carter,TE,TE,MIA,0,0,0,0,0,0,0,0,2,2,16,0,1.6,3.6,2
2021,00-0033357,T.Hill,Taysom Hill,QB,QB,NO,134,78,978,4,5,70,374,5,6,4,52,0,117.72,121.72,12
2021,00-0033367,C.Board,C.J. Board,WR,WR,NYG,0,0,0,0,0,1,6,0,6,4,51,0,5.7,9.7,4
2021,00-0033375,T.Patrick,Tim Patrick,WR,WR,DEN,0,0,0,0,0,0,0,0,85,53,734,5,103.4,156.4,16
2021,00-0033376,P.Ricard,Patrick Ricard,FB,RB,BAL,0,0,0,0,0,2,4,0,13,8,63,1,12.7,20.7,7
2021,00-0033386,C.Hollister,Cody Hollister,WR,WR,TEN,0,0,0,0,0,0,0,0,7,4,33,0,3.3000000000000003,7.300000000000001,3
2021,00-0033387,J.Hollister,Jacob Hollister,TE,TE,JAX,0,0,0,0,0,0,0,0,14,9,55,1,11.5,20.5,6
2021,00-0033421,A.Auclair,Antony Auclair,TE,TE,HOU,0,0,0,0,0,0,0,0,5,5,47,1,10.7,15.7,4
2021,00-0033439,P.Brown,Pharaoh Brown,TE,TE,HOU,0,0,0,0,0,0,0,0,34,23,171,0,15.100000000000001,38.1,12
2021,00-0033455,A.Firkser,Anthony Firkser,TE,TE,TEN,0,0,0,0,0,0,0,0,43,34,291,2,39.1,73.1,15
2021,00-0033460,J.Ross,John Ross,WR,WR,NYG,0,0,0,0,0,1,16,0,20,11,224,1,30.0,41.0,9
2021,00-0033466,I.McKenzie,Isaiah McKenzie,WR,WR,BUF,0,0,0,0,0,9,47,1,26,20,178,1,34.5,54.5,11
2021,00-0033471,I.Ford,Isaiah Ford,WR,WR,MIA,0,0,0,0,0,0,0,0,17,12,161,2,28.1,40.1,10
2021,00-0033481,M.Kemp,Marcus Kemp,WR,WR,KC,0,0,0,0,0,0,0,0,5,2,24,0,2.4000000000000004,4.4,5
2021,00-0033526,S.Perine,Samaje Perine,RB,RB,CIN,0,0,0,0,0,55,246,1,31,27,196,1,56.2,83.2,15
2021,00-0033528,J.Sprinkle,Jeremy Sprinkle,TE,TE,DAL,0,0,0,0,0,0,0,0,3,3,31,0,3.1,6.1,2
2021,00-0033536,M.Williams,Mike Williams,WR,WR,LAC,0,0,0,0,0,0,0,0,129,76,1146,9,170.6,246.6,16
2021,00-0033550,D.Webb,Davis Webb,QB,QB,BUF,0,0,0,0,0,2,-3,0,0,0,0,0,-0.3,-0.3,1
2021,00-0033553,J.Conner,James Conner,RB,RB,ARI,0,0,0,0,0,202,752,15,39,37,375,3,220.7,257.7,15
2021,00-0033555,M.Hollins,Mack Hollins,WR,WR,MIA,0,0,0,0,0,0,0,0,28,14,223,4,46.3,60.3,13
2021,00-0033572,J.Agnew,Jamal Agnew,WR,WR,JAX,0,0,0,0,0,7,111,1,39,24,229,1,58.0,82.0,9
2021,00-0033576,E.Saubert,Eric Saubert,TE,TE,DEN,0,0,0,0,0,0,0,0,12,8,47,1,10.7,18.7,7
2021,00-0033589,D.Moore,David Moore,WR,WR,DEN,0,0,0,0,0,0,0,0,2,0,0,0,0.0,0.0,1
2021,00-0033591,N.Brown,Noah Brown,WR,WR,DAL,0,0,0,0,0,0,0,0,25,16,184,0,18.4,34.4,9
2021,00-0033594,C.Carson,Chris Carson,RB,RB,SEA,0,0,0,0,0,54,232,3,6,6,29,0,42.1,48.1,4
2021,00-0033611,R.Seals-Jones,Ricky Seals-Jones,TE,TE,WAS,0,0,0,0,0,0,0,0,49,30,271,2,39.1,69.1,11
2021,00-0033658,B.Jarwin,Blake Jarwin,TE,TE,DAL,0,0,0,0,0,0,0,0,17,11,96,2,21.6,32.6,7
2021,00-0033662,C.Rush,Cooper Rush,QB,QB,DAL,47,30,422,3,1,9,-8,0,0,0,0,0,24.08,24.08,4
2021,00-0033681,K.Cole,Keelan Cole,WR,WR,NYJ,1,0,0,0,0,0,0,0,51,28,449,1,50.9,78.9,14
2021,00-0033699,A.Ekeler,Austin Ekeler,RB,RB,LAC,0,0,0,0,0,206,911,12,94,70,647,8,273.8,343.8,16
2021,00-0033720,C.Thompson,Colin Thompson,TE,TE,CAR,0,0,0,0,0,0,0,0,1,0,0,0,0.0,0.0,1
2021,00-0033725,C.Clement,Corey Clement,RB,RB,DAL,0,0,0,0,0,33,140,0,7,6,29,1,22.9,28.9,5
2021,00-0033733,G.Ward,Greg Ward,WR,WR,PHI,2,1,2,0,0,0,0,0,11,7,95,3,27.580000000000002,34.58,7
2021,00-0033757,R.Tonyan,Robert Tonyan,TE,TE,GB,0,0,0,0,0,0,0,0,29,18,204,2,32.4,50.4,8
2021,00-0033839,D.Westbrook,Dede Westbrook,WR,WR,MIN,0,0,0,0,0,0,0,0,15,10,68,0,6.8,16.8,8
2021,00-0033854,D.Ogunbowale,Dare Ogunbowale,RB,RB,JAX,0,0,0,0,0,43,137,1,21,13,114,1,37.1,50.1,10
2021,00-0033856,L.Fournette,Leonard Fournette,RB,RB,TB,1,0,0,0,0,180,812,8,84,69,454,2,186.6,255.6,14
2021,00-0033857,J.Smith-Schuster,JuJu Smith-Schuster,WR,WR,PIT,0,0,0,0,0,3,9,1,28,15,129,0,19.8,34.8,5
2021,00-0033858,J.Smith,Jonnu Smith,TE,TE,NE,0,0,0,0,0,9,40,0,45,28,294,1,39.4,67.4,15
2021,00-0033869,M.Trubisky,Mitchell Trubisky,QB,QB,BUF,8,6,43,0,1,13,24,1,0,0,0,0,8.120000000000001,8.120000000000001,5
2021,00-0033871,C.Davis,Corey Davis,WR,WR,NYJ,0,0,0,0,0,0,0,0,59,34,492,4,71.2,105.2,9
2021,00-0033873,P.Mahomes,Patrick Mahomes,QB,QB,KC,658,436,4839,37,13,66,381,2,0,0,0,0,361.66,361.66,17
2021,00-0033879,O.Howard,O.J. Howard,TE,TE,TB,0,0,0,0,0,0,0,0,21,14,135,1,19.5,33.5,9
2021,00-0033881,E.Engram,Evan Engram,TE,TE,NYG,0,0,0,0,0,1,-3,0,73,46,408,3,56.5,102.5,15
2021,00-0033885,D.Njoku,David Njoku,TE,TE,CLE,0,0,0,0,0,1,1,0,53,36,475,4,71.60000000000001,107.60000000000001,15
2021,00-0033891,Z.Jones,Zay Jones,WR,WR,LV,0,0,0,0,0,2,3,0,70,47,546,1,58.9,105.89999999999999,15
2021,00-0033893,D.Cook,Dalvin Cook,RB,RB,MIN,0,0,0,0,0,249,1159,6,49,34,224,0,172.3,206.3,13
2021,00-0033895,G.Everett,Gerald Everett,TE,TE,SEA,0,0,0,0,0,3,20,0,63,48,478,4,69.8,117.8,15
2021,00-0033896,A.Shaheen,Adam Shaheen,TE,TE,MIA,0,0,0,0,0,0,0,0,16,12,110,0,11.0,23.0,7
2021,00-0033897,J.Mixon,Joe Mixon,RB,RB,CIN,0,0,0,0,0,292,1205,13,48,42,314,3,245.9,287.9,16
2021,00-0033904,D.Dawkins,Dion Dawkins,T,OL,BUF,0,0,0,0,0,0,0,0,1,0,0,0,0.0,0.0,1
2021,00-0033906,A.Kamara,Alvin Kamara,RB,RB,NO,0,0,0,0,0,240,898,4,67,47,439,5,187.7,234.7,13
2021,00-0033908,C.Kupp,Cooper Kupp,WR,WR,LA,1,0,0,0,0,4,18,0,191,145,1947,16,294.5,439.5,17
2021,00-0033921,C.Godwin,Chris Godwin,WR,WR,TB,0,0,0,0,0,4,21,1,127,98,1103,5,144.4,242.4,14
2021,00-0033923,K.Hunt,Kareem Hunt,RB,RB,CLE,0,0,0,0,0,78,386,5,27,22,174,0,88.0,110.0,8
2021,00-0033925,D.Foreman,D'Onta Foreman,RB,RB,TEN,0,0,0,0,0,133,566,3,11,9,123,0,84.89999999999999,93.9,9
2021,00-0033932,K.Golladay,Kenny Golladay,WR,WR,NYG,0,0,0,0,0,0,0,0,76,37,521,0,52.1,89.10000000000001,14
2021,00-0033936,C.Beathard,C.J. Beathard,QB,QB,JAX,2,2,33,0,0,1,2,0,0,0,0,0,1.52,1.52,2
2021,00-0033943,J.Reynolds,Josh Reynolds,WR,WR,DET,0,0,0,0,0,0,0,0,36,19,306,2,42.6,61.6,7
2021,00-0033943,J.Reynolds,Josh Reynolds,WR,WR,TEN,0,0,0,0,0,0,0,0,13,10,90,0,9.0,19.0,3
2021,00-0033948,J.Williams,Jamaal Williams,RB,RB,DET,0,0,0,0,0,153,601,3,28,26,157,0,93.8,119.8,13
2021,00-0033950,W.Gallman,Wayne Gallman,RB,RB,ATL,0,0,0,0,0,28,104,0,3,1,21,0,12.5,13.5,6
2021,00-0033951,M.Mack,Marlon Mack,RB,RB,IND,0,0,0,0,0,28,101,0,5,2,8,0,10.9,12.9,5
2021,00-0033955,J.McNichols,Jeremy McNichols,RB,RB,TEN,0,0,0,0,0,41,156,0,38,28,240,1,45.6,73.6,13
2021,00-0033957,R.Adams,Rodney Adams,WR,WR,CHI,0,0,0,0,0,0,0,0,1,0,0,0,0.0,0.0,1
2021,00-0033958,N.Peterman,Nathan Peterman,QB,QB,LV,0,0,0,0,0,2,2,0,0,0,0,0,0.2,0.2,1
2021,00-0034011,D.Arnold,Dan Arnold,TE,TE,CAR,0,0,0,0,0,0,0,0,11,7,84,0,8.399999999999999,15.399999999999999,3
2021,00-0034011,D.Arnold,Dan Arnold,TE,TE,JAX,0,0,0,0,0,0,0,0,41,28,324,0,32.4,60.4,7
2021,00-0034052,B.Zylstra,Brandon Zylstra,WR,WR,CAR,1,0,0,0,0,0,0,0,25,18,250,1,31.0,49.0,9
2021,00-0034073,R.Dwelley,Ross Dwelley,TE,TE,SF,0,0,0,0,0,0,0,0,5,4,51,1,11.1,15.1,3
2021,00-0034104,C.Sims,Cam Sims,WR,WR,WAS,0,0,0,0,0,1,7,0,23,15,211,2,33.8,48.8,10
2021,00-0034109,P.Lindsay,Phillip Lindsay,RB,RB,HOU,0,0,0,0,0,50,130,1,4,3,37,1,28.7,31.7,10
2021,00-0034109,P.Lindsay,Phillip Lindsay,RB,RB,MIA,0,0,0,0,0,38,119,0,1,1,8,0,12.7,13.7,4
2021,00-0034115,J.Wilson,Jeffery Wilson,RB,RB,SF,0,0,0,0,0,79,294,2,8,7,31,0,44.5,51.5,6
2021,00-0034131,K.Benkert,Kurt Benkert,QB,QB,GB,0,0,0,0,0,2,-1,0,0,0,0,0,-0.1,-0.1,1
2021,00-0034132,C.Blake,Christian Blake,WR,WR,ATL,0,0,0,0,0,0,0,0,9,4,25,0,2.5,6.5,6
2021,00-0034159,W.Dissly,Will Dissly,TE,TE,SEA,0,0,0,0,0,0,0,0,26,21,231,1,29.1,50.1,12
2021,00-0034164,T.Cannon,Trenton Cannon,RB,RB,BAL,0,0,0,0,0,2,5,0,0,0,0,0,0.5,0.5,1
2021,00-0034164,T.Cannon,Trenton Cannon,RB,RB,SF,0,0,0,0,0,1,-1,0,0,0,0,0,-0.1,-0.1,1
2021,00-0034171,J.Cabinda,Jason Cabinda,FB,RB,DET,0,0,0,0,0,3,23,0,7,4,16,1,9.9,13.899999999999999,7
2021,00-0034177,T.Boyle,Tim Boyle,QB,QB,DET,94,61,526,3,6,2,13,0,0,0,0,0,24.34,24.34,4
2021,00-0034193,K.Rader,Kevin Rader,TE,TE,PIT,0,0,0,0,0,0,0,0,3,2,8,0,0.7999999999999999,2.8,2
2021,00-0034208,M.Boone,Mike Boone,RB,RB,DEN,0,0,0,0,0,4,35,0,2,2,22,0,5.7,7.7,2
2021,00-0034253,D.Hilliard,Dontrell Hilliard,RB,RB,TEN,0,0,0,0,0,56,350,2,26,19,87,0,53.7,72.7,7
2021,00-0034270,T.Conklin,Tyler Conklin,TE,TE,MIN,0,0,0,0,0,0,0,0,87,61,593,3,77.3,138.3,17
2021,00-0034272,M.Valdes-Scantling,Marquez Valdes-Scantling,WR,WR,GB,0,0,0,0,0,0,0,0,55,26,430,3,61.0,87.0,11
2021,00-0034278,T.Smith,Tremon Smith,CB,DB,HOU,0,0,0,0,0,1,7,0,0,0,0,0,6.7,6.7,2
2021,00-0034279,E.St. Brown,Equanimeous St. Brown,WR,WR,GB,0,0,0,0,0,3,14,0,17,9,98,0,11.2,20.2,9
2021,00-0034297,B.Pringle,Byron Pringle,WR,WR,KC,0,0,0,0,0,0,0,0,60,42,568,5,86.8,128.8,16
2021,00-0034301,D.Williams,Darrel Williams,RB,RB,KC,0,0,0,0,0,144,558,6,57,47,452,2,149.0,196.0,17
2021,00-0034311,J.Stanton,Johnny Stanton,FB,RB,CLE,0,0,0,0,0,3,5,0,2,2,7,1,7.199999999999999,9.2,3
2021,00-0034317,K.Kirkwood,Keith Kirkwood,WR,WR,CAR,0,0,0,0,0,0,0,0,7,3,17,0,1.7,4.7,3
2021,00-0034319,D.Yelder,Deon Yelder,TE,TE,TB,0,0,0,0,0,0,0,0,1,1,0,0,0.0,1.0,1
2021,00-0034331,J.Samuels,Jaylen Samuels,RB,RB,HOU,0,0,0,0,0,5,9,0,4,3,14,0,2.3000000000000003,5.3,2
2021,00-0034343,J.Rosen,Josh Rosen,QB,QB,ATL,11,2,19,0,2,0,0,0,0,0,0,0,-3.24,-3.24,3
2021,00-0034348,C.Sutton,Courtland Sutton,WR,WR,DEN,1,1,16,0,0,0,0,0,98,58,776,2,92.24000000000001,150.24,17
2021,00-0034351,D.Goedert,Dallas Goedert,TE,TE,PHI,0,0,0,0,0,0,0,0,76,56,830,4,109.0,165.0,15
2021,00-0034353,A.Miller,Anthony Miller,WR,WR,HOU,0,0,0,0,0,0,0,0,11,5,23,1,8.3,13.3,2
2021,00-0034353,A.Miller,Anthony Miller,WR,WR,PIT,0,0,0,0,0,0,0,0,1,1,2,0,0.2,1.2,1
2021,00-0034364,J.Akins,Jordan Akins,TE,TE,HOU,0,0,0,0,0,1,3,0,33,24,214,0,17.7,41.7,12
2021,00-0034365,I.Thomas,Ian Thomas,TE,TE,CAR,0,0,0,0,0,0,0,0,30,18,188,0,18.8,36.8,14
2021,00-0034366,K.Coutee,Keke Coutee,WR,WR,IND,0,0,0,0,0,0,0,0,1,1,5,0,0.5,1.5,1
2021,00-0034367,N.Hines,Nyheim Hines,RB,RB,IND,0,0,0,0,0,56,276,2,57,40,310,1,76.6,116.6,17
2021,00-0034378,I.Smith,Ito Smith,RB,RB,DAL,0,0,0,0,0,1,4,1,0,0,0,0,6.4,6.4,1
2021,00-0034383,D.Schultz,Dalton Schultz,TE,TE,DAL,0,0,0,0,0,0,0,0,104,78,808,8,130.8,208.8,17
2021,00-0034401,M.White,Mike White,QB,QB,NYJ,132,88,953,5,8,5,-1,0,0,0,0,0,44.019999999999996,44.019999999999996,4
2021,00-0034407,R.McCloud,Ray-Ray McCloud,WR,WR,PIT,0,0,0,0,0,2,15,0,66,39,277,0,29.2,68.2,14
2021,00-0034411,R.Gage,Russell Gage,WR,WR,ATL,0,0,0,0,0,0,0,0,94,66,770,4,97.0,163.0,13
2021,00-0034414,B.Scott,Boston Scott,RB,RB,PHI,0,0,0,0,0,87,373,7,16,13,83,0,85.6,98.6,9
2021,00-0034418,C.Wilson,Cedrick Wilson,WR,WR,DAL,3,3,88,0,0,2,11,0,61,45,602,6,102.82,147.82,14
2021,00-0034419,B.Berrios,Braxton Berrios,WR,WR,NYJ,0,0,0,0,0,7,40,2,65,46,431,2,75.1,121.1,15
2021,00-0034433,N.Bawden,Nick Bawden,FB,RB,NYJ,0,0,0,0,0,0,0,0,1,1,20,0,2.0,3.0,1
2021,00-0034435,K.Crossen,Keion Crossen,CB,DB,NYG,0,0,0,0,0,0,0,0,1,0,0,0,0.0,0.0,1
2021,00-0034438,L.Woodside,Logan Woodside,QB,QB,TEN,0,0,0,0,0,6,-6,0,0,0,0,0,-0.6,-0.6,4
2021,00-0034440,J.Jackson,Justin Jackson,RB,RB,LAC,0,0,0,0,0,68,364,2,25,22,178,0,64.2,86.2,13
2021,00-0034449,B.Howell,Buddy Howell,RB,RB,LA,0,0,0,0,0,5,11,0,0,0,0,0,1.1,1.1,1
2021,00-0034487,T.Sherfield,Trent Sherfield,WR,WR,SF,0,0,0,0,0,0,0,0,20,9,87,1,14.700000000000001,23.7,9
2021,00-0034496,S.Chandler,Sean Chandler,SS,DB,CAR,0,0,0,0,0,1,14,0,0,0,0,0,1.4,1.4,1
2021,00-0034521,A.Lazard,Allen Lazard,WR,WR,GB,0,0,0,0,0,3,32,0,60,40,513,8,102.5,142.5,14
2021,00-0034577,K.Allen,Kyle Allen,QB,QB,WAS,19,12,120,1,0,2,11,0,0,0,0,0,7.8999999999999995,7.8999999999999995,2
2021,00-0034578,R.Bonnafon,Reggie Bonnafon,RB,RB,CAR,0,0,0,0,0,1,4,0,2,2,12,0,1.6,3.6,1
2021,00-0034597,R.Nall,Ryan Nall,RB,RB,CHI,0,0,0,0,0,1,4,0,1,1,4,0,0.8,1.7999999999999998,2
2021,00-0034614,G.Igwebuike,Godwin Igwebuike,RB,RB,DET,0,0,0,0,0,18,118,1,10,7,60,0,19.8,26.8,8
2021,00-0034631,V.Smith,Vyncint Smith,WR,WR,NYJ,0,0,0,0,0,0,0,0,1,0,0,0,0.0,0.0,1
2021,00-0034646,B.Powell,Brandon Powell,WR,WR,LA,0,0,0,0,0,0,0,0,0,0,0,0,6.0,6.0,1
2021,00-0034652,C.Batson,Cameron Batson,WR,WR,TEN,0,0,0,0,0,2,15,0,5,2,15,1,9.0,11.0,3
2021,00-0034672,E.Wolf,Ethan Wolf,TE,TE,NO,0,0,0,0,0,0,0,0,2,2,8,0,0.8,2.8,1
2021,00-0034676,J.Washington,James Washington,WR,WR,PIT,0,0,0,0,0,2,13,0,44,24,285,2,41.8,65.8,15
2021,00-0034681,C.Edmonds,Chase Edmonds,RB,RB,ARI,0,0,0,0,0,116,592,2,53,43,311,0,100.3,143.3,12
2021,00-0034686,A.Tate,Auden Tate,WR,WR,CIN,0,0,0,0,0,0,0,0,4,3,39,1,9.9,12.9,4
2021,00-0034726,D.Leavitt,Dallin Leavitt,SS,DB,LV,0,0,0,0,0,2,6,0,0,0,0,0,0.6000000000000001,0.6000000000000001,2
2021,00-0034735,C.McElroy,Codey McElroy,TE,TE,TB,0,0,0,0,0,0,0,0,1,0,0,0,0.0,0.0,1
2021,00-0034750,R.Penny,Rashaad Penny,RB,RB,SEA,0,0,0,0,0,119,749,6,8,6,48,0,115.7,121.7,10
2021,00-0034753,M.Andrews,Mark Andrews,TE,TE,BAL,0,0,0,0,0,1,0,0,153,107,1361,9,194.1,301.1,17
2021,00-0034764,M.Gallup,Michael Gallup,WR,WR,DAL,0,0,0,0,0,0,0,0,62,35,445,2,56.5,91.5,9
2021,00-0034765,T.Smith,Tre'Quan Smith,WR,WR,NO,0,0,0,0,0,0,0,0,50,32,377,3,55.7,87.7,10
2021,00-0034766,C.Herndon,Christopher Herndon,TE,TE,MIN,0,0,0,0,0,0,0,0,7,4,40,1,10.0,14.0,5
2021,00-0034771,M.Rudolph,Mason Rudolph,QB,QB,PIT,58,35,277,1,1,5,53,0,0,0,0,0,18.38,18.38,2
2021,00-0034775,C.Kirk,Christian Kirk,WR,WR,ARI,1,1,33,0,0,1,11,0,103,77,982,5,130.62,207.62,17
2021,00-0034777,D.Chark,D.J. Chark,WR,WR,JAX,0,0,0,0,0,0,0,0,22,7,154,2,27.4,34.400000000000006,3
2021,00-0034791,N.Chubb,Nick Chubb,RB,RB,CLE,0,0,0,0,0,228,1259,8,25,20,174,1,195.3,215.3,14
2021,00-0034796,L.Jackson,Lamar Jackson,QB,QB,BAL,382,246,2882,16,13,133,767,2,0,0,0,0,239.98,239.98,12
2021,00-0034798,D.Smythe,Durham Smythe,TE,TE,MIA,0,0,0,0,0,2,3,0,41,34,357,0,36.0,70.0,15
2021,00-0034799,K.Ballage,Kalen Ballage,RB,RB,PIT,0,0,0,0,0,12,36,0,7,2,8,0,4.4,6.4,8
2021,00-0034808,J.Kelly,John Kelly,RB,RB,CLE,0,0,0,0,0,2,13,0,0,0,0,0,1.3,1.3,1
2021,00-0034816,R.Jones,Ronald Jones,RB,RB,TB,0,0,0,0,0,101,428,4,13,10,64,0,69.2,79.2,15
2021,00-0034827,D.Moore,D.J. Moore,WR,WR,CAR,0,0,0,0,0,8,48,0,163,93,1157,4,144.5,237.5,17
2021,00-0034829,M.Gesicki,Mike Gesicki,TE,TE,MIA,1,0,0,0,0,0,0,0,112,73,780,2,92.0,165.0,17
2021,00-0034830,H.Hurst,Hayden Hurst,TE,TE,ATL,0,0,0,0,0,0,0,0,31,26,221,3,38.1,64.1,12
2021,00-0034837,C.Ridley,Calvin Ridley,WR,WR,ATL,0,0,0,0,0,0,0,0,52,31,281,2,40.1,71.1,5
2021,00-0034838,R.Freeman,Royce Freeman,RB,RB,CAR,0,0,0,0,0,21,77,0,6,3,15,0,9.2,12.2,6
2021,00-0034838,R.Freeman,Royce Freeman,RB,RB,HOU,0,0,0,0,0,35,92,0,10,7,62,0,15.399999999999999,22.4,5
2021,00-0034844,S.Barkley,Saquon Barkley,RB,RB,NYG,0,0,0,0,0,162,593,2,57,41,263,2,107.6,148.6,13
2021,00-0034845,S.Michel,Sony Michel,RB,RB,LA,0,0,0,0,0,208,845,4,33,21,128,1,125.3,146.3,17
2021,00-0034854,K.Hodge,KhaDarel Hodge,WR,WR,DET,0,0,0,0,0,0,0,0,27,13,157,0,17.7,30.7,10
2021,00-0034855,B.Mayfield,Baker Mayfield,QB,QB,CLE,418,253,3010,17,13,37,134,1,0,0,0,0,179.8,179.8,14
2021,00-0034857,J.Allen,Josh Allen,QB,QB,BUF,646,409,4407,36,15,122,763,6,0,0,0,0,402.58,402.58,17
2021,00-0034860,D.Pettis,Dante Pettis,WR,WR,NYG,1,1,16,0,0,0,0,0,16,10,87,1,15.34,25.34,2
2021,00-0034867,M.Turner,Malik Turner,WR,WR,DAL,0,0,0,0,0,0,0,0,16,12,149,3,32.9,44.9,7
2021,00-0034869,S.Darnold,Sam Darnold,QB,QB,CAR,406,243,2527,9,13,48,222,5,0,0,0,0,157.28,157.28,12
2021,00-0034899,J.Wolford,John Wolford,QB,QB,LA,4,1,5,0,1,2,-1,0,0,0,0,0,-1.9000000000000001,-1.9000000000000001,2
2021,00-0034903,T.Campbell,Tevaughn Campbell,CB,DB,LAC,0,0,0,0,0,0,0,0,1,0,0,0,0.0,0.0,1
2021,00-0034930,T.Benson,Trinity Benson,WR,WR,DET,0,0,0,0,0,0,0,0,22,10,103,0,10.3,20.3,7
2021,00-0034955,B.Rypien,Brett Rypien,QB,QB,DEN,2,0,0,0,0,0,0,0,0,0,0,0,0.0,0.0,1
2021,00-0034960,J.Meyers,Jakobi Meyers,WR,WR,NE,2,2,45,0,0,1,9,0,126,83,866,2,103.30000000000001,186.3,16
2021,00-0034972,A.Mattison,Alexander Mattison,RB,RB,MIN,0,0,0,0,0,134,491,3,39,32,228,1,93.9,125.9,16
2021,00-0034981,F.Moreau,Foster Moreau,TE,TE,LV,0,0,0,0,0,0,0,0,44,30,373,3,55.300000000000004,85.3,12
2021,00-0034983,H.Renfrow,Hunter Renfrow,WR,WR,LV,0,0,0,0,0,3,3,0,128,103,1038,9,156.1,259.1,17
2021,00-0034987,E.Speed,E.J. Speed,OLB,LB,IND,0,0,0,0,0,0,0,0,0,0,0,0,12.0,12.0,2
2021,00-0034988,K.Smith,Kaden Smith,TE,TE,NYG,0,0,0,0,0,0,0,0,3,3,33,0,3.3,6.300000000000001,2
2021,00-0035021,A.Dulin,Ashton Dulin,WR,WR,IND,0,0,0,0,0,3,32,0,22,13,173,2,32.5,45.5,14
2021,00-0035022,P.Hart,Penny Hart,WR,WR,SEA,0,0,0,0,0,0,0,0,12,7,59,0,5.8999999999999995,12.9,9
2021,00-0035040,D.Blough,David Blough,QB,QB,DET,0,0,0,0,0,1,6,0,0,0,0,0,0.6,0.6,1
2021,00-0035042,J.Gillan,Jamie Gillan,P,SPEC,CLE,0,0,0,0,0,1,0,0,0,0,0,0,0.0,0.0,1
2021,00-0035045,D.Montgomery,D.J. Montgomery,WR,WR,NYJ,0,0,0,0,0,0,0,0,6,3,36,0,3.6,6.6,1
2021,00-0035099,K.Blasingame,Khari Blasingame,FB,RB,TEN,0,0,0,0,0,3,6,0,2,2,4,0,-0.9999999999999999,1.0,3
2021,00-0035101,D.Davis,Davion Davis,WR,WR,HOU,0,0,0,0,0,0,0,0,3,1,17,0,1.7,2.7,2
2021,00-0035125,A.Ingold,Alec Ingold,FB,RB,LV,0,0,0,0,0,2,1,0,12,10,85,1,14.6,24.6,7
2021,00-0035126,A.Wesley,Antoine Wesley,WR,WR,ARI,0,0,0,0,0,0,0,0,32,19,208,3,38.800000000000004,57.800000000000004,8
2021,00-0035140,M.Hardman,Mecole Hardman,WR,WR,KC,0,0,0,0,0,8,46,0,83,59,693,2,81.9,140.9,17
2021,00-0035156,J.Fox,Jack Fox,P,SPEC,DET,3,2,38,0,0,0,0,0,0,0,0,0,1.52,1.52,3
2021,00-0035184,D.Ozigbo,Devine Ozigbo,RB,RB,NO,0,0,0,0,0,1,-3,0,1,1,7,0,0.4,1.4,1
2021,00-0035187,A.Walter,Austin Walter,RB,RB,NYJ,0,0,0,0,0,26,101,1,3,2,9,0,17.0,19.0,4
2021,00-0035208,O.Zaccheaus,Olamide Zaccheaus,WR,WR,ATL,0,0,0,0,0,1,2,0,53,31,406,3,58.8,89.8,15
2021,00-0035215,D.Harty,Deonte Harty,WR,WR,NO,0,0,0,0,0,5,41,0,59,36,570,3,79.1,115.1,13
2021,00-0035216,D.Johnson,Diontae Johnson,WR,WR,PIT,0,0,0,0,0,5,53,0,169,107,1161,8,167.4,274.4,16
2021,00-0035217,B.Snell,Benny Snell,RB,RB,PIT,0,0,0,0,0,36,98,0,4,2,13,0,11.100000000000001,13.100000000000001,13
2021,00-0035222,Z.Gentry,Zach Gentry,TE,TE,PIT,0,0,0,0,0,0,0,0,25,19,167,0,16.7,35.7,10
2021,00-0035223,U.Gilbert,Ulysees Gilbert,ILB,LB,PIT,0,0,0,0,0,0,0,0,0,0,0,0,6.0,6.0,1
2021,00-0035228,K.Murray,Kyler Murray,QB,QB,ARI,481,333,3787,24,10,88,423,5,0,0,0,0,299.78000000000003,299.78000000000003,14
2021,00-0035229,T.Hockenson,T.J. Hockenson,TE,TE,DET,0,0,0,0,0,0,0,0,84,61,583,4,84.3,145.3,12
2021,00-0035231,C.Wilkins,Christian Wilkins,DE,DL,MIA,0,0,0,0,0,0,0,0,1,1,1,1,6.1,7.1,1
2021,00-0035243,M.Sanders,Miles Sanders,RB,RB,PHI,0,0,0,0,0,137,754,0,34,26,158,0,91.2,117.2,12
2021,00-0035246,J.Arcega-Whiteside,J.J. Arcega-Whiteside,WR,WR,PHI,0,0,0,0,0,0,0,0,5,2,36,0,3.5999999999999996,5.6,3
2021,00-0035249,J.Oliver,Josh Oliver,TE,TE,BAL,0,0,0,0,0,0,0,0,15,9,66,0,6.6,15.600000000000001,10
2021,00-0035250,D.Singletary,Devin Singletary,RB,RB,BUF,0,0,0,0,0,188,870,7,50,40,228,1,157.8,197.8,17
2021,00-0035259,T.Wesco,Trevon Wesco,TE,TE,NYJ,0,0,0,0,0,0,0,0,5,3,35,0,3.5,6.5,4
2021,00-0035261,T.Pollard,Tony Pollard,RB,RB,DAL,0,0,0,0,0,130,719,2,46,39,337,0,123.60000000000001,162.6,15
2021,00-0035268,R.Armstead,Ryquell Armstead,RB,RB,JAX,0,0,0,0,0,15,80,0,4,3,16,0,9.6,12.6,2
2021,00-0035273,Q.Ollison,Qadree Ollison,RB,RB,ATL,0,0,0,0,0,21,105,1,6,4,12,0,15.7,19.700000000000003,6
2021,00-0035289,G.Minshew,Gardner Minshew,QB,QB,PHI,60,41,439,4,1,9,21,0,0,0,0,0,33.660000000000004,33.660000000000004,3
2021,00-0035291,T.Williams,Trayveon Williams,RB,RB,CIN,0,0,0,0,0,15,51,0,2,1,4,0,5.5,6.5,2
2021,00-0035298,S.Miller,Scott Miller,WR,WR,TB,0,0,0,0,0,2,43,1,9,5,38,0,14.1,19.1,5
2021,00-0035308,T.Sweeney,Tommy Sweeney,TE,TE,BUF,0,0,0,0,0,0,0,0,12,9,44,1,10.399999999999999,19.4,7
2021,00-0035311,M.Gaskin,Myles Gaskin,RB,RB,MIA,0,0,0,0,0,173,612,3,63,49,234,4,124.6,173.6,17
2021,00-0035327,C.Moore,C.J. Moore,FS,DB,DET,0,0,0,0,0,1,28,0,0,0,0,0,2.8,2.8,1
2021,00-0035328,M.Nelson,Matt Nelson,T,OL,DET,0,0,0,0,0,0,0,0,1,0,0,0,0.0,0.0,1
2021,00-0035329,D.Parham,Donald Parham,TE,TE,LAC,0,0,0,0,0,0,0,0,27,20,190,3,39.0,59.0,12
2021,00-0035341,T.Irwin,Trenton Irwin,WR,WR,CIN,0,0,0,0,0,0,0,0,5,2,34,0,3.4,5.4,2
2021,00-0035342,P.Laird,Patrick Laird,RB,RB,MIA,0,0,0,0,0,1,4,0,3,3,17,0,2.1,5.1,3
2021,00-0035345,C.Myarick,Chris Myarick,TE,TE,NYG,0,0,0,0,0,0,0,0,6,3,17,1,7.699999999999999,10.7,4
2021,00-0035350,P.Williams,Preston Williams,WR,WR,MIA,0,0,0,0,0,1,7,0,16,6,71,0,7.800000000000001,13.799999999999999,6
2021,00-0035356,T.Jackson,Tyree Jackson,TE,TE,PHI,0,0,0,0,0,0,0,0,7,3,22,1,8.2,11.2,3
2021,00-0035359,D.Sills,David Sills,WR,WR,NYG,0,0,0,0,0,0,0,0,6,2,17,0,1.7,3.7,4
2021,00-0035378,A.Wingard,Andrew Wingard,FS,DB,JAX,0,0,0,0,0,1,4,0,0,0,0,0,0.4,0.4,1
2021,00-0035399,S.Morgan,Stanley Morgan,WR,WR,CIN,0,0,0,0,0,1,3,0,4,2,11,0,1.4000000000000001,3.4000000000000004,3
2021,00-0035406,L.Humphrey,Lil'Jordan Humphrey,WR,WR,NO,0,0,0,0,0,0,0,0,18,13,249,2,36.9,49.9,7
2021,00-0035414,J.Guyton,Jalen Guyton,WR,WR,LAC,0,0,0,0,0,7,34,0,48,31,448,3,66.2,97.2,16
2021,00-0035428,D.Helm,Daniel Helm,TE,TE,LV,0,0,0,0,0,0,0,0,2,1,-1,0,-0.1,0.9,2
2021,00-0035432,J.Moore,Jason Moore,WR,WR,LAC,0,0,0,0,0,0,0,0,4,3,56,0,5.6,8.6,1
2021,00-0035448,D.Crockett,Damarea Crockett,RB,RB,DEN,0,0,0,0,0,3,7,0,0,0,0,0,0.7,0.7,1
2021,00-0035457,T.Johnson,Tyron Johnson,WR,WR,JAX,0,0,0,0,0,0,0,0,5,2,16,0,1.6,3.6,4
2021,00-0035480,M.Taylor,Malik Taylor,WR,WR,GB,0,0,0,0,0,0,0,0,3,2,14,0,1.4,3.4,1
2021,00-0035500,G.Dortch,Greg Dortch,WR,WR,ARI,0,0,0,0,0,1,24,0,3,3,15,0,3.9,6.9,2
2021,00-0035510,J.Smith,Jeff Smith,WR,WR,NYJ,0,0,0,0,0,1,-1,0,17,8,113,0,11.200000000000001,19.2,8
2021,00-0035527,A.Isabella,Andy Isabella,WR,WR,ARI,0,0,0,0,0,0,0,0,1,1,13,0,1.3,2.3,1
2021,00-0035535,D.Slayton,Darius Slayton,WR,WR,NYG,0,0,0,0,0,1,-13,0,58,26,339,2,42.6,68.6,13
2021,00-0035537,T.Johnson,Ty Johnson,RB,RB,NYJ,0,0,0,0,0,61,238,2,55,34,372,2,83.0,117.0,15
2021,00-0035544,T.Kennedy,Tom Kennedy,WR,WR,DET,1,1,75,1,0,0,0,0,10,6,54,0,12.399999999999999,18.4,6
2021,00-0035547,J.Fortson,Joseph Fortson,TE,TE,KC,0,0,0,0,0,0,0,0,5,5,47,2,16.7,21.7,4
2021,00-0035562,J.Horsted,Jesper Horsted,TE,TE,CHI,0,0,0,0,0,0,0,0,3,2,21,2,14.100000000000001,16.1,3
2021,00-0035567,C.Reynolds,Craig Reynolds,RB,RB,DET,0,0,0,0,0,55,230,0,8,7,52,0,28.2,35.199999999999996,5
2021,00-0035572,P.Hesse,Parker Hesse,TE,TE,ATL,0,0,0,0,0,0,0,0,6,5,43,0,4.3,9.3,4
2021,00-0035588,G.Bradbury,Garrett Bradbury,C,OL,MIN,0,0,0,0,0,0,0,0,1,1,21,0,2.1,3.1,1
2021,00-0035593,J.Winfree,Juwann Winfree,WR,WR,GB,0,0,0,0,0,0,0,0,13,8,58,0,3.8,11.8,5
2021,00-0035594,T.Homer,Travis Homer,RB,RB,SEA,0,0,0,0,0,21,177,1,20,16,161,0,45.8,61.8,12
2021,00-0035602,A.Bachman,Alex Bachman,WR,WR,NYG,0,0,0,0,0,1,-3,0,0,0,0,0,-0.3,-0.3,1
2021,00-0035603,K.Blanton,Kendall Blanton,TE,TE,LA,0,0,0,0,0,0,0,0,7,4,37,0,3.6999999999999997,7.7,4
2021,00-0035624,N.Harry,N'Keal Harry,WR,WR,NE,0,0,0,0,0,0,0,0,22,12,184,0,18.4,30.4,9
2021,00-0035628,D.Johnson,D'Ernest Johnson,RB,RB,CLE,0,0,0,0,0,100,534,3,25,19,137,0,85.1,104.1,12
2021,00-0035631,D.Sample,Drew Sample,TE,TE,CIN,0,0,0,0,0,0,0,0,15,11,81,0,8.1,19.1,8
2021,00-0035632,A.Hooker,Amani Hooker,FS,DB,TEN,0,0,0,0,0,0,0,0,1,1,6,0,0.6,1.6,1
2021,00-0035639,P.Campbell,Parris Campbell,WR,WR,IND,0,0,0,0,0,0,0,0,20,10,162,1,22.2,32.2,6
2021,00-0035640,D.Metcalf,DK Metcalf,WR,WR,SEA,0,0,0,0,0,1,6,0,129,75,967,12,169.3,244.3,17
2021,00-0035644,N.Fant,Noah Fant,TE,TE,DEN,0,0,0,0,0,0,0,0,90,68,670,4,91.0,159.0,16
2021,00-0035645,G.Olszewski,Gunner Olszewski,WR,WR,NE,0,0,0,0,0,1,9,0,3,2,31,0,4.0,6.0,4
2021,00-0035657,D.Harris,Damien Harris,RB,RB,NE,0,0,0,0,0,202,929,15,21,18,132,0,192.1,210.1,15
2021,00-0035659,T.McLaurin,Terry McLaurin,WR,WR,WAS,0,0,0,0,0,1,12,0,130,77,1053,5,136.5,213.5,17
2021,00-0035662,M.Brown,Marquise Brown,WR,WR,BAL,0,0,0,0,0,1,5,0,146,91,1008,6,135.3,226.3,16
2021,00-0035664,D.Henderson,Darrell Henderson,RB,RB,LA,0,0,0,0,0,149,688,5,40,29,176,3,134.4,163.4,12
2021,00-0035676,A.Brown,A.J. Brown,WR,WR,TEN,2,0,0,0,0,2,10,0,105,63,869,5,117.9,180.9,13
2021,00-0035685,D.Montgomery,David Montgomery,RB,RB,CHI,1,0,0,0,1,225,849,7,51,42,301,0,153.0,195.0,13
2021,00-0035689,D.Knox,Dawson Knox,TE,TE,BUF,0,0,0,0,0,0,0,0,71,49,587,9,114.7,163.7,15
2021,00-0035700,J.Jacobs,Josh Jacobs,RB,RB,LV,0,0,0,0,0,217,872,9,64,54,348,0,172.0,226.0,15
2021,00-0035703,M.Boykin,Miles Boykin,WR,WR,BAL,0,0,0,0,0,0,0,0,1,1,6,0,0.6,1.6,1
2021,00-0035704,D.Lock,Drew Lock,QB,QB,DEN,111,67,787,2,2,10,53,2,1,1,1,0,50.88,51.88,6
2021,00-0035710,D.Jones,Daniel Jones,QB,QB,NYG,361,232,2428,10,7,62,298,2,1,1,16,0,166.51999999999998,167.51999999999998,11
2021,00-0035715,D.Gore,Derrick Gore,RB,RB,KC,0,0,0,0,0,51,256,2,9,8,105,0,48.1,56.1,8
2021,00-0035719,D.Samuel,Deebo Samuel,WR,WR,SF,2,1,24,1,0,59,365,8,121,77,1405,6,261.96000000000004,338.96000000000004,16
2021,00-0035726,J.Johnson,Jakob Johnson,FB,RB,NE,0,0,0,0,0,0,0,0,5,4,43,0,4.300000000000001,8.3,3
2021,00-0035752,C.Streveler,Chris Streveler,QB,QB,ARI,9,6,36,0,0,3,6,0,0,0,0,0,2.04,2.04,2
2021,00-0035760,J.Patrick,Jacques Patrick,RB,RB,SF,0,0,0,0,0,2,12,0,0,0,0,0,1.2,1.2,1
2021,00-0035771,M.Wilcox,Mitchell Wilcox,TE,TE,CIN,0,0,0,0,0,0,0,0,5,3,16,0,1.6,4.6,1
2021,00-0035806,J.Hasty,Jamycal Hasty,RB,RB,SF,0,0,0,0,0,16,68,1,29,23,157,0,28.5,51.5,10
2021,00-0035823,B.Ellefson,Ben Ellefson,TE,TE,MIN,0,0,0,0,0,0,0,0,1,0,0,0,0.0,0.0,1
2021,00-0035831,J.Robinson,James Robinson,RB,RB,JAX,0,0,0,0,0,164,767,8,46,31,222,0,142.9,173.9,14
2021,00-0035835,N.Cottrell,Nathan Cottrell,RB,RB,JAX,0,0,0,0,0,1,3,0,0,0,0,0,0.3,0.3,1
2021,00-0035844,K.Merritt,Kirk Merritt,WR,WR,MIA,0,0,0,0,0,0,0,0,3,1,13,0,1.3,2.3,1
2021,00-0035859,B.Gillikin,Blake Gillikin,P,SPEC,NO,1,0,0,0,0,0,0,0,0,0,0,0,0.0,0.0,1
2021,00-0035860,T.Jones,Tony Jones,RB,RB,NO,0,0,0,0,0,54,142,0,8,5,29,0,17.1,22.1,10
2021,00-0035864,K.Hinton,Kendall Hinton,WR,WR,DEN,1,1,1,0,0,0,0,0,23,15,175,1,23.54,38.54,10
2021,00-0035883,M.Ffrench,Maurice Ffrench,WR,WR,LAC,0,0,0,0,0,1,3,0,0,0,0,0,0.3,0.3,1
2021,00-0035889,T.Townsend,Tommy Townsend,P,SPEC,KC,1,1,16,0,0,0,0,0,0,0,0,0,0.64,0.64,1
2021,00-0035891,C.White,Cody White,WR,WR,PIT,0,0,0,0,0,0,0,0,6,5,33,0,3.3,8.3,3
2021,00-0035898,D.Bradwell,Darius Bradwell,RB,RB,LAC,0,0,0,0,0,0,0,0,1,0,0,0,0.0,0.0,1
2021,00-0035908,G.Nabers,Gabe Nabers,FB,RB,LAC,0,0,0,0,0,3,8,0,3,3,17,0,2.5,5.5,5
2021,00-0035924,J.Ward,Jonathan Ward,RB,RB,ARI,0,0,0,0,0,9,33,0,4,3,34,0,6.7,9.7,6
2021,00-0035956,G.Ricci,Giovanni Ricci,TE,TE,CAR,0,0,0,0,0,0,0,0,2,0,0,0,0.0,0.0,2
2021,00-0035957,R.Smith,Rodney Smith,RB,RB,CAR,0,0,0,0,0,0,0,0,5,5,48,0,4.8,9.8,1
2021,00-0035973,P.Taylor,Patrick Taylor,RB,RB,GB,0,0,0,0,0,23,89,1,2,2,3,0,15.2,17.2,4
2021,00-0035993,T.Huntley,Tyler Huntley,QB,QB,BAL,188,122,1081,3,4,47,294,2,0,0,0,0,84.64,84.64,7
2021,00-0036011,B.Price,Bobby Price,FS,DB,DET,0,0,0,0,0,0,0,0,1,1,17,0,1.7,2.7,1
2021,00-0036020,S.Ahmed,Salvon Ahmed,RB,RB,MIA,0,0,0,0,0,54,149,0,19,12,117,0,26.6,38.6,11
2021,00-0036032,S.McKeon,Sean McKeon,TE,TE,DAL,0,0,0,0,0,0,0,0,6,4,27,1,8.7,12.7,4
2021,00-0036036,T.Steele,Terence Steele,T,OL,DAL,0,0,0,0,0,0,0,0,1,1,1,1,6.1,7.1,1
2021,00-0036040,J.Johnson,Juwan Johnson,TE,TE,NO,0,0,0,0,0,0,0,0,22,13,159,4,39.9,52.900000000000006,12
2021,00-0036069,S.Phillips,Scottie Phillips,RB,RB,HOU,0,0,0,0,0,6,13,0,3,2,9,0,2.2,4.2,2
2021,00-0036080,E.Winston,Easop Winston,WR,WR,NO,0,0,0,0,0,0,0,0,1,1,5,0,0.5,1.5,1
2021,00-0036096,J.Taylor,J.J. Taylor,RB,RB,NE,0,0,0,0,0,19,37,2,4,4,8,0,14.5,18.5,5
2021,00-0036110,J.Bradley,Ja'Marcus Bradley,WR,WR,CLE,0,0,0,0,0,0,0,0,4,4,64,0,6.3999999999999995,10.399999999999999,2
2021,00-0036133,J.Proche,James Proche,WR,WR,BAL,0,0,0,0,0,0,0,0,20,16,202,0,20.2,36.2,7
2021,00-0036173,T.Hudson,Tommy Hudson,TE,TE,TEN,0,0,0,0,0,0,0,0,6,3,31,0,3.0999999999999996,6.1,4
2021,00-0036182,N.Westbrook-Ikhine,Nick Westbrook-Ikhine,WR,WR,TEN,0,0,0,0,0,0,0,0,57,38,476,4,69.6,107.6,15
2021,00-0036183,K.Wilkerson,Kristian Wilkerson,WR,WR,NE,0,0,0,0,0,0,0,0,8,4,42,2,16.2,20.2,1
2021,00-0036187,R.Gilliam,Reggie Gilliam,FB,RB,BUF,0,0,0,0,0,3,3,0,5,3,23,0,2.6,5.6,6
2021,00-0036196,G.Davis,Gabe Davis,WR,WR,BUF,0,0,0,0,0,0,0,0,63,35,549,6,90.9,125.9,15
2021,00-0036197,J.Fromm,Jake Fromm,QB,QB,NYG,60,27,210,1,3,8,65,0,0,0,0,0,10.9,10.9,3
2021,00-0036212,T.Tagovailoa,Tua Tagovailoa,QB,QB,MIA,388,263,2653,16,10,42,128,3,0,0,0,0,180.92,180.92,13
2021,00-0036215,D.Pinter,Danny Pinter,C,OL,IND,0,0,0,0,0,0,0,0,1,1,2,1,6.2,7.2,1
2021,00-0036219,M.Callaway,Marquez Callaway,WR,WR,NO,0,0,0,0,0,0,0,0,84,46,698,6,105.8,151.79999999999998,17
2021,00-0036223,J.Taylor,Jonathan Taylor,RB,RB,IND,0,0,0,0,0,332,1811,18,51,40,360,2,333.1,373.1,17
2021,00-0036226,J.Eason,Jacob Eason,QB,QB,IND,5,2,25,0,1,0,0,0,0,0,0,0,-1.0,-1.0,1
2021,00-0036228,D.Patmon,Dezmon Patmon,WR,WR,IND,0,0,0,0,0,0,0,0,4,2,21,1,8.100000000000001,10.1,4
2021,00-0036232,H.Bryant,Harrison Bryant,TE,TE,CLE,0,0,0,0,0,0,0,0,28,21,233,3,41.3,62.3,13
2021,00-0036233,D.Peoples-Jones,Donovan Peoples-Jones,WR,WR,CLE,0,0,0,0,0,0,0,0,58,34,597,3,75.7,109.7,13
2021,00-0036244,C.Parkinson,Colby Parkinson,TE,TE,SEA,0,0,0,0,0,0,0,0,8,5,33,0,3.3,8.3,5
2021,00-0036247,F.Swain,Freddie Swain,WR,WR,SEA,0,0,0,0,0,5,32,0,40,25,343,4,61.5,86.5,16
2021,00-0036250,T.Davis,Tyler Davis,TE,TE,GB,0,0,0,0,0,0,0,0,5,4,35,0,3.5,7.5,4
2021,00-0036251,Z.Moss,Zack Moss,RB,RB,BUF,0,0,0,0,0,96,345,4,32,23,197,1,82.2,105.2,13
2021,00-0036252,M.Pittman,Michael Pittman,WR,WR,IND,0,0,0,0,0,5,44,0,129,88,1082,6,150.6,238.6,17
2021,00-0036254,C.Johnson,Collin Johnson,WR,WR,NYG,0,0,0,0,0,0,0,0,21,11,105,0,10.5,21.5,7
2021,00-0036255,D.Mims,Denzel Mims,WR,WR,NYJ,0,0,0,0,0,0,0,0,23,8,133,0,13.3,21.3,10
2021,00-0036259,J.Jennings,Jauan Jennings,WR,WR,SF,0,0,0,0,0,0,0,0,38,24,282,5,58.2,82.19999999999999,13
2021,00-0036261,B.Aiyuk,Brandon Aiyuk,WR,WR,SF,0,0,0,0,0,5,17,0,84,56,826,5,114.3,170.3,16
2021,00-0036264,J.Love,Jordan Love,QB,QB,GB,62,36,411,2,3,12,27,0,0,0,0,0,21.14,21.14,6
2021,00-0036265,A.Dillon,A.J. Dillon,RB,RB,GB,0,0,0,0,0,187,803,5,37,34,313,2,151.6,185.6,17
2021,00-0036268,L.Shenault,Laviska Shenault,WR,WR,JAX,0,0,0,0,0,11,41,0,100,63,619,0,64.0,127.0,16
2021,00-0036269,L.Perine,La'Mical Perine,RB,RB,NYJ,0,0,0,0,0,8,31,0,0,0,0,0,3.0999999999999996,3.0999999999999996,2
2021,00-0036271,Q.Watkins,Quez Watkins,WR,WR,PHI,0,0,0,0,0,1,3,0,62,43,647,1,73.0,116.0,17
2021,00-0036275,D.Swift,D'Andre Swift,RB,RB,DET,1,0,0,0,0,151,617,5,78,62,452,2,146.89999999999998,208.9,13
2021,00-0036277,Q.Cephus,Quintez Cephus,WR,WR,DET,0,0,0,0,0,0,0,0,22,15,204,2,34.4,49.4,5
2021,00-0036278,J.Huntley,Jason Huntley,RB,RB,PHI,0,0,0,0,0,13,51,0,1,0,0,0,5.1,5.1,1
2021,00-0036283,K.Robinson,Kenny Robinson,FS,DB,CAR,0,0,0,0,0,0,0,0,0,0,0,0,6.0,6.0,1
2021,00-0036290,C.Kmet,Cole Kmet,TE,TE,CHI,0,0,0,0,0,1,0,0,93,60,612,0,61.2,121.2,17
2021,00-0036297,D.Evans,Darrynton Evans,RB,RB,TEN,0,0,0,0,0,2,7,0,2,2,11,0,1.8,3.8,1
2021,00-0036308,I.Coulter,Isaiah Coulter,WR,WR,CHI,0,0,0,0,0,0,0,0,1,0,0,0,0.0,0.0,1
2021,00-0036309,D.Mooney,Darnell Mooney,WR,WR,CHI,0,0,0,0,0,6,32,1,140,81,1055,4,138.7,219.7,17
2021,00-0036313,B.Mann,Braden Mann,P,SPEC,NYJ,0,0,0,0,0,1,4,0,0,0,0,0,0.4,0.4,1
2021,00-0036322,J.Jefferson,Justin Jefferson,WR,WR,MIN,4,2,35,0,0,6,14,0,167,108,1616,10,222.4,330.4,17
2021,00-0036326,C.Claypool,Chase Claypool,WR,WR,PIT,0,0,0,0,0,14,96,0,105,59,860,2,107.6,166.6,15
2021,00-0036328,A.Gibson,Antonio Gibson,RB,RB,WAS,0,0,0,0,0,258,1037,7,52,42,294,3,187.1,229.1,16
2021,00-0036331,D.Duvernay,Devin Duvernay,WR,WR,BAL,0,0,0,0,0,7,50,0,47,33,272,2,44.199999999999996,77.2,15
2021,00-0036332,J.Deguara,Josiah Deguara,TE,TE,GB,0,0,0,0,0,0,0,0,33,25,245,2,36.5,61.5,12
2021,00-0036336,A.McFarland,Anthony McFarland,RB,RB,PIT,0,0,0,0,0,3,3,0,1,1,11,0,1.4000000000000001,2.4,2
2021,00-0036345,K.Osborn,K.J. Osborn,WR,WR,MIN,0,0,0,0,0,1,10,0,82,50,655,7,108.5,158.5,17
2021,00-0036355,J.Herbert,Justin Herbert,QB,QB,LAC,672,443,5014,38,15,63,302,3,0,0,0,0,382.76,382.76,17
2021,00-0036357,H.Ruggs,Henry Ruggs,WR,WR,LV,0,0,0,0,0,3,16,0,36,24,469,2,60.5,84.5,7
2021,00-0036358,C.Lamb,CeeDee Lamb,WR,WR,DAL,0,0,0,0,0,9,76,0,120,79,1102,6,153.8,232.8,16
2021,00-0036360,C.Edwards-Helaire,Clyde Edwards-Helaire,RB,RB,KC,0,0,0,0,0,119,517,4,23,19,129,2,98.6,117.6,10
2021,00-0036365,B.Edwards,Bryan Edwards,WR,WR,LV,0,0,0,0,0,1,0,0,59,34,571,3,75.10000000000001,109.1,16
2021,00-0036370,J.Kelley,Joshua Kelley,RB,RB,LAC,0,0,0,0,0,33,102,0,6,5,38,0,12.0,17.0,8
2021,00-0036382,K.Hill,K.J. Hill,WR,WR,LAC,0,0,0,0,0,0,0,0,3,3,30,0,3.0,6.0,1
2021,00-0036383,E.Benjamin,Eno Benjamin,RB,RB,ARI,0,0,0,0,0,34,118,1,7,6,42,0,22.0,28.0,7
2021,00-0036386,A.Thomas,Andrew Thomas,T,OL,NYG,0,0,0,0,0,0,0,0,1,1,2,1,6.2,7.2,1
2021,00-0036387,J.Reagor,Jalen Reagor,WR,WR,PHI,0,0,0,0,0,10,32,0,57,33,299,2,45.1,78.1,17
2021,00-0036389,J.Hurts,Jalen Hurts,QB,QB,PHI,432,265,3144,16,9,139,784,10,1,0,0,0,312.16,312.16,15
2021,00-0036407,J.Jeudy,Jerry Jeudy,WR,WR,DEN,0,0,0,0,0,2,3,0,56,38,467,0,47.0,85.0,10
2021,00-0036410,T.Higgins,Tee Higgins,WR,WR,CIN,0,0,0,0,0,0,0,0,110,74,1091,6,145.1,219.1,14
2021,00-0036412,K.Hamler,K.J. Hamler,WR,WR,DEN,0,0,0,0,0,0,0,0,10,5,74,0,7.3999999999999995,12.399999999999999,3
2021,00-0036414,C.Akers,Cam Akers,RB,RB,LA,0,0,0,0,0,5,3,0,3,3,10,0,1.3,4.3,1
2021,00-0036415,V.Jefferson,Van Jefferson,WR,WR,LA,0,0,0,0,0,2,20,0,89,50,802,6,118.2,168.20000000000002,17
2021,00-0036422,A.Trautman,Adam Trautman,TE,TE,NO,0,0,0,0,0,0,0,0,43,27,263,2,36.300000000000004,63.3,11
2021,00-0036423,A.Okwuegbunam,Albert Okwuegbunam,TE,TE,DEN,0,0,0,0,0,0,0,0,40,33,330,2,43.0,76.0,13
2021,00-0036424,B.Hopkins,Brycen Hopkins,TE,TE,LA,0,0,0,0,0,0,0,0,1,1,9,0,0.9,1.9,1
2021,00-0036425,D.Dallas,DeeJay Dallas,RB,RB,SEA,0,0,0,0,0,33,138,2,23,21,133,0,39.099999999999994,60.099999999999994,11
2021,00-0036427,T.Johnson,Tyler Johnson,WR,WR,TB,0,0,0,0,0,0,0,0,55,36,360,0,36.0,72.0,15
2021,00-0036429,C.Woerner,Charlie Woerner,TE,TE,SF,0,0,0,0,0,0,0,0,6,5,52,0,5.2,10.2,4
2021,00-0036438,S.Sullivan,Stephen Sullivan,TE,TE,CAR,0,0,0,0,0,0,0,0,1,0,0,0,0.0,0.0,1
2021,00-0036439,T.Cleveland,Tyrie Cleveland,WR,WR,DEN,0,0,0,0,0,0,0,0,1,0,0,0,0.0,0.0,1
2021,00-0036442,J.Burrow,Joe Burrow,QB,QB,CIN,520,366,4611,34,14,40,118,2,0,0,0,0,314.24,314.24,16
2021,00-0036450,K.Vaughn,Ke'Shawn Vaughn,RB,RB,TB,0,0,0,0,0,36,180,2,8,4,26,0,32.6,36.6,6
2021,00-0036456,D.Dafney,Dominique Dafney,TE,TE,GB,0,0,0,0,0,0,0,0,4,2,34,0,3.4000000000000004,5.4,4
2021,00-0036457,T.Williams,Ty'Son Williams,RB,RB,BAL,0,0,0,0,0,35,185,1,12,9,84,0,32.9,41.9,7
2021,00-0036482,M.Strachan,Mike Strachan,WR,WR,IND,0,0,0,0,0,0,0,0,3,2,26,0,2.6,4.6,2
2021,00-0036491,T.Black,Tarik Black,WR,WR,NYJ,0,0,0,0,0,0,0,0,2,1,10,0,1.0,2.0,1
2021,00-0036493,D.Jackson,Deon Jackson,RB,RB,IND,0,0,0,0,0,13,31,1,0,0,0,0,9.100000000000001,9.100000000000001,3
2021,00-0036510,K.Yeboah,Kenny Yeboah,TE,TE,NYJ,0,0,0,0,0,0,0,0,3,2,36,0,3.6,5.6,2
2021,00-0036523,T.Ragas,Trey Ragas,RB,RB,LV,0,0,0,0,0,1,9,0,2,2,6,0,1.5,3.5,1
2021,00-0036534,S.Zylstra,Shane Zylstra,TE,TE,DET,0,0,0,0,0,0,0,0,7,3,34,0,3.4000000000000004,6.4,2
2021,00-0036550,R.Bateman,Rashod Bateman,WR,WR,BAL,0,0,0,0,0,0,0,0,68,46,515,1,57.5,103.5,12
2021,00-0036554,N.Collins,Nico Collins,WR,WR,HOU,0,0,0,0,0,0,0,0,60,33,446,1,50.6,83.6,14
2021,00-0036555,C.Hubbard,Chuba Hubbard,RB,RB,CAR,0,0,0,0,0,172,612,5,37,25,174,1,112.6,137.6,16
2021,00-0036556,B.Jordan,Brevin Jordan,TE,TE,HOU,0,0,0,0,0,0,0,0,28,20,178,3,35.8,55.8,8
2021,00-0036567,E.Mitchell,Elijah Mitchell,RB,RB,SF,0,0,0,0,0,207,963,5,20,19,137,1,146.0,165.0,11
2021,00-0036569,G.Brightwell,Gary Brightwell,RB,RB,NYG,0,0,0,0,0,1,4,0,1,1,6,0,1.0,2.0,2
2021,00-0036572,S.Smith,Shi Smith,WR,WR,CAR,0,0,0,0,0,1,-3,0,11,6,104,0,10.1,16.1,5
2021,00-0036582,N.McCrary,Nate McCrary,RB,RB,BAL,0,0,0,0,0,1,-1,0,0,0,0,0,-0.1,-0.1,1
2021,00-0036613,J.Waddle,Jaylen Waddle,WR,WR,MIA,0,0,0,0,0,2,3,1,140,104,1015,6,143.79999999999998,247.8,16
2021,00-0036620,D.Eskridge,D'Wayne Eskridge,WR,WR,SEA,0,0,0,0,0,4,59,0,20,10,64,1,18.3,28.3,8
2021,00-0036626,D.Brown,Dyami Brown,WR,WR,WAS,0,0,0,0,0,1,-4,0,25,12,165,0,16.1,28.1,9
2021,00-0036627,D.Fitzpatrick,Dez Fitzpatrick,WR,WR,TEN,0,0,0,0,0,0,0,0,8,5,49,1,10.9,15.9,3
2021,00-0036628,J.Bates,John Bates,TE,TE,WAS,0,0,0,0,0,0,0,0,25,20,249,1,30.9,50.9,11
2021,00-0036630,T.Wallace,Tylan Wallace,WR,WR,BAL,0,0,0,0,0,0,0,0,6,2,23,0,2.3,4.3,4
2021,00-0036635,I.Smith-Marsette,Ihmir Smith-Marsette,WR,WR,MIN,0,0,0,0,0,0,0,0,6,5,116,2,23.6,28.6,3
2021,00-0036637,N.Gray,Noah Gray,TE,TE,KC,0,0,0,0,0,0,0,0,10,7,36,1,9.6,16.6,7
2021,00-0036650,L.Rountree,Larry Rountree,RB,RB,LAC,0,0,0,0,0,36,87,1,2,1,-1,0,14.600000000000001,15.600000000000001,8
2021,00-0036652,R.McMath,Racey McMath,WR,WR,TEN,0,0,0,0,0,0,0,0,6,2,8,0,-1.2000000000000002,0.7999999999999998,5
2021,00-0036654,D.Felton,Demetric Felton,RB,RB,CLE,0,0,0,0,0,7,24,0,21,18,181,2,32.5,50.5,11
2021,00-0036657,S.Williams,Seth Williams,WR,WR,DEN,0,0,0,0,0,0,0,0,1,1,34,0,3.4,4.4,1
2021,00-0036669,K.Hill,Kylin Hill,RB,RB,GB,0,0,0,0,0,10,24,0,2,1,5,0,2.9,3.9,4
2021,00-0036670,J.Jefferson,Jermar Jefferson,RB,RB,DET,0,0,0,0,0,15,74,2,5,4,23,0,21.7,25.7,4
2021,00-0036671,D.Milne,Dax Milne,WR,WR,WAS,0,0,0,0,0,1,1,0,14,9,83,0,6.4,15.4,9
2021,00-0036698,M.Sargent,Mekhi Sargent,RB,RB,JAX,0,0,0,0,0,1,2,0,1,0,0,0,0.2,0.2,1
2021,00-0036698,M.Sargent,Mekhi Sargent,RB,RB,LA,0,0,0,0,0,2,5,0,0,0,0,0,0.5,0.5,1
2021,00-0036698,M.Sargent,Mekhi Sargent,RB,RB,TEN,0,0,0,0,0,2,4,0,0,0,0,0,0.4,0.4,2
2021,00-0036727,A.Prentice,Adam Prentice,FB,RB,NO,0,0,0,0,0,3,5,0,3,3,16,0,2.1,5.1,4
2021,00-0036741,J.Stoll,Jack Stoll,TE,TE,PHI,0,0,0,0,0,0,0,0,5,4,22,0,2.2,6.2,3
2021,00-0036754,B.Wright,Brock Wright,TE,TE,DET,0,0,0,0,0,0,0,0,17,12,117,2,23.700000000000003,35.7,7
2021,00-0036755,J.Patterson,Jaret Patterson,RB,RB,WAS,0,0,0,0,0,68,266,2,11,10,73,0,45.9,55.9,14
2021,00-0036768,J.Hardy,Jaquan Hardy,RB,RB,DAL,0,0,0,0,0,4,29,1,0,0,0,0,8.9,8.9,2
2021,00-0036825,F.Franks,Feleipe Franks,TE,TE,ATL,1,0,0,0,1,3,6,0,0,0,0,0,-1.4,-1.4,3
2021,00-0036842,K.Nwangwu,Kene Nwangwu,RB,RB,MIN,0,0,0,0,0,13,61,0,5,4,9,0,19.0,23.0,6
2021,00-0036857,C.Evans,Chris Evans,RB,RB,CIN,0,0,0,0,0,17,77,0,17,15,151,2,34.8,49.8,9
2021,00-0036860,J.Funk,Jake Funk,RB,RB,LA,0,0,0,0,0,2,5,0,0,0,0,0,0.5,0.5,2
2021,00-0036862,B.Skowronek,Ben Skowronek,WR,WR,LA,0,0,0,0,0,0,0,0,20,11,133,0,13.3,24.3,7
2021,00-0036875,R.Stevenson,Rhamondre Stevenson,RB,RB,NE,0,0,0,0,0,133,606,5,18,14,123,0,100.89999999999999,114.89999999999999,12
2021,00-0036876,K.Granson,Kylen Granson,TE,TE,IND,0,0,0,0,0,0,0,0,15,11,106,0,10.6,21.6,10
2021,00-0036877,J.Darden,Jaelon Darden,WR,WR,TB,0,0,0,0,0,1,11,0,12,6,43,0,5.4,11.399999999999999,7
2021,00-0036879,S.Ehlinger,Sam Ehlinger,QB,QB,IND,0,0,0,0,0,3,9,0,0,0,0,0,0.9,0.9,3
2021,00-0036887,L.Farrell,Luke Farrell,TE,TE,JAX,0,0,0,0,0,0,0,0,11,7,56,0,5.6,12.6,8
2021,00-0036893,N.Harris,Najee Harris,RB,RB,PIT,0,0,0,0,0,307,1200,7,94,74,467,3,226.7,300.7,17
2021,00-0036894,P.Freiermuth,Pat Freiermuth,TE,TE,PIT,0,0,0,0,0,0,0,0,79,60,497,7,91.7,151.7,16
2021,00-0036898,D.Mills,Davis Mills,QB,QB,HOU,394,263,2664,16,10,18,44,0,0,0,0,0,156.95999999999998,156.95999999999998,13
2021,00-0036900,J.Chase,Ja'Marr Chase,WR,WR,CIN,0,0,0,0,0,7,21,0,128,81,1455,13,223.6,304.6,17
2021,00-0036906,K.Herbert,Khalil Herbert,RB,RB,CHI,0,0,0,0,0,103,433,2,16,14,96,0,64.9,78.9,14
2021,00-0036907,D.Newsome,Dazz Newsome,WR,WR,CHI,0,0,0,0,0,0,0,0,5,2,23,0,2.3,4.3,3
2021,00-0036910,C.Saunders,C.J. Saunders,WR,WR,CAR,0,0,0,0,0,0,0,0,2,2,11,0,1.1,3.1,1
2021,00-0036912,D.Smith,DeVonta Smith,WR,WR,PHI,0,0,0,0,0,0,0,0,104,64,916,5,121.60000000000001,185.6,17
2021,00-0036913,K.Toney,Kadarius Toney,WR,WR,NYG,3,1,19,0,0,3,6,0,57,39,420,0,43.36,82.36,9
2021,00-0036919,K.Gainwell,Kenneth Gainwell,RB,RB,PHI,0,0,0,0,0,68,291,5,50,33,253,1,90.4,123.4,16
2021,00-0036924,M.Carter,Michael Carter,RB,RB,NYJ,0,0,0,0,0,147,639,4,55,36,325,0,118.4,154.4,14
2021,00-0036929,I.Book,Ian Book,QB,QB,NO,20,12,135,0,2,3,6,0,0,0,0,0,2.0,2.0,1
2021,00-0036936,R.Moore,Rondale Moore,WR,WR,ARI,0,0,0,0,0,18,76,0,64,54,435,1,57.1,111.1,14
2021,00-0036945,J.Fields,Justin Fields,QB,QB,CHI,270,159,1870,7,10,72,420,2,0,0,0,0,126.8,126.8,12
2021,00-0036946,K.Mond,Kellen Mond,QB,QB,MIN,3,2,5,0,0,0,0,0,0,0,0,0,0.2,0.2,1
2021,00-0036951,F.Darby,Frank Darby,WR,WR,ATL,0,0,0,0,0,0,0,0,4,1,14,0,1.4,2.4,2
2021,00-0036955,T.Marshall,Terrace Marshall,WR,WR,CAR,0,0,0,0,0,0,0,0,30,17,138,0,15.8,32.800000000000004,12
2021,00-0036963,A.St. Brown,Amon-Ra St. Brown,WR,WR,DET,0,0,0,0,0,7,61,1,119,90,912,5,137.3,227.3,16
2021,00-0036970,K.Pitts,Kyle Pitts,TE,TE,ATL,0,0,0,0,0,0,0,0,110,68,1026,1,108.6,176.6,17
2021,00-0036971,T.Lawrence,Trevor Lawrence,QB,QB,JAX,602,359,3641,12,17,73,334,2,0,0,0,0,199.04,199.04,17
2021,00-0036972,M.Jones,Mac Jones,QB,QB,NE,521,352,3801,22,13,44,129,0,0,0,0,0,224.94,224.94,17
2021,00-0036980,E.Moore,Elijah Moore,WR,WR,NYJ,0,0,0,0,0,5,54,1,77,43,538,5,95.19999999999999,138.2,11
2021,00-0036982,C.Golston,Chauncey Golston,DT,DL,DAL,0,0,0,0,0,0,0,0,0,0,0,0,6.0,6.0,1
2021,00-0036984,T.Sermon,Trey Sermon,RB,RB,SF,0,0,0,0,0,41,167,1,4,3,26,0,25.3,28.3,5
2021,00-0036986,N.Wright,Nahshon Wright,CB,DB,DAL,0,0,0,0,0,0,0,0,0,0,0,0,6.0,6.0,1
2021,00-0036988,J.Palmer,Josh Palmer,WR,WR,LAC,0,0,0,0,0,1,6,0,49,33,353,4,59.9,92.9,15
2021,00-0036991,A.Rodgers,Amari Rodgers,WR,WR,GB,0,0,0,0,0,1,11,0,8,4,45,0,5.6,9.6,4
2021,00-0036997,J.Williams,Javonte Williams,RB,RB,DEN,0,0,0,0,0,203,903,4,53,43,316,3,161.9,204.9,17
2021,00-0036999,A.Schwartz,Anthony Schwartz,WR,WR,CLE,0,0,0,0,0,6,39,0,23,10,135,1,23.400000000000002,33.4,12
2021,00-0037004,H.Long,Hunter Long,TE,TE,MIA,0,0,0,0,0,0,0,0,3,1,8,0,0.8,1.8,3
2021,00-0037005,T.Tremble,Tommy Tremble,TE,TE,CAR,0,0,0,0,0,3,11,1,35,20,180,1,33.1,53.1,14
2021,00-0037011,T.McKitty,Tre' McKitty,TE,TE,LAC,0,0,0,0,0,0,0,0,8,6,45,0,4.5,10.5,6
2021,00-0037012,T.Lance,Trey Lance,QB,QB,SF,71,41,603,5,2,38,168,1,0,0,0,0,64.92,64.92,6
2021,00-0037013,Z.Wilson,Zach Wilson,QB,QB,NYJ,383,213,2334,9,11,29,185,4,1,0,0,0,151.85999999999999,151.85999999999999,13
2022,00-0019596,T.Brady,Tom Brady,QB,QB,TB,733,490,4694,25,9,29,-1,1,1,0,0,0,271.66,271.66,17
2022,00-0022824,A.Lee,Andy Lee,P,SPEC,ARI,1,1,4,0,0,0,0,0,0,0,0,0,0.16,0.16,1
2022,00-0023459,A.Rodgers,Aaron Rodgers,QB,QB,GB,542,350,3695,26,12,34,94,1,0,0,0,0,239.2,239.2,17
2022,00-0024243,M.Lewis,Marcedes Lewis,TE,TE,GB,0,0,0,0,0,0,0,0,7,6,66,2,20.6,26.6,6
2022,00-0026143,M.Ryan,Matt Ryan,QB,QB,IND,461,309,3057,14,13,27,70,1,0,0,0,0,155.28,155.28,12
2022,00-0026158,J.Flacco,Joe Flacco,QB,QB,NYJ,191,110,1051,5,3,3,6,0,0,0,0,0,48.64,48.64,5
2022,00-0026189,D.Jackson,DeSean Jackson,WR,WR,BAL,0,0,0,0,0,0,0,0,17,9,153,0,15.3,24.3,7
2022,00-0026197,C.Henne,Chad Henne,QB,QB,KC,2,0,0,0,0,5,-5,0,0,0,0,0,-0.5,-0.5,2
2022,00-0026300,J.Johnson,Josh Johnson,QB,QB,SF,2,1,10,0,0,2,3,0,0,0,0,0,0.7,0.7,1
2022,00-0026498,M.Stafford,Matthew Stafford,QB,QB,LA,303,206,2087,10,8,13,9,1,0,0,0,0,108.38,108.38,9
2022,00-0026544,C.Daniel,Chase Daniel,QB,QB,LAC,12,8,52,1,0,1,4,0,0,0,0,0,8.48,8.48,3
2022,00-0026625,B.Hoyer,Brian Hoyer,QB,QB,NE,6,5,37,0,0,0,0,0,0,0,0,0,1.48,1.48,1
2022,00-0027688,C.McCoy,Colt McCoy,QB,QB,ARI,132,90,780,1,3,14,36,0,0,0,0,0,32.8,32.8,4
2022,00-0027942,A.Green,A.J. Green,WR,WR,ARI,0,0,0,0,0,0,0,0,47,24,236,2,37.6,61.6,13
2022,00-0027944,J.Jones,Julio Jones,WR,WR,TB,0,0,0,0,0,5,45,0,43,24,299,2,46.4,70.4,10
2022,00-0027948,B.Gabbert,Blaine Gabbert,QB,QB,TB,8,6,29,1,0,0,0,0,0,0,0,0,5.16,5.16,1
2022,00-0027966,M.Ingram,Mark Ingram,RB,RB,NO,0,0,0,0,0,62,233,1,18,16,68,0,34.1,50.1,10
2022,00-0027973,A.Dalton,Andy Dalton,QB,QB,NO,378,252,2871,18,9,30,54,0,0,0,0,0,174.24,174.24,14
2022,00-0027981,K.Rudolph,Kyle Rudolph,TE,TE,TB,0,0,0,0,0,0,0,0,5,3,28,1,8.8,11.8,5
2022,00-0028002,R.Cobb,Randall Cobb,WR,WR,GB,0,0,0,0,0,0,0,0,50,34,417,1,47.7,81.7,13
2022,00-0028118,T.Taylor,Tyrod Taylor,QB,QB,NYG,8,6,58,1,1,5,70,0,0,0,0,0,11.32,11.32,2
2022,00-0028292,N.Bellore,Nick Bellore,ILB,LB,SEA,0,0,0,0,0,1,3,0,0,0,0,0,0.3,0.3,1
2022,00-0028986,C.Keenum,Case Keenum,QB,QB,BUF,7,2,8,0,0,5,0,0,0,0,0,0,0.32,0.32,2
2022,00-0029000,C.Beasley,Cole Beasley,WR,WR,BUF,0,0,0,0,0,0,0,0,2,2,18,0,1.8,3.8,2
2022,00-0029000,C.Beasley,Cole Beasley,WR,WR,TB,0,0,0,0,0,0,0,0,5,4,17,0,1.7,5.7,2
2022,00-0029239,B.Bolden,Brandon Bolden,RB,RB,LV,0,0,0,0,0,17,66,0,9,9,57,1,18.3,27.3,8
2022,00-0029263,R.Wilson,Russell Wilson,QB,QB,DEN,483,292,3524,16,11,55,277,3,1,1,1,0,224.76,225.76,15
2022,00-0029293,M.Jones,Marvin Jones,WR,WR,JAX,0,0,0,0,0,0,0,0,81,46,529,3,70.9,116.89999999999999,16
2022,00-0029567,N.Foles,Nick Foles,QB,QB,IND,42,25,225,0,4,2,8,0,0,0,0,0,1.8,1.8,2
2022,00-0029604,K.Cousins,Kirk Cousins,QB,QB,MIN,643,424,4547,29,14,31,97,2,0,0,0,0,291.58,291.58,17
2022,00-0029608,T.Hilton,T.Y. Hilton,WR,WR,DAL,0,0,0,0,0,0,0,0,10,7,121,0,12.1,19.099999999999998,3
2022,00-0029664,J.Gordon,Josh Gordon,WR,WR,TEN,0,0,0,0,0,0,0,0,1,0,0,0,0.0,0.0,1
2022,00-0029692,B.Anger,Bryan Anger,P,SPEC,DAL,0,0,0,0,0,1,0,0,0,0,0,0,0.0,0.0,1
2022,00-0029701,R.Tannehill,Ryan Tannehill,QB,QB,TEN,325,212,2536,14,6,34,98,2,0,0,0,0,165.24,165.24,12
2022,00-0029892,K.Juszczyk,Kyle Juszczyk,FB,RB,SF,0,0,0,0,0,7,26,1,23,19,200,1,34.6,53.6,13
2022,00-0030035,A.Thielen,Adam Thielen,WR,WR,MIN,0,0,0,0,0,1,4,0,107,70,716,6,110.0,180.0,17
2022,00-0030061,Z.Ertz,Zach Ertz,TE,TE,ARI,0,0,0,0,0,0,0,0,69,47,406,4,68.6,115.60000000000001,10
2022,00-0030068,M.Goodwin,Marquise Goodwin,WR,WR,SEA,0,0,0,0,0,2,5,0,42,27,387,4,63.2,90.2,12
2022,00-0030074,D.Bakhtiari,David Bakhtiari,T,OL,GB,0,0,0,0,0,0,0,0,1,0,0,0,0.0,0.0,1
2022,00-0030108,R.Griffin,Ryan Griffin,TE,TE,CHI,0,0,0,0,0,0,0,0,8,4,26,0,2.6,6.6,7
2022,00-0030279,K.Allen,Keenan Allen,WR,WR,LAC,0,0,0,0,0,1,8,0,89,66,752,4,98.0,164.0,10
2022,00-0030288,R.Burkhead,Rex Burkhead,RB,RB,HOU,1,0,0,0,0,26,80,0,51,37,204,1,34.4,71.4,15
2022,00-0030431,R.Woods,Robert Woods,WR,WR,TEN,0,0,0,0,0,0,0,0,91,53,527,2,64.7,117.7,17
2022,00-0030456,G.Bernard,Giovani Bernard,RB,RB,TB,0,0,0,0,0,8,28,0,2,2,-1,0,2.7,4.7,2
2022,00-0030506,T.Kelce,Travis Kelce,TE,TE,KC,0,0,0,0,0,2,5,0,152,110,1338,12,206.3,316.3,17
2022,00-0030513,L.Murray,Latavius Murray,RB,RB,DEN,0,0,0,0,0,160,703,5,34,26,124,0,114.7,140.7,12
2022,00-0030513,L.Murray,Latavius Murray,RB,RB,NO,0,0,0,0,0,11,57,1,1,1,8,0,12.5,13.5,1
2022,00-0030564,D.Hopkins,DeAndre Hopkins,WR,WR,ARI,0,0,0,0,0,0,0,0,96,64,717,3,87.7,151.7,9
2022,00-0030565,G.Smith,Geno Smith,QB,QB,SEA,572,399,4282,30,11,68,366,1,0,0,0,0,303.88,303.88,17
2022,00-0030578,C.Patterson,Cordarrelle Patterson,RB,RB,ATL,0,0,0,0,0,144,695,8,31,21,122,0,133.7,154.7,13
2022,00-0030874,D.Williams,Damien Williams,RB,RB,ATL,0,0,0,0,0,2,2,0,0,0,0,0,0.2,0.2,1
2022,00-0030968,K.Smith,Keith Smith,FB,RB,ATL,0,0,0,0,0,1,2,0,2,1,8,0,1.0,2.0,2
2022,00-0031051,J.Brown,John Brown,WR,WR,BUF,0,0,0,0,0,0,0,0,2,1,42,1,10.2,11.2,2
2022,00-0031236,B.Cooks,Brandin Cooks,WR,WR,HOU,0,0,0,0,0,2,7,0,93,57,699,3,88.6,145.6,13
2022,00-0031237,T.Bridgewater,Teddy Bridgewater,QB,QB,MIA,79,49,683,4,4,3,27,0,0,0,0,0,38.019999999999996,38.019999999999996,5
2022,00-0031260,L.Thomas,Logan Thomas,TE,TE,WAS,0,0,0,0,0,0,0,0,61,39,323,1,38.3,77.3,13
2022,00-0031273,C.Brate,Cameron Brate,TE,TE,TB,0,0,0,0,0,0,0,0,38,20,174,0,17.4,37.4,9
2022,00-0031280,D.Carr,Derek Carr,QB,QB,LV,502,305,3522,24,14,24,102,0,0,0,0,0,219.08,219.08,15
2022,00-0031325,S.Watkins,Sammy Watkins,WR,WR,BAL,0,0,0,0,0,0,0,0,5,3,119,0,9.9,12.9,2
2022,00-0031325,S.Watkins,Sammy Watkins,WR,WR,GB,0,0,0,0,0,0,0,0,22,13,206,0,20.6,33.6,7
2022,00-0031345,J.Garoppolo,Jimmy Garoppolo,QB,QB,SF,308,207,2437,16,4,23,33,2,0,0,0,0,164.78,164.78,11
2022,00-0031376,J.McKinnon,Jerick McKinnon,RB,RB,KC,0,0,0,0,0,72,291,1,71,56,512,9,140.3,196.3,17
2022,00-0031381,D.Adams,Davante Adams,WR,WR,LV,0,0,0,0,0,3,-1,0,180,100,1516,14,235.5,335.5,17
2022,00-0031382,J.Landry,Jarvis Landry,WR,WR,NO,0,0,0,0,0,0,0,0,39,25,272,1,35.2,60.2,9
2022,00-0031384,R.Rodgers,Richard Rodgers,TE,TE,LAC,0,0,0,0,0,0,0,0,4,1,4,0,0.4,1.4,3
2022,00-0031408,M.Evans,Mike Evans,WR,WR,TB,0,0,0,0,0,0,0,0,127,77,1124,6,148.4,225.4,15
2022,00-0031428,A.Robinson,Allen Robinson,WR,WR,LA,0,0,0,0,0,0,0,0,52,33,339,3,51.9,84.9,10
2022,00-0031484,C.Manhertz,Chris Manhertz,TE,TE,JAX,0,0,0,0,0,0,0,0,8,6,42,0,4.2,10.2,6
2022,00-0031503,J.Winston,Jameis Winston,QB,QB,NO,115,73,858,4,5,5,16,0,0,0,0,0,43.92,43.92,3
2022,00-0031544,A.Cooper,Amari Cooper,WR,WR,CLE,1,0,0,0,1,0,0,0,132,78,1160,9,168.0,246.0,17
2022,00-0031545,K.White,Kevin White,WR,WR,NO,0,0,0,0,0,0,0,0,5,2,74,0,7.4,9.4,4
2022,00-0031547,D.Parker,DeVante Parker,WR,WR,NE,0,0,0,0,0,0,0,0,47,31,539,3,71.9,102.9,12
2022,00-0031549,N.Agholor,Nelson Agholor,WR,WR,NE,0,0,0,0,0,0,0,0,53,31,362,2,44.2,75.2,14
2022,00-0031558,M.Williams,Maxx Williams,TE,TE,ARI,0,0,0,0,0,0,0,0,3,3,18,0,1.8,4.8,2
2022,00-0031585,M.Pruitt,MyCole Pruitt,TE,TE,ATL,0,0,0,0,0,0,0,0,21,16,150,4,39.0,55.0,10
2022,00-0031588,S.Diggs,Stefon Diggs,WR,WR,BUF,0,0,0,0,0,1,-3,0,154,108,1429,11,208.6,316.6,16
2022,00-0031595,M.Burton,Michael Burton,FB,RB,KC,0,0,0,0,0,5,7,0,3,2,11,0,1.8,3.8,6
2022,00-0031610,D.Waller,Darren Waller,TE,TE,LV,0,0,0,0,0,0,0,0,43,28,388,3,56.8,84.8,8
2022,00-0031687,R.Mostert,Raheem Mostert,RB,RB,MIA,0,0,0,0,0,181,891,3,42,31,202,2,137.3,168.3,16
2022,00-0031690,E.Tomlinson,Eric Tomlinson,TE,TE,DEN,0,0,0,0,0,0,0,0,13,9,79,2,19.900000000000002,28.9,8
2022,00-0031763,D.Carter,DeAndre Carter,WR,WR,LAC,0,0,0,0,0,2,-15,0,65,46,538,3,68.3,114.3,16
2022,00-0031787,J.Kumerow,Jake Kumerow,WR,WR,BUF,0,0,0,0,0,0,0,0,7,4,64,0,6.4,10.4,4
2022,00-0031800,T.Heinicke,Taylor Heinicke,QB,QB,WAS,259,161,1859,12,6,28,96,1,0,0,0,0,115.96,115.96,9
2022,00-0031806,M.Brown,Malcolm Brown,RB,RB,LA,0,0,0,0,0,18,81,1,6,5,37,0,17.8,22.8,7
2022,00-0031868,D.Byrd,Damiere Byrd,WR,WR,ATL,0,0,0,0,0,0,0,0,23,13,268,2,38.8,51.8,12
2022,00-0031941,J.Crowder,Jamison Crowder,WR,WR,BUF,0,0,0,0,0,0,0,0,13,6,60,0,6.0,12.0,4
2022,00-0032054,B.Perriman,Breshad Perriman,WR,WR,TB,0,0,0,0,0,2,-7,0,19,9,110,1,14.3,23.3,8
2022,00-0032058,T.Coleman,Tevin Coleman,RB,RB,SF,0,0,0,0,0,12,26,1,3,3,44,1,19.0,22.0,2
2022,00-0032062,B.Bell,Blake Bell,TE,TE,KC,0,0,0,0,0,0,0,0,2,2,20,1,8.0,10.0,2
2022,00-0032063,M.Davis,Mike Davis,RB,RB,BAL,0,0,0,0,0,8,18,0,2,2,4,0,2.2,4.2,5
2022,00-0032104,A.Abdullah,Ameer Abdullah,RB,RB,LV,0,0,0,0,0,4,20,0,32,25,211,1,29.099999999999998,54.1,13
2022,00-0032128,C.Conley,Chris Conley,WR,WR,HOU,0,0,0,0,0,0,0,0,2,0,0,0,0.0,0.0,1
2022,00-0032128,C.Conley,Chris Conley,WR,WR,TEN,0,0,0,0,0,0,0,0,5,4,46,0,4.6,8.600000000000001,3
2022,00-0032134,C.Uzomah,C.J. Uzomah,TE,TE,NYJ,0,0,0,0,0,0,0,0,27,21,232,2,35.2,56.2,12
2022,00-0032141,G.Swaim,Geoff Swaim,TE,TE,TEN,0,0,0,0,0,0,0,0,16,12,58,1,11.8,23.8,11
2022,00-0032144,M.Gordon,Melvin Gordon,RB,RB,DEN,0,0,0,0,0,90,318,2,32,25,223,0,62.1,87.1,10
2022,00-0032156,T.Siemian,Trevor Siemian,QB,QB,CHI,26,15,184,1,1,4,8,0,0,0,0,0,10.16,10.16,2
2022,00-0032187,D.Johnson,David Johnson,RB,RB,NO,0,0,0,0,0,12,24,0,4,4,47,0,5.1,9.1,4
2022,00-0032200,T.Montgomery,Ty Montgomery,WR,WR,NE,0,0,0,0,0,2,-2,0,4,3,15,1,7.3,10.3,1
2022,00-0032208,P.Dorsett,Phillip Dorsett,WR,WR,HOU,1,0,0,0,0,0,0,0,40,20,257,1,31.7,51.7,14
2022,00-0032211,T.Lockett,Tyler Lockett,WR,WR,SEA,0,0,0,0,0,0,0,0,117,84,1033,9,155.3,239.3,16
2022,00-0032214,T.Kroft,Tyler Kroft,TE,TE,SF,0,0,0,0,0,0,0,0,5,4,57,0,5.699999999999999,9.7,4
2022,00-0032257,D.Johnson,Duke Johnson,RB,RB,BUF,0,0,0,0,0,2,4,0,0,0,0,0,0.4,0.4,1
2022,00-0032268,M.Mariota,Marcus Mariota,QB,QB,ATL,300,184,2219,15,9,85,438,4,0,0,0,0,196.56,196.56,13
2022,00-0032385,S.Shepard,Sterling Shepard,WR,WR,NYG,0,0,0,0,0,0,0,0,24,13,154,1,21.4,34.4,3
2022,00-0032392,A.Hooper,Austin Hooper,TE,TE,TEN,0,0,0,0,0,0,0,0,60,41,444,2,56.4,97.4,17
2022,00-0032394,N.Vannett,Nick Vannett,TE,TE,NO,0,0,0,0,0,0,0,0,2,2,13,0,1.3,3.3,2
2022,00-0032394,N.Vannett,Nick Vannett,TE,TE,NYG,0,0,0,0,0,0,0,0,7,4,42,0,4.2,8.2,3
2022,00-0032398,C.Moore,Chris Moore,WR,WR,HOU,0,0,0,0,0,3,3,0,74,48,548,2,67.1,115.1,15
2022,00-0032434,B.Allen,Brandon Allen,QB,QB,CIN,3,3,22,0,0,3,-1,0,0,0,0,0,0.78,0.78,1
2022,00-0032436,J.Driskel,Jeff Driskel,QB,QB,HOU,20,14,108,1,0,20,75,0,1,1,4,0,16.22,17.22,7
2022,00-0032437,K.Grugier-Hill,Kamu Grugier-Hill,ILB,LB,ARI,0,0,0,0,0,0,0,0,1,1,4,0,0.4,1.4,1
2022,00-0032450,D.Washington,Dwayne Washington,RB,RB,NO,0,0,0,0,0,11,38,0,1,1,7,0,4.5,5.5,3
2022,00-0032464,K.Raymond,Kalif Raymond,WR,WR,DET,0,0,0,0,0,7,36,0,64,47,616,0,69.2,116.2,16
2022,00-0032496,M.Farley,Matthias Farley,FS,DB,LV,0,0,0,0,0,1,-3,0,0,0,0,0,-0.3,-0.3,1
2022,00-0032602,J.McKissic,J.D. McKissic,RB,RB,WAS,0,0,0,0,0,22,95,0,40,27,173,0,28.8,55.8,8
2022,00-0032688,R.Chosen,Robbie Chosen,WR,WR,ARI,0,0,0,0,0,0,0,0,17,7,76,0,7.6,14.600000000000001,7
2022,00-0032688,R.Chosen,Robbie Chosen,WR,WR,CAR,0,0,0,0,0,0,0,0,27,13,206,1,24.6,37.6,5
2022,00-0032725,S.Anderson,Stephen Anderson,TE,TE,ARI,0,0,0,0,0,0,0,0,7,3,9,0,0.8999999999999999,3.9000000000000004,5
2022,00-0032764,D.Henry,Derrick Henry,RB,RB,TEN,2,2,4,1,0,349,1538,13,41,33,398,0,269.76,302.76,16
2022,00-0032765,M.Thomas,Michael Thomas,WR,WR,NO,0,0,0,0,0,0,0,0,22,16,171,3,35.1,51.1,3
2022,00-0032775,D.Robinson,Demarcus Robinson,WR,WR,BAL,0,0,0,0,0,0,0,0,75,48,458,2,55.800000000000004,103.8,16
2022,00-0032780,J.Howard,Jordan Howard,RB,RB,NO,0,0,0,0,0,1,1,0,0,0,0,0,0.1,0.1,1
2022,00-0032792,N.Sudfeld,Nate Sudfeld,QB,QB,DET,0,0,0,0,0,5,-4,0,0,0,0,0,-0.4,-0.4,2
2022,00-0032807,C.Fejedelem,Clayton Fejedelem,SS,DB,MIA,0,0,0,0,0,1,0,0,0,0,0,0,0.0,0.0,1
2022,00-0032897,D.Watt,Derek Watt,FB,RB,PIT,0,0,0,0,0,9,21,1,5,5,11,1,15.2,20.2,10
2022,00-0032918,C.Ham,C.J. Ham,FB,RB,MIN,0,0,0,0,0,4,7,2,12,10,86,0,21.3,31.299999999999997,9
2022,00-0032943,R.Dixon,Riley Dixon,P,SPEC,LA,2,2,18,0,0,0,0,0,0,0,0,0,0.72,0.72,2
2022,00-0032950,C.Wentz,Carson Wentz,QB,QB,WAS,276,172,1755,11,9,22,86,1,0,0,0,0,112.8,112.8,8
2022,00-0032951,L.Treadwell,Laquon Treadwell,WR,WR,SEA,0,0,0,0,0,0,0,0,10,6,42,0,4.2,10.2,3
2022,00-0032958,W.Parks,Will Parks,FS,DB,NYJ,0,0,0,0,0,0,0,0,0,0,0,0,6.0,6.0,1
2022,00-0032975,J.Williams,Jonathan Williams,RB,RB,WAS,0,0,0,0,0,37,152,0,10,7,40,0,19.2,26.2,7
2022,00-0032980,M.Johnson,Marcus Johnson,WR,WR,NYG,0,0,0,0,0,0,0,0,22,9,99,0,9.9,18.9,5
2022,00-0033009,T.Boyd,Tyler Boyd,WR,WR,CIN,1,1,23,0,0,0,0,0,82,58,762,5,109.12,167.12,16
2022,00-0033040,T.Hill,Tyreek Hill,WR,WR,MIA,0,0,0,0,0,7,32,1,170,119,1710,7,222.2,341.2,17
2022,00-0033045,E.Elliott,Ezekiel Elliott,RB,RB,DAL,0,0,0,0,0,231,876,12,23,17,92,0,168.8,185.8,15
2022,00-0033057,J.Conklin,Jack Conklin,T,OL,CLE,0,0,0,0,0,0,0,0,1,0,0,0,0.0,0.0,1
2022,00-0033077,D.Prescott,Dak Prescott,QB,QB,DAL,394,261,2860,23,15,45,182,1,0,0,0,0,198.6,198.6,12
2022,00-0033090,H.Henry,Hunter Henry,TE,TE,NE,0,0,0,0,0,0,0,0,59,41,509,2,62.9,103.9,16
2022,00-0033106,J.Goff,Jared Goff,QB,QB,DET,587,382,4438,29,7,29,73,0,1,1,5,0,283.32,284.32,17
2022,00-0033110,T.Higbee,Tyler Higbee,TE,TE,LA,0,0,0,0,0,0,0,0,108,72,620,3,80.0,152.0,16
2022,00-0033111,P.Cooper,Pharoh Cooper,WR,WR,ARI,0,0,0,0,0,4,15,0,2,2,6,0,2.1,4.1,2
2022,00-0033114,M.Thomas,Mike Thomas,WR,WR,CIN,0,0,0,0,0,0,0,0,10,2,38,0,5.8,7.8,4
2022,00-0033118,K.Drake,Kenyan Drake,RB,RB,BAL,0,0,0,0,0,109,482,4,26,17,89,1,87.1,104.1,12
2022,00-0033119,J.Brissett,Jacoby Brissett,QB,QB,CLE,369,236,2608,12,6,49,243,2,0,0,0,0,168.62,168.62,14
2022,00-0033217,M.Alie-Cox,Mo Alie-Cox,TE,TE,IND,0,0,0,0,0,0,0,0,28,19,189,3,34.9,53.9,14
2022,00-0033246,J.Mundt,Johnny Mundt,TE,TE,MIN,0,0,0,0,0,0,0,0,21,19,140,1,20.0,39.0,13
2022,00-0033251,Z.Pascal,Zach Pascal,WR,WR,PHI,0,0,0,0,0,1,0,0,19,15,150,1,21.0,36.0,12
2022,00-0033275,P.Walker,P.J. Walker,QB,QB,CAR,106,63,731,3,3,6,39,0,0,0,0,0,39.14,39.14,6
2022,00-0033280,C.McCaffrey,Christian McCaffrey,RB,RB,CAR,0,0,0,0,0,85,393,2,43,33,277,1,85.0,118.0,6
2022,00-0033280,C.McCaffrey,Christian McCaffrey,RB,RB,SF,1,1,34,1,0,159,746,6,65,52,464,4,186.36,238.36,11
2022,00-0033282,C.Samuel,Curtis Samuel,WR,WR,WAS,0,0,0,0,0,38,187,1,92,64,656,4,112.3,176.3,17
2022,00-0033288,G.Kittle,George Kittle,TE,TE,SF,0,0,0,0,0,0,0,0,86,60,765,11,140.5,200.5,15
2022,00-0033292,T.Taylor,Trent Taylor,WR,WR,CIN,0,0,0,0,0,4,15,0,10,6,62,0,7.7,13.700000000000001,6
2022,00-0033293,A.Jones,Aaron Jones,RB,RB,GB,0,0,0,0,0,213,1121,2,72,59,395,5,189.60000000000002,248.6,17
2022,00-0033307,K.Bourne,Kendrick Bourne,WR,WR,NE,0,0,0,0,0,6,39,0,48,35,434,1,53.3,88.3,16
2022,00-0033308,M.Breida,Matt Breida,RB,RB,NYG,0,0,0,0,0,54,220,1,25,20,118,0,39.8,59.8,17
2022,00-0033319,N.Mullens,Nick Mullens,QB,QB,MIN,25,21,224,1,1,4,8,0,0,0,0,0,11.76,11.76,4
2022,00-0033357,T.Hill,Taysom Hill,QB,QB,NO,19,13,240,2,0,96,575,7,13,9,77,2,136.79999999999998,145.79999999999998,16
2022,00-0033367,C.Board,C.J. Board,WR,WR,TEN,0,0,0,0,0,0,0,0,1,1,6,0,0.6,1.6,1
2022,00-0033376,P.Ricard,Patrick Ricard,FB,RB,BAL,0,0,0,0,0,7,16,0,13,11,74,0,9.0,20.0,12
2022,00-0033386,C.Hollister,Cody Hollister,WR,WR,TEN,0,0,0,0,0,0,0,0,5,3,54,0,5.4,8.4,4
2022,00-0033439,P.Brown,Pharaoh Brown,TE,TE,CLE,0,0,0,0,0,0,0,0,10,5,45,0,4.5,9.5,4
2022,00-0033439,P.Brown,Pharaoh Brown,TE,TE,HOU,0,0,0,0,0,0,0,0,10,7,72,0,7.2,14.2,3
2022,00-0033455,A.Firkser,Anthony Firkser,TE,TE,ATL,0,0,0,0,0,0,0,0,13,9,100,0,10.0,19.0,8
2022,00-0033466,I.McKenzie,Isaiah McKenzie,WR,WR,BUF,0,0,0,0,0,9,55,1,65,42,423,4,77.8,119.8,15
2022,00-0033526,S.Perine,Samaje Perine,RB,RB,CIN,0,0,0,0,0,95,394,2,51,38,287,4,104.1,142.1,16
2022,00-0033536,M.Williams,Mike Williams,WR,WR,LAC,0,0,0,0,0,0,0,0,93,63,895,4,113.5,176.5,13
2022,00-0033537,D.Watson,Deshaun Watson,QB,QB,CLE,170,99,1102,7,5,36,175,1,0,0,0,0,85.58,85.58,6
2022,00-0033550,D.Webb,Davis Webb,QB,QB,NYG,40,23,168,1,0,6,41,1,0,0,0,0,20.82,20.82,1
2022,00-0033553,J.Conner,James Conner,RB,RB,ARI,0,0,0,0,0,183,782,7,58,46,300,1,154.2,200.2,13
2022,00-0033555,M.Hollins,Mack Hollins,WR,WR,LV,1,1,4,0,0,4,40,0,94,57,690,4,97.16,154.16,17
2022,00-0033572,J.Agnew,Jamal Agnew,WR,WR,JAX,0,0,0,0,0,12,86,0,30,23,187,3,47.3,70.3,14
2022,00-0033576,E.Saubert,Eric Saubert,TE,TE,DEN,0,0,0,0,0,0,0,0,24,15,148,1,20.8,35.8,11
2022,00-0033591,N.Brown,Noah Brown,WR,WR,DAL,0,0,0,0,0,0,0,0,74,43,555,3,71.5,114.5,15
2022,00-0033633,T.Gentry,Tanner Gentry,WR,WR,BUF,0,0,0,0,0,0,0,0,1,0,0,0,0.0,0.0,1
2022,00-0033662,C.Rush,Cooper Rush,QB,QB,DAL,162,94,1051,5,3,9,6,0,0,0,0,0,56.64,56.64,8
2022,00-0033681,K.Cole,Keelan Cole,WR,WR,LV,0,0,0,0,0,0,0,0,21,10,141,1,20.1,30.1,9
2022,00-0033699,A.Ekeler,Austin Ekeler,RB,RB,LAC,0,0,0,0,0,204,915,13,127,107,722,5,265.7,372.7,17
2022,00-0033725,C.Clement,Corey Clement,RB,RB,ARI,0,0,0,0,0,15,55,1,7,5,54,0,16.9,21.9,4
2022,00-0033757,R.Tonyan,Robert Tonyan,TE,TE,GB,0,0,0,0,0,0,0,0,67,53,470,2,59.0,112.0,17
2022,00-0033798,M.Schreck,Mason Schreck,TE,TE,HOU,0,0,0,0,0,0,0,0,2,2,6,0,0.6,2.6,2
2022,00-0033854,D.Ogunbowale,Dare Ogunbowale,RB,RB,HOU,0,0,0,0,0,42,123,1,26,20,104,0,28.7,48.7,11
2022,00-0033856,L.Fournette,Leonard Fournette,RB,RB,TB,1,0,0,0,1,189,668,3,83,73,523,3,153.1,226.1,16
2022,00-0033857,J.Smith-Schuster,JuJu Smith-Schuster,WR,WR,KC,0,0,0,0,0,0,0,0,101,78,933,3,107.3,185.29999999999998,16
2022,00-0033858,J.Smith,Jonnu Smith,TE,TE,NE,0,0,0,0,0,1,5,0,38,27,245,0,25.0,52.0,12
2022,00-0033869,M.Trubisky,Mitchell Trubisky,QB,QB,PIT,180,117,1252,4,5,19,38,2,0,0,0,0,73.88,73.88,7
2022,00-0033871,C.Davis,Corey Davis,WR,WR,NYJ,0,0,0,0,0,0,0,0,64,32,536,2,65.60000000000001,97.6,13
2022,00-0033873,P.Mahomes,Patrick Mahomes,QB,QB,KC,648,435,5250,41,12,61,358,4,1,1,6,0,416.4,417.4,17
2022,00-0033879,O.Howard,O.J. Howard,TE,TE,HOU,0,0,0,0,0,0,0,0,23,10,145,2,26.5,36.5,11
2022,00-0033881,E.Engram,Evan Engram,TE,TE,JAX,0,0,0,0,0,2,13,0,98,73,766,4,103.89999999999999,176.9,17
2022,00-0033885,D.Njoku,David Njoku,TE,TE,CLE,0,0,0,0,0,2,-8,0,80,58,628,4,84.0,142.0,14
2022,00-0033891,Z.Jones,Zay Jones,WR,WR,JAX,0,0,0,0,0,4,18,0,121,82,823,5,116.1,198.1,16
2022,00-0033893,D.Cook,Dalvin Cook,RB,RB,MIN,0,0,0,0,0,264,1173,8,56,39,295,2,198.8,237.8,17
2022,00-0033895,G.Everett,Gerald Everett,TE,TE,LAC,0,0,0,0,0,1,0,0,87,58,555,4,81.5,139.5,15
2022,00-0033897,J.Mixon,Joe Mixon,RB,RB,CIN,0,0,0,0,0,210,814,7,75,60,441,2,179.5,239.5,14
2022,00-0033906,A.Kamara,Alvin Kamara,RB,RB,NO,0,0,0,0,0,223,897,2,77,57,490,2,154.7,211.7,15
2022,00-0033908,C.Kupp,Cooper Kupp,WR,WR,LA,1,0,0,0,0,9,52,1,98,75,812,6,126.4,201.4,9
2022,00-0033921,C.Godwin,Chris Godwin,WR,WR,TB,0,0,0,0,0,3,5,0,142,104,1023,3,118.8,222.8,15
2022,00-0033923,K.Hunt,Kareem Hunt,RB,RB,CLE,0,0,0,0,0,123,468,3,44,35,210,1,91.8,126.8,17
2022,00-0033925,D.Foreman,D'Onta Foreman,RB,RB,CAR,0,0,0,0,0,203,914,5,9,5,26,0,126.0,131.0,16
2022,00-0033932,K.Golladay,Kenny Golladay,WR,WR,NYG,0,0,0,0,0,0,0,0,17,6,81,1,14.1,20.1,6
2022,00-0033936,C.Beathard,C.J. Beathard,QB,QB,JAX,11,7,35,0,1,4,-4,0,0,0,0,0,-1.0,-1.0,4
2022,00-0033943,J.Reynolds,Josh Reynolds,WR,WR,DET,0,0,0,0,0,0,0,0,59,38,479,3,65.9,103.9,12
2022,00-0033948,J.Williams,Jamaal Williams,RB,RB,DET,0,0,0,0,0,262,1066,17,16,12,73,0,213.9,225.9,17
2022,00-0033949,J.Dobbs,Joshua Dobbs,QB,QB,TEN,68,40,411,2,2,8,44,0,0,0,0,0,20.84,20.84,2
2022,00-0033951,M.Mack,Marlon Mack,RB,RB,DEN,0,0,0,0,0,16,84,1,10,8,99,1,30.3,38.300000000000004,5
2022,00-0033958,N.Peterman,Nathan Peterman,QB,QB,CHI,25,14,139,1,1,2,7,0,0,0,0,0,8.26,8.26,3
2022,00-0034011,D.Arnold,Dan Arnold,TE,TE,JAX,0,0,0,0,0,0,0,0,13,9,135,0,13.5,22.5,10
2022,00-0034054,R.Cracraft,River Cracraft,WR,WR,MIA,0,0,0,0,0,0,0,0,14,9,102,2,22.2,31.2,8
2022,00-0034073,R.Dwelley,Ross Dwelley,TE,TE,SF,0,0,0,0,0,0,0,0,5,3,105,1,16.5,19.5,4
2022,00-0034104,C.Sims,Cam Sims,WR,WR,WAS,0,0,0,0,0,0,0,0,18,8,89,0,8.9,16.9,12
2022,00-0034109,P.Lindsay,Phillip Lindsay,RB,RB,IND,0,0,0,0,0,15,49,0,8,6,19,0,8.8,14.8,3
2022,00-0034115,J.Wilson,Jeffery Wilson,RB,RB,MIA,0,0,0,0,0,84,392,3,24,12,94,1,72.6,84.6,8
2022,00-0034115,J.Wilson,Jeffery Wilson,RB,RB,SF,0,0,0,0,0,92,468,2,13,10,91,0,63.9,73.9,8
2022,00-0034159,W.Dissly,Will Dissly,TE,TE,SEA,0,0,0,0,0,0,0,0,38,34,349,3,52.9,86.9,15
2022,00-0034160,M.Dickson,Michael Dickson,P,SPEC,SEA,0,0,0,0,0,2,-18,0,0,0,0,0,-3.8,-3.8,2
2022,00-0034171,J.Cabinda,Jason Cabinda,FB,RB,DET,0,0,0,0,0,1,4,0,4,1,5,0,0.9,1.9,4
2022,00-0034177,T.Boyle,Tim Boyle,QB,QB,CHI,8,2,33,0,2,2,-2,0,0,0,0,0,-2.88,-2.88,1
2022,00-0034184,G.Edwards,Gus Edwards,RB,RB,BAL,0,0,0,0,0,87,433,3,2,0,0,0,59.3,59.3,9
2022,00-0034208,M.Boone,Mike Boone,RB,RB,DEN,0,0,0,0,0,24,102,0,15,9,96,0,19.8,28.8,8
2022,00-0034253,D.Hilliard,Dontrell Hilliard,RB,RB,TEN,0,0,0,0,0,22,145,0,26,21,177,4,56.2,77.2,11
2022,00-0034270,T.Conklin,Tyler Conklin,TE,TE,NYJ,0,0,0,0,0,2,3,0,87,58,552,3,73.5,131.5,17
2022,00-0034272,M.Valdes-Scantling,Marquez Valdes-Scantling,WR,WR,KC,0,0,0,0,0,1,-3,0,81,42,687,2,80.4,122.4,17
2022,00-0034279,E.St. Brown,Equanimeous St. Brown,WR,WR,CHI,0,0,0,0,0,6,54,0,38,21,323,1,41.699999999999996,62.7,16
2022,00-0034286,R.James,Richie James,WR,WR,NYG,0,0,0,0,0,2,6,0,70,57,569,4,81.5,138.5,14
2022,00-0034297,B.Pringle,Byron Pringle,WR,WR,CHI,0,0,0,0,0,0,0,0,16,10,135,2,25.5,35.5,8
2022,00-0034301,D.Williams,Darrel Williams,RB,RB,ARI,0,0,0,0,0,21,102,1,8,4,9,0,17.099999999999998,21.099999999999998,5
2022,00-0034317,K.Kirkwood,Keith Kirkwood,WR,WR,NO,0,0,0,0,0,0,0,0,4,2,18,0,1.7999999999999998,3.8,3
2022,00-0034335,M.Allen,Marcus Allen,ILB,LB,PIT,0,0,0,0,0,1,4,0,0,0,0,0,0.4,0.4,1
2022,00-0034348,C.Sutton,Courtland Sutton,WR,WR,DEN,0,0,0,0,0,1,5,0,109,64,829,2,95.4,159.4,15
2022,00-0034351,D.Goedert,Dallas Goedert,TE,TE,PHI,0,0,0,0,0,0,0,0,69,55,702,3,86.2,141.2,12
2022,00-0034355,M.Stewart,M.J. Stewart,SS,DB,HOU,0,0,0,0,0,1,3,0,0,0,0,0,0.3,0.3,1
2022,00-0034360,L.Carter,Lorenzo Carter,OLB,LB,ATL,0,0,0,0,0,0,0,0,0,0,0,0,6.0,6.0,1
2022,00-0034364,J.Akins,Jordan Akins,TE,TE,HOU,0,0,0,0,0,0,0,0,54,37,495,5,79.5,116.5,15
2022,00-0034365,I.Thomas,Ian Thomas,TE,TE,CAR,0,0,0,0,0,0,0,0,30,21,197,0,19.7,40.7,13
2022,00-0034366,K.Coutee,Keke Coutee,WR,WR,IND,0,0,0,0,0,0,0,0,1,1,20,0,0.0,1.0,1
2022,00-0034367,N.Hines,Nyheim Hines,RB,RB,BUF,0,0,0,0,0,6,-3,0,9,5,53,1,23.0,28.0,9
2022,00-0034367,N.Hines,Nyheim Hines,RB,RB,IND,0,0,0,0,0,18,36,1,28,25,188,0,28.4,53.400000000000006,7
2022,00-0034383,D.Schultz,Dalton Schultz,TE,TE,DAL,0,0,0,0,0,0,0,0,89,57,577,5,85.7,142.7,15
2022,00-0034386,J.Watson,Justin Watson,WR,WR,KC,0,0,0,0,0,0,0,0,34,15,315,2,43.5,58.5,17
2022,00-0034400,J.Wilkins,Jordan Wilkins,RB,RB,IND,0,0,0,0,0,13,58,0,8,6,29,0,8.7,14.7,4
2022,00-0034401,M.White,Mike White,QB,QB,NYJ,175,103,1192,3,4,6,9,1,0,0,0,0,56.580000000000005,56.580000000000005,4
2022,00-0034407,R.McCloud,Ray-Ray McCloud,WR,WR,SF,0,0,0,0,0,4,78,1,25,14,243,1,44.1,58.1,14
2022,00-0034411,R.Gage,Russell Gage,WR,WR,TB,0,0,0,0,0,0,0,0,70,51,426,5,72.6,123.6,13
2022,00-0034414,B.Scott,Boston Scott,RB,RB,PHI,0,0,0,0,0,54,217,3,6,5,15,0,41.2,46.2,13
2022,00-0034418,C.Wilson,Cedrick Wilson,WR,WR,MIA,0,0,0,0,0,1,8,0,18,12,136,0,14.399999999999999,26.4,9
2022,00-0034419,B.Berrios,Braxton Berrios,WR,WR,NYJ,1,1,2,1,0,9,91,2,32,18,145,0,39.68,57.68,15
2022,00-0034440,J.Jackson,Justin Jackson,RB,RB,DET,0,0,0,0,0,42,170,1,19,12,101,1,39.1,51.099999999999994,12
2022,00-0034487,T.Sherfield,Trent Sherfield,WR,WR,MIA,0,0,0,0,0,0,0,0,51,30,417,2,53.7,83.7,16
2022,00-0034496,S.Chandler,Sean Chandler,SS,DB,CAR,0,0,0,0,0,1,2,0,0,0,0,0,0.2,0.2,1
2022,00-0034521,A.Lazard,Allen Lazard,WR,WR,GB,0,0,0,0,0,2,0,0,100,60,788,6,114.8,174.8,15
2022,00-0034577,K.Allen,Kyle Allen,QB,QB,HOU,78,46,416,2,4,6,13,0,0,0,0,0,15.940000000000001,15.940000000000001,2
2022,00-0034578,R.Bonnafon,Reggie Bonnafon,RB,RB,WAS,0,0,0,0,0,3,8,0,0,0,0,0,0.8,0.8,1
2022,00-0034613,T.Hudson,Tanner Hudson,TE,TE,NYG,0,0,0,0,0,0,0,0,15,10,132,0,13.2,23.200000000000003,6
2022,00-0034614,G.Igwebuike,Godwin Igwebuike,RB,RB,SEA,0,0,0,0,0,3,4,0,1,1,3,0,0.7,1.7,1
2022,00-0034646,B.Powell,Brandon Powell,WR,WR,LA,0,0,0,0,0,17,80,0,32,24,156,0,23.6,47.6,16
2022,00-0034676,J.Washington,James Washington,WR,WR,DAL,0,0,0,0,0,0,0,0,1,0,0,0,0.0,0.0,1
2022,00-0034681,C.Edmonds,Chase Edmonds,RB,RB,DEN,0,0,0,0,0,26,125,0,7,6,61,0,18.6,24.6,5
2022,00-0034681,C.Edmonds,Chase Edmonds,RB,RB,MIA,0,0,0,0,0,42,120,2,17,10,96,1,39.6,49.6,8
2022,00-0034726,D.Leavitt,Dallin Leavitt,SS,DB,GB,0,0,0,0,0,1,0,0,0,0,0,0,0.0,0.0,1
2022,00-0034750,R.Penny,Rashaad Penny,RB,RB,SEA,0,0,0,0,0,57,346,2,5,4,16,0,48.2,52.199999999999996,5
2022,00-0034753,M.Andrews,Mark Andrews,TE,TE,BAL,0,0,0,0,0,3,8,0,113,73,847,5,117.5,190.5,15
2022,00-0034764,M.Gallup,Michael Gallup,WR,WR,DAL,0,0,0,0,0,0,0,0,74,39,424,4,66.4,105.4,14
2022,00-0034765,T.Smith,Tre'Quan Smith,WR,WR,NO,0,0,0,0,0,0,0,0,27,19,278,1,33.800000000000004,52.800000000000004,9
2022,00-0034775,C.Kirk,Christian Kirk,WR,WR,JAX,1,0,0,0,0,5,11,0,133,84,1108,8,159.9,243.9,17
2022,00-0034777,D.Chark,D.J. Chark,WR,WR,DET,0,0,0,0,0,0,0,0,52,30,502,3,68.2,98.2,11
2022,00-0034791,N.Chubb,Nick Chubb,RB,RB,CLE,0,0,0,0,0,302,1525,12,37,27,239,1,254.4,281.4,17
2022,00-0034796,L.Jackson,Lamar Jackson,QB,QB,BAL,326,203,2242,17,7,112,764,3,0,0,0,0,236.08,236.08,12
2022,00-0034798,D.Smythe,Durham Smythe,TE,TE,MIA,0,0,0,0,0,2,1,1,20,15,129,1,25.0,40.0,12
2022,00-0034816,R.Jones,Ronald Jones,RB,RB,KC,0,0,0,0,0,17,70,1,1,1,22,0,15.2,16.2,5
2022,00-0034827,D.Moore,D.J. Moore,WR,WR,CAR,0,0,0,0,0,10,53,0,118,63,888,7,136.1,199.10000000000002,17
2022,00-0034829,M.Gesicki,Mike Gesicki,TE,TE,MIA,0,0,0,0,0,0,0,0,52,32,362,5,66.19999999999999,98.2,17
2022,00-0034830,H.Hurst,Hayden Hurst,TE,TE,CIN,0,0,0,0,0,0,0,0,68,52,414,2,53.4,105.39999999999999,13
2022,00-0034838,R.Freeman,Royce Freeman,RB,RB,HOU,0,0,0,0,0,41,117,0,8,6,33,0,13.0,19.0,4
2022,00-0034844,S.Barkley,Saquon Barkley,RB,RB,NYG,0,0,0,0,0,295,1312,10,76,57,338,0,227.0,284.0,16
2022,00-0034845,S.Michel,Sony Michel,RB,RB,LAC,0,0,0,0,0,36,106,0,13,9,53,0,15.9,24.9,10
2022,00-0034854,K.Hodge,KhaDarel Hodge,WR,WR,ATL,0,0,0,0,0,0,0,0,20,13,202,1,28.2,41.2,9
2022,00-0034855,B.Mayfield,Baker Mayfield,QB,QB,CAR,206,119,1313,6,6,16,52,1,0,0,0,0,73.72,73.72,7
2022,00-0034855,B.Mayfield,Baker Mayfield,QB,QB,LA,129,82,850,4,2,15,37,0,0,0,0,0,47.699999999999996,47.699999999999996,5
2022,00-0034857,J.Allen,Josh Allen,QB,QB,BUF,567,359,4283,35,14,124,762,7,0,0,0,0,395.52,395.52,16
2022,00-0034860,D.Pettis,Dante Pettis,WR,WR,CHI,0,0,0,0,0,2,37,0,41,19,245,3,46.2,65.2,14
2022,00-0034869,S.Darnold,Sam Darnold,QB,QB,CAR,140,82,1143,7,3,26,106,2,0,0,0,0,86.32,86.32,6
2022,00-0034899,J.Wolford,John Wolford,QB,QB,LA,62,38,390,1,3,8,32,0,0,0,0,0,14.799999999999999,14.799999999999999,2
2022,00-0034928,S.Sims,Steven Sims,WR,WR,PIT,0,0,0,0,0,13,70,0,23,14,104,0,17.4,31.4,11
2022,00-0034955,B.Rypien,Brett Rypien,QB,QB,DEN,88,53,483,2,4,6,7,0,0,0,0,0,18.02,18.02,4
2022,00-0034959,A.Beck,Andrew Beck,FB,RB,DEN,0,0,0,0,0,2,0,0,11,5,69,0,6.9,11.9,8
2022,00-0034960,J.Meyers,Jakobi Meyers,WR,WR,NE,0,0,0,0,0,2,9,0,96,67,804,6,117.3,184.3,14
2022,00-0034970,I.Smith,Irv Smith,TE,TE,MIN,0,0,0,0,0,0,0,0,36,25,182,2,30.2,55.199999999999996,8
2022,00-0034972,A.Mattison,Alexander Mattison,RB,RB,MIN,0,0,0,0,0,74,283,5,18,15,91,1,73.4,88.4,17
2022,00-0034975,J.Hill,Justice Hill,RB,RB,BAL,0,0,0,0,0,49,262,0,12,12,58,0,30.0,42.0,13
2022,00-0034981,F.Moreau,Foster Moreau,TE,TE,LV,0,0,0,0,0,0,0,0,54,33,420,2,54.0,87.0,14
2022,00-0034983,H.Renfrow,Hunter Renfrow,WR,WR,LV,0,0,0,0,0,0,0,0,50,36,330,2,43.0,79.0,10
2022,00-0035021,A.Dulin,Ashton Dulin,WR,WR,IND,0,0,0,0,0,2,8,0,22,15,207,1,27.5,42.5,7
2022,00-0035022,P.Hart,Penny Hart,WR,WR,SEA,0,0,0,0,0,0,0,0,4,3,20,0,2.0,5.0,3
2022,00-0035040,D.Blough,David Blough,QB,QB,ARI,58,38,402,2,2,4,5,0,0,0,0,0,18.58,18.58,2
2022,00-0035042,J.Gillan,Jamie Gillan,P,SPEC,NYG,0,0,0,0,0,2,-3,0,0,0,0,0,-0.3,-0.3,3
2022,00-0035099,K.Blasingame,Khari Blasingame,FB,RB,CHI,0,0,0,0,0,0,0,0,1,0,0,0,0.0,0.0,1
2022,00-0035125,A.Ingold,Alec Ingold,FB,RB,MIA,0,0,0,0,0,6,8,1,23,15,105,1,23.299999999999997,38.3,12
2022,00-0035133,K.Nixon,Keisean Nixon,CB,DB,GB,0,0,0,0,0,0,0,0,0,0,0,0,6.0,6.0,1
2022,00-0035140,M.Hardman,Mecole Hardman,WR,WR,KC,0,0,0,0,0,4,31,2,34,25,297,4,68.8,93.8,8
2022,00-0035146,T.McSorley,Trace McSorley,QB,QB,ARI,83,45,412,0,5,15,61,0,0,0,0,0,8.58,8.58,5
2022,00-0035156,J.Fox,Jack Fox,P,SPEC,DET,1,1,6,0,0,0,0,0,0,0,0,0,0.24,0.24,1
2022,00-0035184,D.Ozigbo,Devine Ozigbo,RB,RB,DEN,0,0,0,0,0,3,4,0,1,1,3,0,0.7,1.7,3
2022,00-0035208,O.Zaccheaus,Olamide Zaccheaus,WR,WR,ATL,0,0,0,0,0,2,7,0,61,40,533,3,70.0,110.0,16
2022,00-0035215,D.Harty,Deonte Harty,WR,WR,NO,0,0,0,0,0,0,0,0,2,2,13,0,1.3,3.3,2
2022,00-0035216,D.Johnson,Diontae Johnson,WR,WR,PIT,0,0,0,0,0,7,25,0,147,86,882,0,94.7,180.7,17
2022,00-0035217,B.Snell,Benny Snell,RB,RB,PIT,0,0,0,0,0,20,90,1,2,2,17,0,16.7,18.7,3
2022,00-0035222,Z.Gentry,Zach Gentry,TE,TE,PIT,0,0,0,0,0,0,0,0,23,19,132,0,13.2,32.2,14
2022,00-0035228,K.Murray,Kyler Murray,QB,QB,ARI,390,259,2368,14,7,67,418,3,0,0,0,0,200.51999999999998,200.51999999999998,11
2022,00-0035229,T.Hockenson,T.J. Hockenson,TE,TE,DET,0,0,0,0,0,0,0,0,43,26,395,3,59.5,85.5,7
2022,00-0035229,T.Hockenson,T.J. Hockenson,TE,TE,MIN,0,0,0,0,0,0,0,0,86,60,519,3,69.9,129.9,10
2022,00-0035243,M.Sanders,Miles Sanders,RB,RB,PHI,0,0,0,0,0,259,1269,11,26,20,78,0,196.70000000000002,216.70000000000002,17
2022,00-0035249,J.Oliver,Josh Oliver,TE,TE,BAL,0,0,0,0,0,0,0,0,25,14,149,2,26.9,40.9,12
2022,00-0035250,D.Singletary,Devin Singletary,RB,RB,BUF,0,0,0,0,0,177,819,5,52,38,280,1,139.9,177.9,16
2022,00-0035259,T.Wesco,Trevon Wesco,TE,TE,CHI,0,0,0,0,0,0,0,0,4,2,26,0,4.6,6.6,4
2022,00-0035261,T.Pollard,Tony Pollard,RB,RB,DAL,0,0,0,0,0,193,1007,9,55,39,371,3,209.8,248.8,16
2022,00-0035264,J.Stidham,Jarrett Stidham,QB,QB,LV,83,53,656,4,3,14,84,0,0,0,0,0,42.64,42.64,3
2022,00-0035272,A.Van Ginkel,Andrew Van Ginkel,OLB,LB,MIA,0,0,0,0,0,0,0,0,0,0,0,0,6.0,6.0,1
2022,00-0035277,M.Jackson,Michael Jackson,CB,DB,SEA,0,0,0,0,0,0,0,0,0,0,0,0,6.0,6.0,1
2022,00-0035289,G.Minshew,Gardner Minshew,QB,QB,PHI,76,44,663,3,3,7,3,1,0,0,0,0,36.82,36.82,5
2022,00-0035291,T.Williams,Trayveon Williams,RB,RB,CIN,0,0,0,0,0,6,30,0,3,2,30,0,6.0,8.0,4
2022,00-0035298,S.Miller,Scott Miller,WR,WR,TB,0,0,0,0,0,1,8,0,40,23,185,0,19.3,42.3,11
2022,00-0035308,T.Sweeney,Tommy Sweeney,TE,TE,BUF,0,0,0,0,0,0,0,0,1,1,7,0,0.7,1.7,1
2022,00-0035311,M.Gaskin,Myles Gaskin,RB,RB,MIA,0,0,0,0,0,10,26,0,6,4,28,0,5.4,9.4,2
2022,00-0035327,C.Moore,C.J. Moore,FS,DB,DET,0,0,0,0,0,2,55,0,0,0,0,0,5.5,5.5,2
2022,00-0035329,D.Parham,Donald Parham,TE,TE,LAC,0,0,0,0,0,0,0,0,12,10,130,1,19.0,29.0,6
2022,00-0035341,T.Irwin,Trenton Irwin,WR,WR,CIN,0,0,0,0,0,1,11,0,23,15,231,4,48.2,63.2,9
2022,00-0035345,C.Myarick,Chris Myarick,TE,TE,NYG,0,0,0,0,0,0,0,0,8,7,65,1,12.5,19.5,7
2022,00-0035359,D.Sills,David Sills,WR,WR,NYG,0,0,0,0,0,0,0,0,17,11,106,0,10.6,21.6,7
2022,00-0035399,S.Morgan,Stanley Morgan,WR,WR,CIN,0,0,0,0,0,0,0,0,1,0,0,0,0.0,0.0,1
2022,00-0035406,L.Humphrey,Lil'Jordan Humphrey,WR,WR,NE,0,0,0,0,0,0,0,0,4,2,20,0,2.0,4.0,3
2022,00-0035414,J.Guyton,Jalen Guyton,WR,WR,LAC,0,0,0,0,0,0,0,0,4,2,64,0,6.4,8.4,2
2022,00-0035432,J.Moore,Jason Moore,WR,WR,LAC,0,0,0,0,0,0,0,0,2,1,5,0,0.5,1.5,1
2022,00-0035457,T.Johnson,Tyron Johnson,WR,WR,HOU,0,0,0,0,0,0,0,0,1,1,8,0,0.8,1.8,1
2022,00-0035500,G.Dortch,Greg Dortch,WR,WR,ARI,0,0,0,0,0,7,44,0,64,52,467,2,63.1,115.1,11
2022,00-0035510,J.Smith,Jeff Smith,WR,WR,NYJ,0,0,0,0,0,0,0,0,11,8,134,0,13.399999999999999,21.4,7
2022,00-0035527,A.Isabella,Andy Isabella,WR,WR,ARI,0,0,0,0,0,0,0,0,5,2,21,0,2.1,4.1,2
2022,00-0035527,A.Isabella,Andy Isabella,WR,WR,BAL,0,0,0,0,0,1,1,0,0,0,0,0,0.1,0.1,1
2022,00-0035535,D.Slayton,Darius Slayton,WR,WR,NYG,0,0,0,0,0,0,0,0,71,46,724,2,82.4,128.4,13
2022,00-0035537,T.Johnson,Ty Johnson,RB,RB,NYJ,0,0,0,0,0,30,160,1,24,12,88,0,30.8,42.8,10
2022,00-0035544,T.Kennedy,Tom Kennedy,WR,WR,DET,0,0,0,0,0,0,0,0,15,8,141,0,14.100000000000001,22.1,5
2022,00-0035547,J.Fortson,Joseph Fortson,TE,TE,KC,0,0,0,0,0,0,0,0,13,9,108,2,22.8,31.8,9
2022,00-0035562,J.Horsted,Jesper Horsted,TE,TE,LV,0,0,0,0,0,0,0,0,4,3,19,0,1.9,4.9,2
2022,00-0035567,C.Reynolds,Craig Reynolds,RB,RB,DET,0,0,0,0,0,23,102,0,10,9,116,0,21.8,30.8,6
2022,00-0035572,P.Hesse,Parker Hesse,TE,TE,ATL,0,0,0,0,0,0,0,0,11,9,89,0,8.9,17.9,9
2022,00-0035593,J.Winfree,Juwann Winfree,WR,WR,GB,0,0,0,0,0,0,0,0,4,1,17,0,1.7,2.7,3
2022,00-0035594,T.Homer,Travis Homer,RB,RB,SEA,0,0,0,0,0,19,74,0,18,16,157,1,27.1,43.1,8
2022,00-0035603,K.Blanton,Kendall Blanton,TE,TE,LA,0,0,0,0,0,0,0,0,2,2,35,0,3.5,5.5,2
2022,00-0035609,J.Gervase,Jake Gervase,ILB,LB,LA,0,0,0,0,0,0,0,0,1,1,12,0,1.2,2.2,1
2022,00-0035621,N.Webster,Nsimba Webster,WR,WR,CHI,0,0,0,0,0,0,0,0,3,2,14,0,1.4,3.4,1
2022,00-0035624,N.Harry,N'Keal Harry,WR,WR,CHI,0,0,0,0,0,0,0,0,9,7,116,1,17.6,24.6,6
2022,00-0035628,D.Johnson,D'Ernest Johnson,RB,RB,CLE,0,0,0,0,0,4,17,0,3,3,7,0,2.4,5.4,3
2022,00-0035631,D.Sample,Drew Sample,TE,TE,CIN,0,0,0,0,0,0,0,0,2,2,-2,0,-0.2,1.7999999999999998,2
2022,00-0035639,P.Campbell,Parris Campbell,WR,WR,IND,0,0,0,0,0,5,58,0,91,63,623,3,86.1,149.1,17
2022,00-0035640,D.Metcalf,DK Metcalf,WR,WR,SEA,0,0,0,0,0,0,0,0,141,90,1048,6,136.79999999999998,226.8,17
2022,00-0035644,N.Fant,Noah Fant,TE,TE,SEA,0,0,0,0,0,0,0,0,63,50,486,4,72.6,122.6,17
2022,00-0035645,G.Olszewski,Gunner Olszewski,WR,WR,PIT,0,0,0,0,0,8,39,0,7,5,53,0,9.2,14.200000000000001,10
2022,00-0035657,D.Harris,Damien Harris,RB,RB,NE,0,0,0,0,0,106,462,3,23,17,97,0,73.9,90.9,11
2022,00-0035659,T.McLaurin,Terry McLaurin,WR,WR,WAS,0,0,0,0,0,7,29,0,120,77,1191,5,152.0,229.0,17
2022,00-0035662,M.Brown,Marquise Brown,WR,WR,ARI,0,0,0,0,0,1,1,0,107,67,709,3,89.0,156.0,12
2022,00-0035664,D.Henderson,Darrell Henderson,RB,RB,LA,0,0,0,0,0,70,283,3,22,17,102,0,56.5,73.5,10
2022,00-0035676,A.Brown,A.J. Brown,WR,WR,PHI,0,0,0,0,0,0,0,0,145,88,1496,11,211.6,299.6,17
2022,00-0035685,D.Montgomery,David Montgomery,RB,RB,CHI,0,0,0,0,0,201,801,5,40,34,316,1,143.7,177.7,16
2022,00-0035689,D.Knox,Dawson Knox,TE,TE,BUF,0,0,0,0,0,0,0,0,65,48,517,6,87.7,135.7,15
2022,00-0035700,J.Jacobs,Josh Jacobs,RB,RB,LV,0,0,0,0,0,340,1653,12,64,53,400,0,275.3,328.3,17
2022,00-0035703,M.Boykin,Miles Boykin,WR,WR,PIT,0,0,0,0,0,0,0,0,3,2,11,0,1.1,3.1,3
2022,00-0035710,D.Jones,Daniel Jones,QB,QB,NYG,472,317,3205,15,5,120,708,7,0,0,0,0,289.0,289.0,16
2022,00-0035719,D.Samuel,Deebo Samuel,WR,WR,SF,0,0,0,0,0,42,232,3,94,56,632,2,112.39999999999999,168.4,13
2022,00-0035726,J.Johnson,Jakob Johnson,FB,RB,LV,0,0,0,0,0,0,0,0,6,5,10,0,1.0,6.0,6
2022,00-0035752,C.Streveler,Chris Streveler,QB,QB,NYJ,15,10,90,0,0,9,54,0,0,0,0,0,9.0,9.0,1
2022,00-0035771,M.Wilcox,Mitchell Wilcox,TE,TE,CIN,0,0,0,0,0,0,0,0,18,17,139,1,19.9,36.9,9
2022,00-0035806,J.Hasty,Jamycal Hasty,RB,RB,JAX,0,0,0,0,0,46,194,2,26,20,126,1,50.0,70.0,14
2022,00-0035823,B.Ellefson,Ben Ellefson,TE,TE,MIN,0,0,0,0,0,0,0,0,3,3,26,0,2.6,5.6000000000000005,2
2022,00-0035831,J.Robinson,James Robinson,RB,RB,JAX,0,0,0,0,0,81,340,3,11,9,46,1,62.6,71.6,7
2022,00-0035831,J.Robinson,James Robinson,RB,RB,NYJ,0,0,0,0,0,29,85,0,3,2,5,1,15.0,17.0,4
2022,00-0035860,T.Jones,Tony Jones,RB,RB,NO,0,0,0,0,0,2,8,0,2,2,12,0,2.0,4.0,1
2022,00-0035860,T.Jones,Tony Jones,RB,RB,SEA,0,0,0,0,0,8,16,0,6,3,18,0,3.4000000000000004,6.4,2
2022,00-0035864,K.Hinton,Kendall Hinton,WR,WR,DEN,0,0,0,0,0,2,13,0,33,24,311,0,32.4,56.4,11
2022,00-0035876,A.Baccellia,Andre Baccellia,WR,WR,ARI,0,0,0,0,0,0,0,0,10,7,45,0,4.5,11.5,5
2022,00-0035889,T.Townsend,Tommy Townsend,P,SPEC,KC,1,0,0,0,0,0,0,0,0,0,0,0,0.0,0.0,1
2022,00-0035891,C.White,Cody White,WR,WR,PIT,0,0,0,0,0,0,0,0,1,1,2,0,0.2,1.2,1
2022,00-0035924,J.Ward,Jonathan Ward,RB,RB,TEN,0,0,0,0,0,5,25,0,3,2,7,0,3.2,5.2,2
2022,00-0035939,B.Perkins,Bryce Perkins,QB,QB,LA,34,19,161,1,2,19,90,0,0,0,0,0,15.440000000000001,15.440000000000001,5
2022,00-0035956,G.Ricci,Giovanni Ricci,TE,TE,CAR,0,0,0,0,0,0,0,0,9,8,100,0,10.0,18.0,6
2022,00-0035973,P.Taylor,Patrick Taylor,RB,RB,GB,0,0,0,0,0,10,31,0,1,1,17,0,4.8,5.800000000000001,4
2022,00-0035993,T.Huntley,Tyler Huntley,QB,QB,BAL,112,75,658,2,3,43,137,1,0,0,0,0,50.019999999999996,50.019999999999996,5
2022,00-0036005,N.Togiai,Noah Togiai,TE,TE,PHI,0,0,0,0,0,0,0,0,1,0,0,0,0.0,0.0,1
2022,00-0036020,S.Ahmed,Salvon Ahmed,RB,RB,MIA,0,0,0,0,0,12,64,1,1,1,8,0,13.200000000000001,14.200000000000001,6
2022,00-0036032,S.McKeon,Sean McKeon,TE,TE,DAL,0,0,0,0,0,0,0,0,3,2,11,0,1.1,3.1,2
2022,00-0036040,J.Johnson,Juwan Johnson,TE,TE,NO,0,0,0,0,0,0,0,0,65,42,508,7,92.8,134.8,16
2022,00-0036059,T.Mabry,Tyler Mabry,TE,TE,SEA,0,0,0,0,0,0,0,0,1,1,7,1,6.7,7.7,1
2022,00-0036096,J.Taylor,J.J. Taylor,RB,RB,NE,0,0,0,0,0,10,9,0,1,1,8,0,1.7,2.7,1
2022,00-0036133,J.Proche,James Proche,WR,WR,BAL,1,0,0,0,1,0,0,0,17,8,62,0,4.2,12.200000000000001,7
2022,00-0036145,L.Cager,Lawrence Cager,TE,TE,NYG,0,0,0,0,0,0,0,0,18,13,118,1,17.8,30.8,5
2022,00-0036145,L.Cager,Lawrence Cager,TE,TE,NYJ,0,0,0,0,0,0,0,0,1,0,0,0,0.0,0.0,1
2022,00-0036158,J.Dobbins,J.K. Dobbins,RB,RB,BAL,0,0,0,0,0,92,520,2,8,7,42,1,74.2,81.2,8
2022,00-0036165,I.Hodgins,Isaiah Hodgins,WR,WR,BUF,0,0,0,0,0,0,0,0,6,4,41,0,4.1,8.1,1
2022,00-0036165,I.Hodgins,Isaiah Hodgins,WR,WR,NYG,0,0,0,0,0,0,0,0,42,33,351,4,59.1,92.1,8
2022,00-0036176,M.Kinsey,Mason Kinsey,WR,WR,TEN,0,0,0,0,0,0,0,0,1,1,3,0,0.3,1.3,1
2022,00-0036182,N.Westbrook-Ikhine,Nick Westbrook-Ikhine,WR,WR,TEN,0,0,0,0,0,0,0,0,50,25,397,3,57.7,82.7,15
2022,00-0036187,R.Gilliam,Reggie Gilliam,FB,RB,BUF,0,0,0,0,0,0,0,0,10,8,69,1,12.9,20.9,4
2022,00-0036194,D.Asiasi,Devin Asiasi,TE,TE,CIN,0,0,0,0,0,0,0,0,4,2,5,0,0.5,2.5,3
2022,00-0036196,G.Davis,Gabe Davis,WR,WR,BUF,0,0,0,0,0,0,0,0,93,48,836,7,123.6,171.6,15
2022,00-0036212,T.Tagovailoa,Tua Tagovailoa,QB,QB,MIA,400,259,3548,25,8,24,70,0,0,0,0,0,230.92,230.92,13
2022,00-0036219,M.Callaway,Marquez Callaway,WR,WR,NO,0,0,0,0,0,0,0,0,32,16,158,1,21.8,37.800000000000004,10
2022,00-0036223,J.Taylor,Jonathan Taylor,RB,RB,IND,0,0,0,0,0,192,861,4,40,28,143,0,118.4,146.4,11
2022,00-0036226,J.Eason,Jacob Eason,QB,QB,CAR,5,3,59,0,1,0,0,0,0,0,0,0,0.36,0.36,1
2022,00-0036228,D.Patmon,Dezmon Patmon,WR,WR,IND,0,0,0,0,0,0,0,0,6,2,24,0,2.4,4.4,1
2022,00-0036232,H.Bryant,Harrison Bryant,TE,TE,CLE,0,0,0,0,0,1,8,0,42,31,239,1,30.7,61.699999999999996,14
2022,00-0036233,D.Peoples-Jones,Donovan Peoples-Jones,WR,WR,CLE,0,0,0,0,0,1,2,0,96,61,839,3,106.1,167.1,17
2022,00-0036244,C.Parkinson,Colby Parkinson,TE,TE,SEA,0,0,0,0,0,0,0,0,34,25,322,2,44.2,69.2,14
2022,00-0036247,F.Swain,Freddie Swain,WR,WR,DEN,0,0,0,0,0,0,0,0,6,4,74,0,7.4,11.4,3
2022,00-0036250,T.Davis,Tyler Davis,TE,TE,GB,0,0,0,0,0,0,0,0,7,4,26,0,2.6,6.6,5
2022,00-0036251,Z.Moss,Zack Moss,RB,RB,BUF,0,0,0,0,0,17,91,0,8,7,27,0,9.8,16.8,5
2022,00-0036251,Z.Moss,Zack Moss,RB,RB,IND,0,0,0,0,0,76,365,1,5,4,12,0,43.7,47.7,8
2022,00-0036252,M.Pittman,Michael Pittman,WR,WR,IND,0,0,0,0,0,3,30,0,141,99,925,4,117.5,216.5,16
2022,00-0036255,D.Mims,Denzel Mims,WR,WR,NYJ,0,0,0,0,0,0,0,0,25,11,186,0,18.6,29.6,9
2022,00-0036259,J.Jennings,Jauan Jennings,WR,WR,SF,0,0,0,0,0,0,0,0,56,35,416,1,47.6,82.6,16
2022,00-0036261,B.Aiyuk,Brandon Aiyuk,WR,WR,SF,0,0,0,0,0,2,23,0,114,78,1015,8,149.8,227.8,17
2022,00-0036264,J.Love,Jordan Love,QB,QB,GB,21,14,195,1,0,1,-1,0,0,0,0,0,11.7,11.7,4
2022,00-0036265,A.Dillon,A.J. Dillon,RB,RB,GB,0,0,0,0,0,186,770,7,43,28,206,0,139.6,167.6,17
2022,00-0036268,L.Shenault,Laviska Shenault,WR,WR,CAR,0,0,0,0,0,9,65,1,32,27,272,1,45.7,72.7,13
2022,00-0036271,Q.Watkins,Quez Watkins,WR,WR,PHI,0,0,0,0,0,3,1,0,51,33,354,3,51.5,84.5,16
2022,00-0036275,D.Swift,D'Andre Swift,RB,RB,DET,0,0,0,0,0,99,542,5,70,48,389,3,143.1,191.1,14
2022,00-0036277,Q.Cephus,Quintez Cephus,WR,WR,DET,0,0,0,0,0,0,0,0,3,2,15,0,1.5,3.5,1
2022,00-0036290,C.Kmet,Cole Kmet,TE,TE,CHI,0,0,0,0,0,2,9,0,69,50,544,7,97.3,147.29999999999998,17
2022,00-0036297,D.Evans,Darrynton Evans,RB,RB,CHI,0,0,0,0,0,14,64,0,1,1,33,0,9.700000000000001,10.700000000000001,3
2022,00-0036309,D.Mooney,Darnell Mooney,WR,WR,CHI,0,0,0,0,0,1,2,0,61,40,493,2,61.5,101.5,11
2022,00-0036313,B.Mann,Braden Mann,P,SPEC,NYJ,2,1,17,0,0,0,0,0,0,0,0,0,0.68,0.68,2
2022,00-0036322,J.Jefferson,Justin Jefferson,WR,WR,MIN,2,2,34,0,0,4,24,1,184,128,1809,8,240.66,368.66,17
2022,00-0036326,C.Claypool,Chase Claypool,WR,WR,CHI,0,0,0,0,0,1,4,0,29,14,140,0,12.399999999999999,26.4,7
2022,00-0036326,C.Claypool,Chase Claypool,WR,WR,PIT,1,1,1,1,0,8,55,0,50,32,311,1,46.64,78.64,8
2022,00-0036328,A.Gibson,Antonio Gibson,RB,RB,WAS,0,0,0,0,0,149,546,3,58,46,353,2,119.9,165.9,15
2022,00-0036329,A.Davis,Ashtyn Davis,SS,DB,NYJ,0,0,0,0,0,1,2,0,0,0,0,0,0.2,0.2,1
2022,00-0036331,D.Duvernay,Devin Duvernay,WR,WR,BAL,0,0,0,0,0,12,84,1,49,37,407,3,79.1,116.1,14
2022,00-0036332,J.Deguara,Josiah Deguara,TE,TE,GB,0,0,0,0,0,0,0,0,15,13,114,0,11.4,24.4,9
2022,00-0036336,A.McFarland,Anthony McFarland,RB,RB,PIT,0,0,0,0,0,6,30,0,2,2,11,0,4.1,6.1,1
2022,00-0036345,K.Osborn,K.J. Osborn,WR,WR,MIN,0,0,0,0,0,3,6,0,90,60,650,5,95.6,155.6,17
2022,00-0036355,J.Herbert,Justin Herbert,QB,QB,LAC,699,477,4739,25,10,54,147,0,2,2,-10,0,279.26,281.26,17
2022,00-0036358,C.Lamb,CeeDee Lamb,WR,WR,DAL,0,0,0,0,0,10,47,0,156,107,1359,9,194.6,301.59999999999997,17
2022,00-0036360,C.Edwards-Helaire,Clyde Edwards-Helaire,RB,RB,KC,0,0,0,0,0,71,302,3,23,17,151,3,81.3,98.3,10
2022,00-0036365,B.Edwards,Bryan Edwards,WR,WR,ATL,0,0,0,0,0,0,0,0,5,3,15,0,1.5,4.5,4
2022,00-0036370,J.Kelley,Joshua Kelley,RB,RB,LAC,0,0,0,0,0,69,287,2,25,14,101,0,50.8,64.8,12
2022,00-0036383,E.Benjamin,Eno Benjamin,RB,RB,ARI,0,0,0,0,0,70,299,2,33,24,184,0,62.300000000000004,86.3,9
2022,00-0036383,E.Benjamin,Eno Benjamin,RB,RB,HOU,0,0,0,0,0,3,1,0,0,0,0,0,0.1,0.1,1
2022,00-0036383,E.Benjamin,Eno Benjamin,RB,RB,NO,0,0,0,0,0,4,13,0,1,1,9,0,2.1999999999999997,3.1999999999999997,2
2022,00-0036387,J.Reagor,Jalen Reagor,WR,WR,MIN,0,0,0,0,0,4,25,0,13,8,104,1,18.9,26.9,10
2022,00-0036389,J.Hurts,Jalen Hurts,QB,QB,PHI,460,306,3701,22,6,165,760,13,0,0,0,0,378.04,378.04,15
2022,00-0036407,J.Jeudy,Jerry Jeudy,WR,WR,DEN,0,0,0,0,0,4,40,0,100,67,972,6,137.2,204.2,15
2022,00-0036410,T.Higgins,Tee Higgins,WR,WR,CIN,0,0,0,0,0,0,0,0,109,74,1029,7,146.9,220.9,14
2022,00-0036412,K.Hamler,K.J. Hamler,WR,WR,DEN,0,0,0,0,0,2,23,0,14,7,165,0,18.8,25.8,6
2022,00-0036414,C.Akers,Cam Akers,RB,RB,LA,0,0,0,0,0,188,786,7,18,13,117,0,128.3,141.3,15
2022,00-0036415,V.Jefferson,Van Jefferson,WR,WR,LA,0,0,0,0,0,0,0,0,44,24,369,3,54.9,78.9,10
2022,00-0036422,A.Trautman,Adam Trautman,TE,TE,NO,0,0,0,0,0,0,0,0,22,18,207,1,26.7,44.7,12
2022,00-0036423,A.Okwuegbunam,Albert Okwuegbunam,TE,TE,DEN,0,0,0,0,0,0,0,0,18,10,95,1,15.5,25.5,6
2022,00-0036424,B.Hopkins,Brycen Hopkins,TE,TE,LA,0,0,0,0,0,0,0,0,11,7,109,0,10.9,17.900000000000002,7
2022,00-0036425,D.Dallas,DeeJay Dallas,RB,RB,SEA,1,0,0,0,1,35,186,0,19,17,126,0,29.200000000000003,46.2,11
2022,00-0036429,C.Woerner,Charlie Woerner,TE,TE,SF,0,0,0,0,0,0,0,0,2,0,0,0,0.0,0.0,2
2022,00-0036438,S.Sullivan,Stephen Sullivan,TE,TE,CAR,0,0,0,0,0,0,0,0,6,2,46,0,4.6,6.6,4
2022,00-0036439,T.Cleveland,Tyrie Cleveland,WR,WR,DEN,0,0,0,0,0,0,0,0,7,2,28,0,2.8,4.8,3
2022,00-0036442,J.Burrow,Joe Burrow,QB,QB,CIN,606,414,4475,35,12,75,257,5,0,0,0,0,350.7,350.7,16
2022,00-0036450,K.Vaughn,Ke'Shawn Vaughn,RB,RB,TB,0,0,0,0,0,17,53,0,4,3,19,0,7.199999999999999,10.2,5
2022,00-0036457,T.Williams,Ty'Son Williams,RB,RB,ARI,0,0,0,0,0,0,0,0,1,1,5,0,0.5,1.5,1
2022,00-0036482,M.Strachan,Mike Strachan,WR,WR,IND,0,0,0,0,0,0,0,0,9,3,59,0,5.9,8.899999999999999,5
2022,00-0036493,D.Jackson,Deon Jackson,RB,RB,IND,0,0,0,0,0,68,236,1,34,30,209,1,54.5,84.5,12
2022,00-0036497,T.Jones,Tim Jones,WR,WR,JAX,0,0,0,0,0,0,0,0,4,3,30,0,3.0,6.0,4
2022,00-0036527,D.Turner,D.J. Turner,WR,WR,LV,0,0,0,0,0,4,26,0,1,0,0,0,2.6,2.6,2
2022,00-0036534,S.Zylstra,Shane Zylstra,TE,TE,DET,0,0,0,0,0,0,0,0,15,11,60,4,30.0,41.0,8
2022,00-0036543,S.Brown,Spencer Brown,RB,RB,CAR,0,0,0,0,0,9,43,0,4,2,10,0,5.300000000000001,7.3,2
2022,00-0036550,R.Bateman,Rashod Bateman,WR,WR,BAL,0,0,0,0,0,0,0,0,28,15,285,2,38.5,53.5,6
2022,00-0036554,N.Collins,Nico Collins,WR,WR,HOU,0,0,0,0,0,0,0,0,66,37,481,2,60.099999999999994,97.1,10
2022,00-0036555,C.Hubbard,Chuba Hubbard,RB,RB,CAR,0,0,0,0,0,95,466,2,17,14,171,0,75.7,89.7,12
2022,00-0036556,B.Jordan,Brevin Jordan,TE,TE,HOU,0,0,0,0,0,0,0,0,28,14,128,0,12.8,26.799999999999997,9
2022,00-0036567,E.Mitchell,Elijah Mitchell,RB,RB,SF,0,0,0,0,0,45,279,2,4,3,7,0,40.6,43.6,5
2022,00-0036569,G.Brightwell,Gary Brightwell,RB,RB,NYG,0,0,0,0,0,31,141,1,8,5,39,0,24.0,29.0,8
2022,00-0036572,S.Smith,Shi Smith,WR,WR,CAR,0,0,0,0,0,0,0,0,41,22,296,2,39.6,61.6,15
2022,00-0036590,Q.Morris,Quintin Morris,TE,TE,BUF,0,0,0,0,0,0,0,0,11,8,84,1,12.4,20.4,6
2022,00-0036613,J.Waddle,Jaylen Waddle,WR,WR,MIA,0,0,0,0,0,3,26,0,117,75,1356,8,184.2,259.2,17
2022,00-0036620,D.Eskridge,D'Wayne Eskridge,WR,WR,SEA,0,0,0,0,0,2,10,0,13,7,58,0,6.8,13.8,8
2022,00-0036626,D.Brown,Dyami Brown,WR,WR,WAS,0,0,0,0,0,1,15,0,14,5,143,2,27.8,32.800000000000004,7
2022,00-0036628,J.Bates,John Bates,TE,TE,WAS,0,0,0,0,0,0,0,0,22,14,108,1,16.8,30.8,9
2022,00-0036630,T.Wallace,Tylan Wallace,WR,WR,BAL,0,0,0,0,0,0,0,0,7,4,33,0,3.3,7.3,5
2022,00-0036635,I.Smith-Marsette,Ihmir Smith-Marsette,WR,WR,CHI,0,0,0,0,0,1,-1,0,4,1,15,0,-0.6,0.4,3
2022,00-0036637,N.Gray,Noah Gray,TE,TE,KC,0,0,0,0,0,1,1,1,34,28,299,1,42.0,70.0,17
2022,00-0036646,S.Fehoko,Simi Fehoko,WR,WR,DAL,0,0,0,0,0,0,0,0,4,3,24,0,2.4,5.4,2
2022,00-0036650,L.Rountree,Larry Rountree,RB,RB,LAC,0,0,0,0,0,13,19,0,2,2,14,0,3.3,5.3,2
2022,00-0036652,R.McMath,Racey McMath,WR,WR,TEN,0,0,0,0,0,1,4,0,8,2,40,0,4.4,6.4,4
2022,00-0036654,D.Felton,Demetric Felton,RB,RB,CLE,0,0,0,0,0,1,-4,0,4,2,8,0,0.4,2.4,4
2022,00-0036669,K.Hill,Kylin Hill,RB,RB,GB,0,0,0,0,0,1,7,0,0,0,0,0,0.7,0.7,1
2022,00-0036671,D.Milne,Dax Milne,WR,WR,WAS,0,0,0,0,0,0,0,0,7,6,37,1,9.7,15.7,7
2022,00-0036692,M.Forristall,Miller Forristall,TE,TE,CLE,0,0,0,0,0,0,0,0,1,0,0,0,0.0,0.0,1
2022,00-0036727,A.Prentice,Adam Prentice,FB,RB,NO,0,0,0,0,0,4,9,0,3,3,9,0,1.7999999999999998,4.8,5
2022,00-0036741,J.Stoll,Jack Stoll,TE,TE,PHI,0,0,0,0,0,0,0,0,14,11,123,0,12.299999999999999,23.3,9
2022,00-0036754,B.Wright,Brock Wright,TE,TE,DET,0,0,0,0,0,0,0,0,24,18,216,4,45.6,63.6,13
2022,00-0036755,J.Patterson,Jaret Patterson,RB,RB,WAS,0,0,0,0,0,17,78,0,1,0,0,0,7.8,7.8,1
2022,00-0036810,C.Johnson,Cade Johnson,WR,WR,SEA,0,0,0,0,0,0,0,0,4,2,21,0,2.1,4.1,2
2022,00-0036825,F.Franks,Feleipe Franks,TE,TE,ATL,0,0,0,0,0,1,0,0,2,0,0,0,0.0,0.0,2
2022,00-0036829,C.Huntley,Caleb Huntley,RB,RB,ATL,0,0,0,0,0,76,366,1,2,2,3,0,42.9,44.9,12
2022,00-0036841,A.Trammell,Austin Trammell,WR,WR,LA,0,0,0,0,0,0,0,0,4,2,13,0,1.3,3.3,2
2022,00-0036842,K.Nwangwu,Kene Nwangwu,RB,RB,MIN,0,0,0,0,0,9,14,0,2,2,21,0,9.5,11.5,3
2022,00-0036849,T.Atwell,Tutu Atwell,WR,WR,LA,0,0,0,0,0,9,34,1,35,18,298,1,45.2,63.2,12
2022,00-0036857,C.Evans,Chris Evans,RB,RB,CIN,0,0,0,0,0,0,0,0,4,3,38,1,9.8,12.8,4
2022,00-0036858,J.Camp,Jalen Camp,WR,WR,HOU,0,0,0,0,0,0,0,0,1,1,7,0,0.7,1.7,1
2022,00-0036862,B.Skowronek,Ben Skowronek,WR,WR,LA,0,0,0,0,0,1,17,1,61,39,376,0,45.3,84.3,14
2022,00-0036875,R.Stevenson,Rhamondre Stevenson,RB,RB,NE,0,0,0,0,0,210,1040,5,88,69,421,1,180.1,249.1,17
2022,00-0036876,K.Granson,Kylen Granson,TE,TE,IND,0,0,0,0,0,1,0,0,40,31,302,0,30.2,61.2,13
2022,00-0036877,J.Darden,Jaelon Darden,WR,WR,TB,0,0,0,0,0,1,2,0,2,2,26,0,2.8000000000000003,4.800000000000001,3
2022,00-0036879,S.Ehlinger,Sam Ehlinger,QB,QB,IND,101,64,573,3,3,17,87,0,0,0,0,0,35.620000000000005,35.620000000000005,4
2022,00-0036880,P.Sewell,Penei Sewell,T,OL,DET,0,0,0,0,0,0,0,0,1,1,9,0,0.9,1.9,1
2022,00-0036887,L.Farrell,Luke Farrell,TE,TE,JAX,0,0,0,0,0,0,0,0,4,4,40,0,4.0,8.0,4
2022,00-0036893,N.Harris,Najee Harris,RB,RB,PIT,1,1,4,0,0,272,1034,7,53,41,229,3,182.46,223.46,17
2022,00-0036894,P.Freiermuth,Pat Freiermuth,TE,TE,PIT,0,0,0,0,0,0,0,0,98,63,732,2,85.2,148.2,15
2022,00-0036898,D.Mills,Davis Mills,QB,QB,HOU,479,292,3118,17,15,32,108,2,0,0,0,0,181.52,181.52,15
2022,00-0036900,J.Chase,Ja'Marr Chase,WR,WR,CIN,0,0,0,0,0,5,8,0,134,87,1046,9,155.4,242.4,12
2022,00-0036906,K.Herbert,Khalil Herbert,RB,RB,CHI,0,0,0,0,0,129,731,4,12,9,57,1,108.8,117.8,13
2022,00-0036912,D.Smith,DeVonta Smith,WR,WR,PHI,0,0,0,0,0,0,0,0,136,95,1196,7,159.6,254.6,17
2022,00-0036913,K.Toney,Kadarius Toney,WR,WR,KC,0,0,0,0,0,5,59,1,17,14,171,2,41.0,55.0,7
2022,00-0036913,K.Toney,Kadarius Toney,WR,WR,NYG,0,0,0,0,0,2,23,0,3,2,0,0,2.3,4.3,2
2022,00-0036918,J.Harris,Jacob Harris,WR,WR,LA,0,0,0,0,0,0,0,0,1,1,6,0,0.6,1.6,1
2022,00-0036919,K.Gainwell,Kenneth Gainwell,RB,RB,PHI,0,0,0,0,0,53,240,4,29,23,169,0,64.9,87.9,17
2022,00-0036924,M.Carter,Michael Carter,RB,RB,NYJ,0,0,0,0,0,114,402,3,54,41,288,0,85.0,126.0,16
2022,00-0036928,K.Trask,Kyle Trask,QB,QB,TB,9,3,23,0,0,0,0,0,0,0,0,0,0.92,0.92,1
2022,00-0036936,R.Moore,Rondale Moore,WR,WR,ARI,0,0,0,0,0,6,-5,0,56,41,414,1,46.9,87.89999999999999,8
2022,00-0036945,J.Fields,Justin Fields,QB,QB,CHI,318,192,2242,17,11,160,1143,8,0,0,0,0,295.98,295.98,15
2022,00-0036950,A.Williams,Avery Williams,RB,RB,ATL,0,0,0,0,0,22,109,1,14,13,61,0,23.0,36.0,14
2022,00-0036951,F.Darby,Frank Darby,WR,WR,ATL,0,0,0,0,0,0,0,0,1,1,15,0,1.5,2.5,1
2022,00-0036955,T.Marshall,Terrace Marshall,WR,WR,CAR,0,0,0,0,0,0,0,0,47,28,490,1,55.0,83.0,13
2022,00-0036959,M.Bandy,Michael Bandy,WR,WR,LAC,0,0,0,0,0,0,0,0,21,10,89,0,8.9,18.9,7
2022,00-0036963,A.St. Brown,Amon-Ra St. Brown,WR,WR,DET,0,0,0,0,0,9,95,0,146,106,1161,6,161.6,267.6,16
2022,00-0036970,K.Pitts,Kyle Pitts,TE,TE,ATL,0,0,0,0,0,0,0,0,59,28,356,2,47.6,75.6,10
2022,00-0036971,T.Lawrence,Trevor Lawrence,QB,QB,JAX,584,387,4113,25,8,62,291,5,0,0,0,0,295.62,295.62,17
2022,00-0036972,M.Jones,Mac Jones,QB,QB,NE,442,288,2997,14,11,47,102,1,0,0,0,0,170.08,170.08,14
2022,00-0036973,T.Etienne,Travis Etienne,RB,RB,JAX,0,0,0,0,0,220,1125,5,45,35,316,0,168.1,203.1,17
2022,00-0036980,E.Moore,Elijah Moore,WR,WR,NYJ,0,0,0,0,0,5,5,0,65,37,446,1,51.1,88.1,14
2022,00-0036984,T.Sermon,Trey Sermon,RB,RB,PHI,0,0,0,0,0,2,19,0,0,0,0,0,1.9,1.9,1
2022,00-0036988,J.Palmer,Josh Palmer,WR,WR,LAC,0,0,0,0,0,1,4,0,107,72,769,3,97.3,169.3,16
2022,00-0036991,A.Rodgers,Amari Rodgers,WR,WR,GB,0,0,0,0,0,0,0,0,8,4,50,0,5.0,9.0,4
2022,00-0036991,A.Rodgers,Amari Rodgers,WR,WR,HOU,0,0,0,0,0,2,7,0,17,12,154,1,22.1,34.1,5
2022,00-0036997,J.Williams,Javonte Williams,RB,RB,DEN,0,0,0,0,0,47,204,0,22,16,76,0,26.0,42.0,4
2022,00-0036999,A.Schwartz,Anthony Schwartz,WR,WR,CLE,0,0,0,0,0,4,57,1,10,4,51,0,14.8,18.8,6
2022,00-0037005,T.Tremble,Tommy Tremble,TE,TE,CAR,0,0,0,0,0,0,0,0,32,19,174,3,35.4,54.400000000000006,14
2022,00-0037011,T.McKitty,Tre' McKitty,TE,TE,LAC,0,0,0,0,0,0,0,0,18,10,72,0,7.2,17.2,8
2022,00-0037012,T.Lance,Trey Lance,QB,QB,SF,31,15,194,0,1,16,67,0,0,0,0,0,12.46,12.46,2
2022,00-0037013,Z.Wilson,Zach Wilson,QB,QB,NYJ,242,132,1688,6,7,28,102,1,1,1,2,1,97.92,98.92,9
2022,00-0037055,L.McCutcheon,Lance McCutcheon,WR,WR,LA,0,0,0,0,0,0,0,0,5,0,0,0,0.0,0.0,2
2022,00-0037077,S.Howell,Sam Howell,QB,QB,WAS,19,11,169,1,1,5,35,1,0,0,0,0,18.26,18.26,1
2022,00-0037078,C.Turner,Cole Turner,TE,TE,WAS,0,0,0,0,0,0,0,0,9,2,23,0,2.3,4.3,5
2022,00-0037085,T.Badie,Tyler Badie,RB,RB,DEN,0,0,0,0,0,1,0,0,1,1,24,1,8.4,9.4,1
2022,00-0037086,G.Calcaterra,Grant Calcaterra,TE,TE,PHI,0,0,0,0,0,0,0,0,9,5,81,0,8.1,13.100000000000001,5
2022,00-0037087,T.Ebner,Trestan Ebner,RB,RB,CHI,0,0,0,0,0,24,54,0,8,2,8,0,6.199999999999999,8.2,7
2022,00-0037093,D.Young,Dareke Young,WR,WR,SEA,0,0,0,0,0,0,0,0,2,2,24,0,2.4,4.4,1
2022,00-0037098,S.Toure,Samori Toure,WR,WR,GB,0,0,0,0,0,0,0,0,10,5,82,1,14.2,19.2,4
2022,00-0037112,J.Tonges,Jake Tonges,TE,TE,CHI,0,0,0,0,0,0,0,0,1,0,0,0,0.0,0.0,1
2022,00-0037157,Z.Knight,Zonovan Knight,RB,RB,NYJ,0,0,0,0,0,85,300,1,14,13,100,0,46.0,59.0,7
2022,00-0037168,A.Rogers,Armani Rogers,TE,TE,WAS,0,0,0,0,0,2,26,0,6,5,64,0,9.0,14.0,5
2022,00-0037175,A.Brown,Anthony Brown,QB,QB,BAL,49,22,302,0,2,3,-5,0,0,0,0,0,5.58,5.58,2
2022,00-0037197,I.Pacheco,Isiah Pacheco,RB,RB,KC,0,0,0,0,0,170,830,5,14,13,130,0,122.0,135.0,17
2022,00-0037228,J.Warren,Jaylen Warren,RB,RB,PIT,0,0,0,0,0,77,379,1,33,28,214,0,65.3,93.3,16
2022,00-0037238,D.London,Drake London,WR,WR,ATL,0,0,0,0,0,0,0,0,117,72,866,4,106.6,178.6,17
2022,00-0037239,C.Olave,Chris Olave,WR,WR,NO,0,0,0,0,0,0,0,0,119,72,1042,4,126.19999999999999,198.2,15
2022,00-0037240,J.Williams,Jameson Williams,WR,WR,DET,0,0,0,0,0,1,40,0,9,1,41,1,14.1,15.1,6
2022,00-0037247,G.Pickens,George Pickens,WR,WR,PIT,0,0,0,0,0,3,24,1,84,52,801,4,114.5,166.5,17
2022,00-0037248,J.Cook,James Cook,RB,RB,BUF,0,0,0,0,0,89,507,2,32,21,180,1,84.7,105.7,16
2022,00-0037252,G.Dulcich,Greg Dulcich,TE,TE,DEN,0,0,0,0,0,0,0,0,55,33,411,2,53.1,86.1,10
2022,00-0037253,M.Jones,Marcus Jones,CB,DB,NE,0,0,0,0,0,0,0,0,4,4,78,1,19.8,23.8,4
2022,00-0037256,R.White,Rachaad White,RB,RB,TB,0,0,0,0,0,129,481,1,58,50,290,2,91.1,141.1,16
2022,00-0037257,D.Bell,David Bell,WR,WR,CLE,0,0,0,0,0,0,0,0,35,24,214,0,21.4,45.4,14
2022,00-0037258,D.Pierce,Dameon Pierce,RB,RB,HOU,0,0,0,0,0,220,939,4,39,30,165,1,136.4,166.4,13
2022,00-0037261,K.Shakir,Khalil Shakir,WR,WR,BUF,0,0,0,0,0,0,0,0,20,10,161,1,24.1,34.1,10
2022,00-0037263,T.Allgeier,Tyler Allgeier,RB,RB,ATL,0,0,0,0,0,210,1035,3,17,16,139,1,143.4,159.4,16
2022,00-0037265,S.Conner,Snoop Conner,RB,RB,JAX,0,0,0,0,0,12,42,1,0,0,0,0,10.2,10.2,5
2022,00-0037267,J.Ford,Jerome Ford,RB,RB,CLE,0,0,0,0,0,8,12,0,0,0,0,0,1.2,1.2,2
2022,00-0037272,M.Washington,Montrell Washington,WR,WR,DEN,0,0,0,0,0,5,30,0,9,4,2,0,3.2,7.2,9
2022,00-0037273,K.Philips,Kyle Philips,WR,WR,TEN,0,0,0,0,0,0,0,0,13,8,78,0,7.8,15.799999999999999,4
2022,00-0037276,T.Chandler,Ty Chandler,RB,RB,MIN,0,0,0,0,0,6,20,0,0,0,0,0,2.0,2.0,1
2022,00-0037277,T.Quitoriano,Teagan Quitoriano,TE,TE,HOU,0,0,0,0,0,0,0,0,14,7,113,2,23.3,30.3,7
2022,00-0037282,J.Mitchell,James Mitchell,TE,TE,DET,0,0,0,0,0,0,0,0,11,11,113,1,17.3,28.3,8
2022,00-0037286,K.Harris,Kevin Harris,RB,RB,NE,0,0,0,0,0,18,52,1,0,0,0,0,11.2,11.2,5
2022,00-0037291,J.Nailor,Jalen Nailor,WR,WR,MIN,0,0,0,0,0,0,0,0,13,9,179,1,23.900000000000002,32.9,5
2022,00-0037299,K.Ingram,Keaontay Ingram,RB,RB,ARI,0,0,0,0,0,27,60,1,5,4,21,0,14.099999999999998,18.099999999999998,10
2022,00-0037300,M.Woods,Mike Woods,WR,WR,CLE,0,0,0,0,0,1,-5,0,10,5,45,0,4.0,9.0,6
2022,00-0037304,C.Heyward,Connor Heyward,TE,TE,PIT,0,0,0,0,0,2,27,0,17,12,151,1,23.8,35.8,8
2022,00-0037311,K.Kieft,Ko Kieft,TE,TE,TB,0,0,0,0,0,0,0,0,10,7,80,1,14.0,21.0,8
2022,00-0037327,S.Thompson,Skylar Thompson,QB,QB,MIA,105,60,534,1,3,14,21,0,0,0,0,0,17.46,17.46,7
2022,00-0037331,Z.Horvath,Zander Horvath,RB,RB,LAC,0,0,0,0,0,4,8,0,8,5,8,2,13.6,18.6,8
2022,00-0037348,T.Conner,Tanner Conner,WR,WR,MIA,0,0,0,0,0,0,0,0,3,0,0,0,0.0,0.0,2
2022,00-0037355,B.Sanders,Braylon Sanders,WR,WR,MIA,0,0,0,0,0,0,0,0,3,2,17,0,-0.3,1.7,2
2022,00-0037382,B.Johnson,Brandon Johnson,WR,WR,DEN,0,0,0,0,0,0,0,0,14,6,42,1,10.2,16.2,4
2022,00-0037387,J.Virgil,Jalen Virgil,WR,WR,DEN,0,0,0,0,0,0,0,0,5,2,75,1,13.5,15.5,4
2022,00-0037393,J.Domann,JoJo Domann,OLB,LB,IND,0,0,0,0,0,0,0,0,0,0,0,0,6.0,6.0,1
2022,00-0037429,R.Blackshear,Raheem Blackshear,RB,RB,CAR,0,0,0,0,0,23,77,3,12,10,93,0,35.0,45.0,10
2022,00-0037456,T.Hairston,Troy Hairston,FB,RB,HOU,0,0,0,0,0,0,0,0,8,5,19,0,1.9,6.9,7
2022,00-0037475,S.Smartt,Stone Smartt,TE,TE,LAC,0,0,0,0,0,0,0,0,5,4,17,0,1.7,5.7,3
2022,00-0037487,D.Thompkins,Deven Thompkins,WR,WR,TB,0,0,0,0,0,2,26,0,10,5,32,0,5.800000000000001,10.799999999999999,2
2022,00-0037500,R.Wright,Ryan Wright,P,SPEC,MIN,2,1,13,0,0,0,0,0,0,0,0,0,0.52,0.52,2
2022,00-0037525,J.Mason,Jordan Mason,RB,RB,SF,0,0,0,0,0,43,258,1,0,0,0,0,31.799999999999997,31.799999999999997,8
2022,00-0037545,R.Shaheed,Rashid Shaheed,WR,WR,NO,0,0,0,0,0,4,57,1,34,28,488,2,72.5,100.5,11
2022,00-0037557,R.Rivers,Ronnie Rivers,RB,RB,LA,0,0,0,0,0,9,21,0,5,5,29,0,5.0,10.0,2
2022,00-0037563,M.Davis,Malik Davis,RB,RB,DAL,0,0,0,0,0,38,161,1,7,6,63,0,28.400000000000002,34.4,6
2022,00-0037569,P.Hendershot,Peyton Hendershot,TE,TE,DAL,0,0,0,0,0,1,2,1,16,11,103,2,28.5,39.5,9
2022,00-0037570,D.Houston,Dennis Houston,WR,WR,DAL,0,0,0,0,0,0,0,0,6,2,16,0,1.6,3.6,2
2022,00-0037594,J.Chestnut,Julius Chestnut,RB,RB,TEN,0,0,0,0,0,9,12,0,3,3,41,0,5.300000000000001,8.3,3
2022,00-0037617,H.Haskins,Hassan Haskins,RB,RB,TEN,0,0,0,0,0,25,93,0,12,11,57,0,15.0,26.0,7
2022,00-0037664,A.Pierce,Alec Pierce,WR,WR,IND,0,0,0,0,0,0,0,0,78,41,593,2,71.3,112.30000000000001,16
2022,00-0037666,J.Tolbert,Jalen Tolbert,WR,WR,DAL,0,0,0,0,0,0,0,0,3,2,12,0,1.2000000000000002,3.2,2
2022,00-0037708,M.Alexander,Maurice Alexander,WR,WR,DET,0,0,0,0,0,0,0,0,1,1,7,0,0.7,1.7,1
2022,00-0037740,G.Wilson,Garrett Wilson,WR,WR,NYJ,1,0,0,0,0,4,4,0,147,83,1103,4,132.7,215.7,17
2022,00-0037741,J.Dotson,Jahan Dotson,WR,WR,WAS,0,0,0,0,0,2,-7,0,61,35,523,7,95.6,130.6,12
2022,00-0037742,T.Burks,Treylon Burks,WR,WR,TEN,0,0,0,0,0,4,47,0,54,33,444,1,55.1,88.1,11
2022,00-0037744,T.McBride,Trey McBride,TE,TE,ARI,0,0,0,0,0,0,0,0,39,29,265,1,32.5,61.5,9
2022,00-0037745,V.Jones,Velus Jones,WR,WR,CHI,0,0,0,0,0,9,103,1,14,7,107,1,31.0,38.0,9
2022,00-0037746,B.Robinson,Brian Robinson,RB,RB,WAS,0,0,0,0,0,205,797,2,12,9,60,1,103.69999999999999,112.69999999999999,12
2022,00-0037755,J.Woods,Jelani Woods,TE,TE,IND,0,0,0,0,0,0,0,0,40,25,312,3,49.2,74.2,12
2022,00-0037801,K.Turpin,Kavontae Turpin,WR,WR,DAL,0,0,0,0,0,3,17,0,2,1,9,0,2.6,3.6,5
2022,00-0037805,J.Ruckert,Jeremy Ruckert,TE,TE,NYJ,0,0,0,0,0,0,0,0,2,1,8,0,0.8,1.8,2
2022,00-0037809,C.Okonkwo,Chigoziem Okonkwo,TE,TE,TEN,0,0,0,0,0,3,2,0,46,32,450,3,65.2,97.2,15
2022,00-0037816,R.Doubs,Romeo Doubs,WR,WR,GB,0,0,0,0,0,1,11,0,67,42,425,3,59.6,101.6,13
2022,00-0037827,T.Davis-Price,Tyrion Davis-Price,RB,RB,SF,0,0,0,0,0,34,99,0,2,0,0,0,9.9,9.9,5
2022,00-0037828,D.Gray,Danny Gray,WR,WR,SF,0,0,0,0,0,1,9,0,7,1,10,0,1.9,2.9,5
2022,00-0037834,B.Purdy,Brock Purdy,QB,QB,SF,170,114,1374,13,4,22,13,1,0,0,0,0,106.26,106.26,9
2022,00-0037838,I.Likely,Isaiah Likely,TE,TE,BAL,0,0,0,0,0,0,0,0,60,36,373,3,55.3,91.3,14
2022,00-0037840,K.Williams,Kyren Williams,RB,RB,LA,0,0,0,0,0,35,139,0,12,9,76,0,21.5,30.5,8
2022,00-0038040,Z.White,Zamir White,RB,RB,LV,0,0,0,0,0,17,70,0,0,0,0,0,7.0,7.0,11
2022,00-0038041,J.Ferguson,Jake Ferguson,TE,TE,DAL,0,0,0,0,0,0,0,0,22,19,174,2,29.4,48.4,11
2022,00-0038045,I.Spiller,Isaiah Spiller,RB,RB,LAC,0,0,0,0,0,18,41,0,3,3,13,0,5.4,8.399999999999999,5
2022,00-0038046,C.Kolar,Charlie Kolar,TE,TE,BAL,0,0,0,0,0,0,0,0,6,4,49,0,4.9,8.9,1
2022,00-0038090,S.Moore,Skyy Moore,WR,WR,KC,0,0,0,0,0,3,24,0,33,22,250,0,27.4,49.4,14
2022,00-0038092,E.Ezukanma,Erik Ezukanma,WR,WR,MIA,0,0,0,0,0,0,0,0,1,1,3,0,0.3,1.3,1
2022,00-0038098,P.Strong,Pierre Strong,RB,RB,NE,0,0,0,0,0,10,100,1,7,7,42,0,20.2,27.2,4
2022,00-0038102,K.Pickett,Kenny Pickett,QB,QB,PIT,389,245,2404,7,9,55,237,3,0,0,0,0,149.85999999999999,149.85999999999999,13
2022,00-0038104,T.Thornton,Tyquan Thornton,WR,WR,NE,0,0,0,0,0,3,16,1,45,22,247,2,44.3,66.3,12
2022,00-0038108,B.Zappe,Bailey Zappe,QB,QB,NE,92,65,781,5,3,10,0,0,1,1,-6,0,38.64,39.64,4
2022,00-0038115,D.Bellinger,Daniel Bellinger,TE,TE,NYG,0,0,0,0,0,1,2,1,35,30,268,2,45.0,75.0,11
2022,00-0038117,W.Robinson,Wan'Dale Robinson,WR,WR,NYG,0,0,0,0,0,2,-1,0,31,23,227,1,28.6,51.599999999999994,6
2022,00-0038120,B.Hall,Breece Hall,RB,RB,NYJ,0,0,0,0,0,80,463,4,31,19,218,1,96.1,115.1,7
2022,00-0038122,D.Ridder,Desmond Ridder,QB,QB,ATL,115,73,708,2,0,16,64,0,0,0,0,0,38.72,38.72,4
2022,00-0038124,C.Watson,Christian Watson,WR,WR,GB,0,0,0,0,0,7,80,2,66,41,611,7,123.1,164.10000000000002,14
2022,00-0038128,M.Willis,Malik Willis,QB,QB,TEN,61,31,276,0,3,27,123,1,0,0,0,0,19.34,19.34,7
2022,00-0038129,C.Otton,Cade Otton,TE,TE,TB,0,0,0,0,0,0,0,0,65,42,391,2,51.1,93.10000000000001,14
2022,00-0038134,K.Walker,Kenneth Walker,RB,RB,SEA,0,0,0,0,0,228,1050,9,35,27,165,0,175.5,202.5,15
2022,00-0038147,D.Baldwin,Daylen Baldwin,WR,WR,CLE,0,0,0,0,0,0,0,0,2,2,25,0,2.5,4.5,1
2022,00-0038149,J.Ali,Josh Ali,WR,WR,ATL,0,0,0,0,0,0,0,0,1,0,0,0,0.0,0.0,1
2023,00-0023459,A.Rodgers,Aaron Rodgers,QB,QB,NYJ,1,0,0,0,0,0,0,0,0,0,0,0,0.0,0.0,1
2023,00-0024243,M.Lewis,Marcedes Lewis,TE,TE,CHI,0,0,0,0,0,0,0,0,5,4,29,1,8.9,12.899999999999999,5
2023,00-0026158,J.Flacco,Joe Flacco,QB,QB,CLE,204,123,1616,13,8,9,2,0,0,0,0,0,100.84,100.84,5
2023,00-0026498,M.Stafford,Matthew Stafford,QB,QB,LA,521,326,3965,24,11,21,65,0,0,0,0,0,243.1,243.1,15
2023,00-0026625,B.Hoyer,Brian Hoyer,QB,QB,LV,42,23,231,0,2,3,-3,0,0,0,0,0,4.9399999999999995,4.9399999999999995,2
2023,00-0027114,T.Morstead,Thomas Morstead,P,SPEC,NYJ,1,1,18,0,0,0,0,0,0,0,0,0,0.72,0.72,1
2023,00-0027696,J.Graham,Jimmy Graham,TE,TE,NO,0,0,0,0,0,0,0,0,7,6,39,4,27.9,33.9,5
2023,00-0027944,J.Jones,Julio Jones,WR,WR,PHI,0,0,0,0,0,0,0,0,19,11,74,3,25.4,36.4,8
2023,00-0027948,B.Gabbert,Blaine Gabbert,QB,QB,KC,35,18,185,0,3,7,45,0,0,0,0,0,5.9,5.9,2
2023,00-0027973,A.Dalton,Andy Dalton,QB,QB,CAR,58,34,361,2,0,3,12,0,0,0,0,0,23.64,23.64,2
2023,00-0028002,R.Cobb,Randall Cobb,WR,WR,NYJ,0,0,0,0,0,0,0,0,17,5,39,1,11.9,16.9,9
2023,00-0028118,T.Taylor,Tyrod Taylor,QB,QB,NYG,180,116,1341,5,3,38,197,0,0,0,0,0,87.34,87.34,10
2023,00-0028872,J.Hekker,Johnny Hekker,P,SPEC,CAR,1,1,7,0,0,1,-11,0,0,0,0,0,-2.8200000000000003,-2.8200000000000003,2
2023,00-0028986,C.Keenum,Case Keenum,QB,QB,HOU,53,34,291,1,3,2,1,0,0,0,0,0,9.74,9.74,2
2023,00-0029239,B.Bolden,Brandon Bolden,RB,RB,LV,0,0,0,0,0,4,31,1,0,0,0,0,11.1,11.1,3
2023,00-0029263,R.Wilson,Russell Wilson,QB,QB,DEN,447,297,3070,26,8,80,341,3,0,0,0,0,256.9,256.9,15
2023,00-0029293,M.Jones,Marvin Jones,WR,WR,DET,0,0,0,0,0,0,0,0,10,5,35,0,1.5000000000000002,6.5,4
2023,00-0029604,K.Cousins,Kirk Cousins,QB,QB,MIN,311,216,2331,18,5,14,25,0,0,0,0,0,149.74,149.74,8
2023,00-0029692,B.Anger,Bryan Anger,P,SPEC,DAL,0,0,0,0,0,0,0,0,0,0,0,0,2.0,2.0,1
2023,00-0029701,R.Tannehill,Ryan Tannehill,QB,QB,TEN,230,149,1616,4,7,17,74,1,1,0,0,0,80.03999999999999,80.03999999999999,9
2023,00-0029764,C.Davis,Cody Davis,FS,DB,NE,0,0,0,0,0,0,0,0,0,0,0,0,6.0,6.0,1
2023,00-0029892,K.Juszczyk,Kyle Juszczyk,FB,RB,SF,0,0,0,0,0,5,6,0,17,14,119,2,24.5,38.5,10
2023,00-0030035,A.Thielen,Adam Thielen,WR,WR,CAR,0,0,0,0,0,1,6,0,137,103,1014,4,128.0,231.0,17
2023,00-0030061,Z.Ertz,Zach Ertz,TE,TE,ARI,0,0,0,0,0,0,0,0,43,27,187,1,24.7,51.7,7
2023,00-0030068,M.Goodwin,Marquise Goodwin,WR,WR,CLE,0,0,0,0,0,4,33,0,13,4,67,0,10.0,14.0,10
2023,00-0030140,T.Way,Tress Way,P,SPEC,WAS,0,0,0,0,0,1,0,0,0,0,0,0,0.0,0.0,1
2023,00-0030279,K.Allen,Keenan Allen,WR,WR,LAC,2,1,49,1,0,2,6,0,150,108,1243,7,170.86,278.86,13
2023,00-0030431,R.Woods,Robert Woods,WR,WR,HOU,0,0,0,0,0,1,7,0,75,40,426,1,49.3,89.3,13
2023,00-0030506,T.Kelce,Travis Kelce,TE,TE,KC,0,0,0,0,0,0,0,0,121,93,984,5,126.4,219.4,15
2023,00-0030513,L.Murray,Latavius Murray,RB,RB,BUF,0,0,0,0,0,79,300,4,22,17,119,0,65.89999999999999,82.89999999999999,15
2023,00-0030533,M.Barkley,Matt Barkley,QB,QB,JAX,0,0,0,0,0,3,-3,0,0,0,0,0,-0.3,-0.3,1
2023,00-0030564,D.Hopkins,DeAndre Hopkins,WR,WR,TEN,1,0,0,0,0,2,9,0,137,75,1057,7,148.6,223.6,17
2023,00-0030565,G.Smith,Geno Smith,QB,QB,SEA,499,323,3624,20,9,37,155,1,1,1,-2,0,226.26,227.26,15
2023,00-0030578,C.Patterson,Cordarrelle Patterson,RB,RB,ATL,0,0,0,0,0,50,181,0,12,9,38,1,27.9,36.9,12
2023,00-0030663,W.Snead,Willie Snead,WR,WR,SF,0,0,0,0,0,0,0,0,3,2,14,0,1.4,3.4,2
2023,00-0030874,D.Williams,Damien Williams,RB,RB,ARI,0,0,0,0,0,11,43,0,2,2,12,0,5.5,7.5,3
2023,00-0030968,K.Smith,Keith Smith,FB,RB,ATL,0,0,0,0,0,0,0,0,3,3,33,0,3.3,6.3,3
2023,00-0031235,O.Beckham,Odell Beckham,WR,WR,BAL,0,0,0,0,0,0,0,0,64,35,565,3,72.5,107.5,14
2023,00-0031236,B.Cooks,Brandin Cooks,WR,WR,DAL,0,0,0,0,0,5,35,0,81,54,657,8,119.2,173.2,16
2023,00-0031237,T.Bridgewater,Teddy Bridgewater,QB,QB,DET,0,0,0,0,0,2,-2,0,0,0,0,0,-0.2,-0.2,1
2023,00-0031260,L.Thomas,Logan Thomas,TE,TE,WAS,0,0,0,0,0,1,2,0,78,55,496,4,71.8,126.8,16
2023,00-0031280,D.Carr,Derek Carr,QB,QB,NO,548,375,3878,25,8,32,40,0,0,0,0,0,241.12,241.12,17
2023,00-0031288,A.McCarron,AJ McCarron,QB,QB,CIN,5,4,19,0,0,0,0,0,0,0,0,0,0.76,0.76,2
2023,00-0031345,J.Garoppolo,Jimmy Garoppolo,QB,QB,LV,169,110,1205,7,9,20,39,0,0,0,0,0,64.1,64.1,7
2023,00-0031376,J.McKinnon,Jerick McKinnon,RB,RB,KC,1,1,4,1,0,21,60,1,32,25,192,4,59.36,84.36,12
2023,00-0031381,D.Adams,Davante Adams,WR,WR,LV,0,0,0,0,0,0,0,0,175,103,1144,8,162.4,265.4,17
2023,00-0031408,M.Evans,Mike Evans,WR,WR,TB,0,0,0,0,0,0,0,0,136,79,1255,13,203.5,282.5,17
2023,00-0031428,A.Robinson,Allen Robinson,WR,WR,PIT,0,0,0,0,0,0,0,0,49,34,280,0,28.0,62.0,15
2023,00-0031484,C.Manhertz,Chris Manhertz,TE,TE,DEN,0,0,0,0,0,0,0,0,4,2,16,0,1.6,3.6,4
2023,00-0031503,J.Winston,Jameis Winston,QB,QB,NO,47,25,264,2,3,5,-6,0,0,0,0,0,11.96,11.96,6
2023,00-0031544,A.Cooper,Amari Cooper,WR,WR,CLE,0,0,0,0,0,0,0,0,128,72,1250,5,155.0,227.0,15
2023,00-0031547,D.Parker,DeVante Parker,WR,WR,NE,0,0,0,0,0,0,0,0,55,33,394,0,39.4,72.4,13
2023,00-0031549,N.Agholor,Nelson Agholor,WR,WR,BAL,0,0,0,0,0,0,0,0,45,35,381,4,62.1,97.1,16
2023,00-0031585,M.Pruitt,MyCole Pruitt,TE,TE,ATL,0,0,0,0,0,0,0,0,12,9,110,1,17.0,26.0,9
2023,00-0031588,S.Diggs,Stefon Diggs,WR,WR,BUF,0,0,0,0,0,1,5,0,160,107,1183,8,166.8,273.8,17
2023,00-0031595,M.Burton,Michael Burton,FB,RB,DEN,0,0,0,0,0,7,9,0,3,3,8,0,3.7,6.7,8
2023,00-0031610,D.Waller,Darren Waller,TE,TE,NYG,0,0,0,0,0,0,0,0,74,52,552,1,61.2,113.2,12
2023,00-0031687,R.Mostert,Raheem Mostert,RB,RB,MIA,0,0,0,0,0,209,1012,18,32,25,175,3,242.70000000000002,267.7,15
2023,00-0031763,D.Carter,DeAndre Carter,WR,WR,LV,0,0,0,0,0,3,18,0,7,4,39,0,5.7,9.7,8
2023,00-0031800,T.Heinicke,Taylor Heinicke,QB,QB,ATL,136,74,890,5,4,15,124,1,0,0,0,0,66.0,66.0,5
2023,00-0031868,D.Byrd,Damiere Byrd,WR,WR,ATL,0,0,0,0,0,0,0,0,2,0,0,0,0.0,0.0,1
2023,00-0031941,J.Crowder,Jamison Crowder,WR,WR,WAS,0,0,0,0,0,0,0,0,20,16,159,1,21.9,37.9,7
2023,00-0032062,B.Bell,Blake Bell,TE,TE,KC,0,0,0,0,0,0,0,0,9,5,26,1,6.6000000000000005,11.6,6
2023,00-0032104,A.Abdullah,Ameer Abdullah,RB,RB,LV,0,0,0,0,0,15,89,0,24,19,131,0,22.0,41.0,16
2023,00-0032128,C.Conley,Chris Conley,WR,WR,SF,0,0,0,0,0,0,0,0,6,3,69,0,6.9,9.9,1
2023,00-0032134,C.Uzomah,C.J. Uzomah,TE,TE,NYJ,0,0,0,0,0,0,0,0,12,8,58,1,11.8,19.8,7
2023,00-0032141,G.Swaim,Geoff Swaim,TE,TE,ARI,0,0,0,0,0,0,0,0,11,10,94,0,9.4,19.4,7
2023,00-0032144,M.Gordon,Melvin Gordon,RB,RB,BAL,0,0,0,0,0,26,81,1,3,3,46,0,16.7,19.7,4
2023,00-0032156,T.Siemian,Trevor Siemian,QB,QB,NYJ,153,86,724,2,4,11,40,0,0,0,0,0,26.96,26.96,5
2023,00-0032200,T.Montgomery,Ty Montgomery,WR,WR,NE,0,0,0,0,0,3,9,0,12,5,40,0,4.9,9.9,7
2023,00-0032208,P.Dorsett,Phillip Dorsett,WR,WR,DEN,0,0,0,0,0,0,0,0,3,0,0,0,0.0,0.0,2
2023,00-0032211,T.Lockett,Tyler Lockett,WR,WR,SEA,0,0,0,0,0,0,0,0,122,79,894,5,123.39999999999999,202.4,17
2023,00-0032217,D.Smith,Donovan Smith,T,OL,KC,0,0,0,0,0,0,0,0,1,1,0,0,0.0,1.0,1
2023,00-0032268,M.Mariota,Marcus Mariota,QB,QB,PHI,23,15,164,1,1,8,52,0,0,0,0,0,11.76,11.76,2
2023,00-0032385,S.Shepard,Sterling Shepard,WR,WR,NYG,0,0,0,0,0,1,6,0,22,10,57,1,12.3,22.3,10
2023,00-0032392,A.Hooper,Austin Hooper,TE,TE,LV,0,0,0,0,0,0,0,0,31,25,234,0,23.4,48.4,16
2023,00-0032394,N.Vannett,Nick Vannett,TE,TE,LAC,0,0,0,0,0,0,0,0,1,1,3,0,0.3,1.3,1
2023,00-0032398,C.Moore,Chris Moore,WR,WR,TEN,0,0,0,0,0,2,39,0,35,22,424,0,46.3,68.3,15
2023,00-0032436,J.Driskel,Jeff Driskel,QB,QB,CLE,26,13,166,2,2,7,33,0,0,0,0,0,13.94,13.94,1
2023,00-0032464,K.Raymond,Kalif Raymond,WR,WR,DET,0,0,0,0,0,7,75,0,44,35,489,1,62.4,97.4,17
2023,00-0032543,A.Erickson,Alex Erickson,WR,WR,LAC,0,0,0,0,0,0,0,0,29,16,232,1,29.2,45.2,8
2023,00-0032688,R.Chosen,Robbie Chosen,WR,WR,MIA,0,0,0,0,0,0,0,0,6,4,126,1,18.6,22.6,5
2023,00-0032764,D.Henry,Derrick Henry,RB,RB,TEN,3,2,14,2,0,280,1167,12,36,28,214,0,218.66,246.66,17
2023,00-0032765,M.Thomas,Michael Thomas,WR,WR,NO,0,0,0,0,0,0,0,0,64,39,448,1,50.8,89.8,10
2023,00-0032775,D.Robinson,Demarcus Robinson,WR,WR,LA,0,0,0,0,0,1,23,0,39,26,371,4,61.4,87.39999999999999,8
2023,00-0032918,C.Ham,C.J. Ham,FB,RB,MIN,0,0,0,0,0,1,7,0,9,7,25,0,3.1999999999999997,10.2,6
2023,00-0032950,C.Wentz,Carson Wentz,QB,QB,LA,24,17,163,2,1,17,56,1,0,0,0,0,26.12,26.12,1
2023,00-0032951,L.Treadwell,Laquon Treadwell,WR,WR,BAL,0,0,0,0,0,0,0,0,3,1,16,0,1.6,2.6,1
2023,00-0032975,J.Williams,Jonathan Williams,RB,RB,WAS,0,0,0,0,0,1,-2,0,1,0,0,0,-0.2,-0.2,1
2023,00-0033009,T.Boyd,Tyler Boyd,WR,WR,CIN,1,0,0,0,1,2,11,0,98,67,667,2,77.8,144.79999999999998,17
2023,00-0033040,T.Hill,Tyreek Hill,WR,WR,MIA,0,0,0,0,0,6,15,0,171,119,1799,13,257.4,376.4,16
2023,00-0033045,E.Elliott,Ezekiel Elliott,RB,RB,NE,0,0,0,0,0,184,642,3,65,51,313,2,123.5,174.5,17
2023,00-0033077,D.Prescott,Dak Prescott,QB,QB,DAL,590,410,4516,36,9,55,242,2,0,0,0,0,342.84000000000003,342.84000000000003,17
2023,00-0033090,H.Henry,Hunter Henry,TE,TE,NE,0,0,0,0,0,0,0,0,61,42,419,6,77.9,119.9,13
2023,00-0033106,J.Goff,Jared Goff,QB,QB,DET,605,407,4575,30,12,32,21,2,0,0,0,0,289.1,289.1,17
2023,00-0033110,T.Higbee,Tyler Higbee,TE,TE,LA,0,0,0,0,0,0,0,0,70,47,495,2,61.5,108.5,15
2023,00-0033118,K.Drake,Kenyan Drake,RB,RB,BAL,0,0,0,0,0,1,0,0,3,2,31,0,1.1,3.1,1
2023,00-0033118,K.Drake,Kenyan Drake,RB,RB,GB,0,0,0,0,0,1,0,0,0,0,0,0,0.0,0.0,1
2023,00-0033119,J.Brissett,Jacoby Brissett,QB,QB,WAS,23,18,224,3,0,3,19,0,0,0,0,0,22.86,22.86,2
2023,00-0033217,M.Alie-Cox,Mo Alie-Cox,TE,TE,IND,0,0,0,0,0,0,0,0,22,13,161,3,36.1,49.1,13
2023,00-0033246,J.Mundt,Johnny Mundt,TE,TE,MIN,0,0,0,0,0,0,0,0,23,17,172,1,23.2,40.2,9
2023,00-0033251,Z.Pascal,Zach Pascal,WR,WR,ARI,0,0,0,0,0,0,0,0,15,4,19,0,1.9,5.9,9
2023,00-0033275,P.Walker,P.J. Walker,QB,QB,CLE,111,54,674,1,5,13,30,0,0,0,0,0,19.959999999999997,19.959999999999997,5
2023,00-0033280,C.McCaffrey,Christian McCaffrey,RB,RB,SF,0,0,0,0,0,272,1459,14,83,67,564,7,324.3,391.3,16
2023,00-0033282,C.Samuel,Curtis Samuel,WR,WR,WAS,0,0,0,0,0,7,39,1,91,62,613,4,95.2,157.2,16
2023,00-0033288,G.Kittle,George Kittle,TE,TE,SF,0,0,0,0,0,1,2,0,90,65,1020,6,138.2,203.20000000000002,16
2023,00-0033292,T.Taylor,Trent Taylor,WR,WR,CHI,0,0,0,0,0,1,-2,0,2,0,0,0,-0.2,-0.2,3
2023,00-0033293,A.Jones,Aaron Jones,RB,RB,GB,0,0,0,0,0,142,656,2,43,30,233,1,104.9,134.9,11
2023,00-0033296,A.Armah,Alex Armah,RB,RB,WAS,0,0,0,0,0,0,0,0,3,3,13,0,1.3,4.3,3
2023,00-0033307,K.Bourne,Kendrick Bourne,WR,WR,NE,0,0,0,0,0,1,4,0,55,37,406,4,63.0,100.0,8
2023,00-0033308,M.Breida,Matt Breida,RB,RB,NYG,0,0,0,0,0,55,151,1,21,17,88,0,29.9,46.9,15
2023,00-0033319,N.Mullens,Nick Mullens,QB,QB,MIN,148,100,1306,7,8,10,25,0,0,0,0,0,66.74000000000001,66.74000000000001,5
2023,00-0033357,T.Hill,Taysom Hill,TE,TE,NO,11,6,83,1,0,81,401,4,40,33,291,2,110.52,143.52,16
2023,00-0033376,P.Ricard,Patrick Ricard,FB,RB,BAL,0,0,0,0,0,0,0,0,7,5,52,1,11.200000000000001,16.2,6
2023,00-0033439,P.Brown,Pharaoh Brown,TE,TE,NE,0,0,0,0,0,0,0,0,15,13,208,1,24.799999999999997,37.8,9
2023,00-0033466,I.McKenzie,Isaiah McKenzie,WR,WR,IND,0,0,0,0,0,3,14,0,14,11,82,0,9.6,20.6,9
2023,00-0033526,S.Perine,Samaje Perine,RB,RB,DEN,0,0,0,0,0,53,238,1,56,50,455,0,71.3,121.3,17
2023,00-0033536,M.Williams,Mike Williams,WR,WR,LAC,0,0,0,0,0,1,3,0,26,19,249,1,31.200000000000003,50.2,3
2023,00-0033537,D.Watson,Deshaun Watson,QB,QB,CLE,171,105,1115,7,4,26,142,1,0,0,0,0,86.8,86.8,6
2023,00-0033553,J.Conner,James Conner,RB,RB,ARI,0,0,0,0,0,208,1040,7,33,27,165,2,174.5,201.5,13
2023,00-0033555,M.Hollins,Mack Hollins,WR,WR,ATL,0,0,0,0,0,0,0,0,30,18,251,0,25.099999999999998,43.1,9
2023,00-0033557,J.Reeves-Maybin,Jalen Reeves-Maybin,OLB,LB,DET,1,1,31,0,0,2,3,0,0,0,0,0,1.54,1.54,3
2023,00-0033572,J.Agnew,Jamal Agnew,WR,WR,JAX,0,0,0,0,0,4,-2,0,21,14,225,1,26.3,40.3,8
2023,00-0033576,E.Saubert,Eric Saubert,TE,TE,HOU,0,0,0,0,0,0,0,0,3,3,12,0,1.2,4.2,3
2023,00-0033589,D.Moore,David Moore,WR,WR,TB,0,0,0,0,0,0,0,0,7,5,94,1,15.4,20.4,6
2023,00-0033591,N.Brown,Noah Brown,WR,WR,HOU,0,0,0,0,0,1,-1,0,55,33,567,2,68.6,101.6,10
2023,00-0033662,C.Rush,Cooper Rush,QB,QB,DAL,24,18,144,0,1,12,-5,0,0,0,0,0,3.26,3.26,7
2023,00-0033699,A.Ekeler,Austin Ekeler,RB,RB,LAC,0,0,0,0,0,179,628,5,74,51,436,1,134.4,185.4,14
2023,00-0033729,C.Johnston,Cameron Johnston,P,SPEC,HOU,0,0,0,0,0,1,-23,0,0,0,0,0,-2.3,-2.3,1
2023,00-0033757,R.Tonyan,Robert Tonyan,TE,TE,CHI,0,0,0,0,0,0,0,0,17,11,112,0,11.2,22.2,11
2023,00-0033854,D.Ogunbowale,Dare Ogunbowale,RB,RB,HOU,0,0,0,0,0,8,35,0,7,2,18,0,5.3,7.3,6
2023,00-0033856,L.Fournette,Leonard Fournette,RB,RB,BUF,0,0,0,0,0,12,40,0,0,0,0,0,4.0,4.0,2
2023,00-0033857,J.Smith-Schuster,JuJu Smith-Schuster,WR,WR,NE,0,0,0,0,0,0,0,0,47,29,260,1,32.0,61.0,11
2023,00-0033858,J.Smith,Jonnu Smith,TE,TE,ATL,1,0,0,0,0,1,0,0,70,50,582,3,74.2,124.19999999999999,15
2023,00-0033863,D.Skipper,Dan Skipper,T,OL,DET,0,0,0,0,0,0,0,0,1,1,4,0,0.4,1.4,1
2023,00-0033869,M.Trubisky,Mitchell Trubisky,QB,QB,PIT,107,67,632,4,5,16,54,2,0,0,0,0,48.68,48.68,5
2023,00-0033873,P.Mahomes,Patrick Mahomes,QB,QB,KC,597,401,4183,27,14,75,389,0,0,0,0,0,280.22,280.22,16
2023,00-0033881,E.Engram,Evan Engram,TE,TE,JAX,0,0,0,0,0,0,0,0,143,114,963,4,116.3,230.29999999999998,17
2023,00-0033885,D.Njoku,David Njoku,TE,TE,CLE,0,0,0,0,0,0,0,0,123,81,882,6,120.2,201.2,16
2023,00-0033891,Z.Jones,Zay Jones,WR,WR,JAX,0,0,0,0,0,0,0,0,64,34,321,2,44.1,78.1,9
2023,00-0033893,D.Cook,Dalvin Cook,RB,RB,NYJ,0,0,0,0,0,67,214,0,20,15,78,0,25.2,40.2,14
2023,00-0033895,G.Everett,Gerald Everett,TE,TE,LAC,0,0,0,0,0,3,10,0,70,51,411,3,60.1,111.10000000000001,15
2023,00-0033897,J.Mixon,Joe Mixon,RB,RB,CIN,0,0,0,0,0,257,1034,9,64,52,376,3,215.0,267.0,17
2023,00-0033906,A.Kamara,Alvin Kamara,RB,RB,NO,0,0,0,0,0,180,694,5,86,75,466,1,158.0,233.0,13
2023,00-0033908,C.Kupp,Cooper Kupp,WR,WR,LA,0,0,0,0,0,1,-3,0,95,59,737,5,105.4,164.4,12
2023,00-0033921,C.Godwin,Chris Godwin,WR,WR,TB,1,0,0,0,0,4,38,1,130,83,1024,2,126.2,209.2,17
2023,00-0033923,K.Hunt,Kareem Hunt,RB,RB,CLE,0,0,0,0,0,135,411,9,21,15,84,0,103.5,118.5,15
2023,00-0033925,D.Foreman,D'Onta Foreman,RB,RB,CHI,0,0,0,0,0,109,425,4,16,11,77,1,80.2,91.2,9
2023,00-0033936,C.Beathard,C.J. Beathard,QB,QB,JAX,53,40,349,1,0,8,35,0,0,0,0,0,21.46,21.46,6
2023,00-0033943,J.Reynolds,Josh Reynolds,WR,WR,DET,0,0,0,0,0,0,0,0,64,40,608,5,88.8,128.8,16
2023,00-0033948,J.Williams,Jamaal Williams,RB,RB,NO,0,0,0,0,0,106,306,1,20,18,62,0,42.8,60.8,13
2023,00-0033949,J.Dobbs,Joshua Dobbs,QB,QB,ARI,266,167,1569,8,5,47,258,3,0,0,0,0,126.56,126.56,8
2023,00-0033949,J.Dobbs,Joshua Dobbs,QB,QB,MIN,151,95,895,5,5,30,163,3,0,0,0,0,76.10000000000001,76.10000000000001,5
2023,00-0033958,N.Peterman,Nathan Peterman,QB,QB,CHI,0,0,0,0,0,2,-4,0,0,0,0,0,-0.4,-0.4,1
2023,00-0034054,R.Cracraft,River Cracraft,WR,WR,MIA,0,0,0,0,0,0,0,0,12,9,121,1,18.1,27.1,6
2023,00-0034073,R.Dwelley,Ross Dwelley,TE,TE,SF,0,0,0,0,0,0,0,0,2,1,12,0,1.2,2.2,2
2023,00-0034115,J.Wilson,Jeff Wilson,RB,RB,MIA,0,0,0,0,0,41,188,0,17,14,85,0,27.299999999999997,41.300000000000004,9
2023,00-0034159,W.Dissly,Will Dissly,TE,TE,SEA,0,0,0,0,0,0,0,0,22,17,172,1,23.2,40.2,12
2023,00-0034171,J.Cabinda,Jason Cabinda,FB,RB,DET,0,0,0,0,0,1,0,0,0,0,0,0,0.0,0.0,1
2023,00-0034177,T.Boyle,Tim Boyle,QB,QB,NYJ,77,48,360,1,4,4,5,0,0,0,0,0,10.9,10.9,3
2023,00-0034184,G.Edwards,Gus Edwards,RB,RB,BAL,0,0,0,0,0,198,810,13,13,12,180,0,175.0,187.0,17
2023,00-0034193,K.Rader,Kevin Rader,TE,TE,TEN,0,0,0,0,0,0,0,0,3,1,6,0,0.6,1.6,2
2023,00-0034208,M.Boone,Mike Boone,RB,RB,HOU,0,0,0,0,0,5,23,0,9,7,40,0,6.300000000000001,13.3,7
2023,00-0034270,T.Conklin,Tyler Conklin,TE,TE,NYJ,0,0,0,0,0,1,0,0,87,61,621,0,62.1,123.1,17
2023,00-0034272,M.Valdes-Scantling,Marquez Valdes-Scantling,WR,WR,KC,0,0,0,0,0,0,0,0,42,21,315,1,35.5,56.5,16
2023,00-0034279,E.St. Brown,Equanimeous St. Brown,WR,WR,CHI,0,0,0,0,0,0,0,0,6,5,62,0,6.2,11.2,5
2023,00-0034286,R.James,Richie James,WR,WR,KC,0,0,0,0,0,0,0,0,14,10,114,0,11.4,21.400000000000002,8
2023,00-0034297,B.Pringle,Byron Pringle,WR,WR,WAS,0,0,0,0,0,0,0,0,22,14,161,0,16.1,30.1,12
2023,00-0034317,K.Kirkwood,Keith Kirkwood,WR,WR,NO,0,0,0,0,0,0,0,0,9,5,37,1,9.7,14.700000000000001,7
2023,00-0034348,C.Sutton,Courtland Sutton,WR,WR,DEN,0,0,0,0,0,0,0,0,90,59,772,10,131.2,190.2,16
2023,00-0034351,D.Goedert,Dallas Goedert,TE,TE,PHI,0,0,0,0,0,1,1,0,83,59,592,3,77.3,136.29999999999998,14
2023,00-0034364,J.Akins,Jordan Akins,TE,TE,CLE,0,0,0,0,0,0,0,0,23,15,132,0,13.2,28.2,13
2023,00-0034365,I.Thomas,Ian Thomas,TE,TE,CAR,0,0,0,0,0,0,0,0,9,5,56,0,5.6,10.6,7
2023,00-0034383,D.Schultz,Dalton Schultz,TE,TE,HOU,0,0,0,0,0,0,0,0,88,59,635,5,91.5,150.5,15
2023,00-0034386,J.Watson,Justin Watson,WR,WR,KC,0,0,0,0,0,0,0,0,53,27,460,3,62.0,89.0,15
2023,00-0034401,M.White,Mike White,QB,QB,MIA,6,5,74,1,1,8,-9,0,0,0,0,0,2.06,2.06,6
2023,00-0034407,R.McCloud,Ray-Ray McCloud,WR,WR,SF,0,0,0,0,0,3,30,0,15,12,135,0,16.5,28.5,7
2023,00-0034414,B.Scott,Boston Scott,RB,RB,PHI,0,0,0,0,0,20,86,0,6,4,52,0,13.8,17.8,10
2023,00-0034418,C.Wilson,Cedrick Wilson Jr.,WR,WR,MIA,0,0,0,0,0,0,0,0,38,22,296,3,47.6,69.6,11
2023,00-0034419,B.Berrios,Braxton Berrios,WR,WR,MIA,0,0,0,0,0,1,11,0,33,27,238,1,30.9,57.9,13
2023,00-0034433,N.Bawden,Nick Bawden,FB,RB,NYJ,0,0,0,0,0,2,4,1,3,3,21,0,8.5,11.5,5
2023,00-0034437,L.Cooke,Logan Cooke,P,SPEC,JAX,1,1,13,0,0,0,0,0,0,0,0,0,0.52,0.52,1
2023,00-0034438,L.Woodside,Logan Woodside,QB,QB,ATL,4,3,27,0,1,1,6,0,0,0,0,0,-0.32,-0.32,1
2023,00-0034487,T.Sherfield,Trent Sherfield,WR,WR,BUF,0,0,0,0,0,0,0,0,22,11,86,1,14.600000000000001,25.6,9
2023,00-0034490,E.Turner,Ezekiel Turner,ILB,LB,ARI,0,0,0,0,0,1,2,0,0,0,0,0,0.2,0.2,1
2023,00-0034521,A.Lazard,Allen Lazard,WR,WR,NYJ,0,0,0,0,0,0,0,0,49,23,311,1,37.1,60.099999999999994,13
2023,00-0034575,D.Wells,David Wells,TE,TE,TB,0,0,0,0,0,0,0,0,2,2,-10,0,-1.0,1.0,1
2023,00-0034577,K.Allen,Kyle Allen,QB,QB,BUF,0,0,0,0,0,13,-13,0,0,0,0,0,-1.3,-1.3,6
2023,00-0034613,T.Hudson,Tanner Hudson,TE,TE,CIN,0,0,0,0,0,0,0,0,50,39,352,1,41.199999999999996,80.2,12
2023,00-0034646,B.Powell,Brandon Powell,WR,WR,MIN,0,0,0,0,0,5,17,0,44,29,324,1,40.1,69.1,13
2023,00-0034681,C.Edmonds,Chase Edmonds,RB,RB,TB,0,0,0,0,0,49,176,0,17,14,81,0,25.7,39.699999999999996,13
2023,00-0034750,R.Penny,Rashaad Penny,RB,RB,PHI,0,0,0,0,0,11,33,0,1,1,5,0,3.8,4.8,3
2023,00-0034753,M.Andrews,Mark Andrews,TE,TE,BAL,0,0,0,0,0,1,0,0,61,45,544,6,90.4,135.4,10
2023,00-0034764,M.Gallup,Michael Gallup,WR,WR,DAL,0,0,0,0,0,0,0,0,57,34,418,2,53.800000000000004,87.8,16
2023,00-0034771,M.Rudolph,Mason Rudolph,QB,QB,PIT,74,55,719,3,0,10,8,0,0,0,0,0,39.56,39.56,4
2023,00-0034775,C.Kirk,Christian Kirk,WR,WR,JAX,2,1,-1,0,0,1,6,0,85,57,787,3,93.26,150.26,12
2023,00-0034777,D.Chark,DJ Chark,WR,WR,CAR,0,0,0,0,0,0,0,0,66,35,525,5,80.5,115.5,14
2023,00-0034791,N.Chubb,Nick Chubb,RB,RB,CLE,0,0,0,0,0,28,170,0,4,4,21,0,19.1,23.1,2
2023,00-0034796,L.Jackson,Lamar Jackson,QB,QB,BAL,457,307,3678,24,7,148,821,5,0,0,0,0,331.22,331.22,16
2023,00-0034798,D.Smythe,Durham Smythe,TE,TE,MIA,0,0,0,0,0,0,0,0,43,35,366,0,36.6,71.6,13
2023,00-0034827,D.Moore,DJ Moore,WR,WR,CHI,0,0,0,0,0,4,21,1,136,96,1364,8,190.5,286.5,17
2023,00-0034829,M.Gesicki,Mike Gesicki,TE,TE,NE,0,0,0,0,0,0,0,0,45,29,244,2,36.4,65.4,15
2023,00-0034830,H.Hurst,Hayden Hurst,TE,TE,CAR,0,0,0,0,0,0,0,0,32,18,184,1,24.4,42.4,9
2023,00-0034837,C.Ridley,Calvin Ridley,WR,WR,JAX,0,0,0,0,0,9,23,0,136,76,1016,8,153.9,229.9,17
2023,00-0034838,R.Freeman,Royce Freeman,RB,RB,LA,0,0,0,0,0,77,319,2,2,1,13,0,45.2,46.2,9
2023,00-0034844,S.Barkley,Saquon Barkley,RB,RB,NYG,0,0,0,0,0,247,962,6,60,41,280,4,182.2,223.2,14
2023,00-0034854,K.Hodge,KhaDarel Hodge,WR,WR,ATL,0,0,0,0,0,1,0,0,23,14,232,0,23.2,37.2,13
2023,00-0034855,B.Mayfield,Baker Mayfield,QB,QB,TB,566,364,4044,28,10,62,163,1,0,0,0,0,274.06,274.06,17
2023,00-0034857,J.Allen,Josh Allen,QB,QB,BUF,579,385,4306,29,18,111,524,15,0,0,0,0,394.64,394.64,17
2023,00-0034869,S.Darnold,Sam Darnold,QB,QB,SF,46,28,297,2,1,21,15,1,0,0,0,0,23.38,23.38,10
2023,00-0034928,S.Sims,Steven Sims,WR,WR,HOU,0,0,0,0,0,1,1,0,3,3,25,0,2.6,5.6,2
2023,00-0034955,B.Rypien,Brett Rypien,QB,QB,LA,38,18,172,0,1,3,19,0,0,0,0,0,6.779999999999999,6.779999999999999,2
2023,00-0034959,A.Beck,Andrew Beck,FB,RB,HOU,0,0,0,0,0,5,3,1,13,11,55,2,27.8,38.8,12
2023,00-0034960,J.Meyers,Jakobi Meyers,WR,WR,LV,3,2,12,1,0,4,24,2,106,71,807,8,147.58,218.58,16
2023,00-0034970,I.Smith,Irv Smith,TE,TE,CIN,0,0,0,0,0,0,0,0,26,18,115,1,15.5,33.5,9
2023,00-0034972,A.Mattison,Alexander Mattison,RB,RB,MIN,0,0,0,0,0,180,700,0,44,30,192,3,103.2,133.20000000000002,16
2023,00-0034975,J.Hill,Justice Hill,RB,RB,BAL,0,0,0,0,0,84,387,3,39,28,206,1,81.3,109.3,16
2023,00-0034981,F.Moreau,Foster Moreau,TE,TE,NO,0,0,0,0,0,0,0,0,25,21,193,1,25.3,46.3,11
2023,00-0034983,H.Renfrow,Hunter Renfrow,WR,WR,LV,0,0,0,0,0,0,0,0,37,25,255,0,23.5,48.5,13
2023,00-0035045,D.Montgomery,D.J. Montgomery,WR,WR,IND,0,0,0,0,0,0,0,0,8,3,56,1,11.600000000000001,14.600000000000001,2
2023,00-0035099,K.Blasingame,Khari Blasingame,FB,RB,CHI,0,0,0,0,0,8,26,0,6,3,2,0,2.8000000000000003,5.8,7
2023,00-0035100,J.Browning,Jake Browning,QB,QB,CIN,243,171,1936,12,7,27,127,3,1,1,-7,0,143.44,144.44,9
2023,00-0035120,K.Doss,Keelan Doss,WR,WR,LAC,0,0,0,0,0,0,0,0,13,6,33,0,3.3,9.3,2
2023,00-0035125,A.Ingold,Alec Ingold,FB,RB,MIA,0,0,0,0,0,2,0,0,16,13,119,0,11.9,24.9,10
2023,00-0035133,K.Nixon,Keisean Nixon,CB,DB,GB,0,0,0,0,0,1,11,0,0,0,0,0,1.1,1.1,1
2023,00-0035140,M.Hardman,Mecole Hardman,WR,WR,KC,0,0,0,0,0,1,3,0,21,14,118,0,12.100000000000001,26.1,5
2023,00-0035140,M.Hardman,Mecole Hardman,WR,WR,NYJ,0,0,0,0,0,0,0,0,3,1,6,0,0.6,1.6,2
2023,00-0035164,C.Thompson,Cody Thompson,WR,WR,SEA,0,0,0,0,0,0,0,0,1,1,10,0,1.0,2.0,1
2023,00-0035184,D.Ozigbo,Devine Ozigbo,RB,RB,DET,0,0,0,0,0,3,5,0,1,1,8,0,1.3,2.3,1
2023,00-0035208,O.Zaccheaus,Olamide Zaccheaus,WR,WR,PHI,0,0,0,0,0,0,0,0,20,10,164,2,28.400000000000002,38.4,11
2023,00-0035215,D.Harty,Deonte Harty,WR,WR,BUF,0,0,0,0,0,4,0,0,21,15,150,1,27.0,42.0,12
2023,00-0035216,D.Johnson,Diontae Johnson,WR,WR,PIT,0,0,0,0,0,0,0,0,87,51,717,5,101.7,152.7,13
2023,00-0035228,K.Murray,Kyler Murray,QB,QB,ARI,268,176,1799,10,5,44,244,3,0,0,0,0,146.36,146.36,8
2023,00-0035229,T.Hockenson,T.J. Hockenson,TE,TE,MIN,0,0,0,0,0,0,0,0,127,95,960,5,124.0,219.0,15
2023,00-0035243,M.Sanders,Miles Sanders,RB,RB,CAR,0,0,0,0,0,129,432,1,41,27,154,0,60.6,87.6,16
2023,00-0035249,J.Oliver,Josh Oliver,TE,TE,MIN,0,0,0,0,0,0,0,0,28,22,213,2,31.299999999999997,53.3,12
2023,00-0035250,D.Singletary,Devin Singletary,RB,RB,HOU,1,1,6,1,0,216,898,4,38,30,193,0,137.34,167.34,17
2023,00-0035259,T.Wesco,Trevon Wesco,TE,TE,TEN,0,0,0,0,0,0,0,0,3,1,21,0,2.1,3.1,3
2023,00-0035261,T.Pollard,Tony Pollard,RB,RB,DAL,0,0,0,0,0,252,1005,6,67,55,311,0,167.6,222.6,17
2023,00-0035264,J.Stidham,Jarrett Stidham,QB,QB,DEN,66,40,496,2,1,9,8,0,0,0,0,0,26.64,26.64,2
2023,00-0035282,E.Stick,Easton Stick,QB,QB,LAC,174,111,1129,3,1,27,144,1,0,0,0,0,67.56,67.56,5
2023,00-0035289,G.Minshew,Gardner Minshew,QB,QB,IND,490,305,3305,15,9,34,100,3,0,0,0,0,196.20000000000002,196.20000000000002,16
2023,00-0035291,T.Williams,Trayveon Williams,RB,RB,CIN,0,0,0,0,0,15,69,0,9,7,10,0,7.9,14.9,14
2023,00-0035298,S.Miller,Scott Miller,WR,WR,ATL,0,0,0,0,0,0,0,0,16,11,161,2,28.1,39.1,9
2023,00-0035329,D.Parham,Donald Parham,TE,TE,LAC,0,0,0,0,0,0,0,0,41,27,285,4,52.5,79.5,13
2023,00-0035341,T.Irwin,Trenton Irwin,WR,WR,CIN,0,0,0,0,0,0,0,0,32,25,316,1,37.6,62.6,10
2023,00-0035406,L.Humphrey,Lil'Jordan Humphrey,WR,WR,DEN,0,0,0,0,0,0,0,0,19,13,162,3,34.2,47.2,11
2023,00-0035414,J.Guyton,Jalen Guyton,WR,WR,LAC,0,0,0,0,0,0,0,0,21,10,89,1,14.9,24.9,7
2023,00-0035480,M.Taylor,Malik Taylor,WR,WR,NYJ,0,0,0,0,0,0,0,0,4,2,13,0,1.2999999999999998,3.3,2
2023,00-0035500,G.Dortch,Greg Dortch,WR,WR,ARI,0,0,0,0,0,1,5,0,41,24,280,2,40.5,64.5,9
2023,00-0035535,D.Slayton,Darius Slayton,WR,WR,NYG,0,0,0,0,0,0,0,0,79,50,770,4,101.0,151.0,17
2023,00-0035537,T.Johnson,Ty Johnson,RB,RB,BUF,0,0,0,0,0,30,132,0,7,7,62,1,25.4,32.4,7
2023,00-0035562,J.Horsted,Jesper Horsted,TE,TE,LV,0,0,0,0,0,0,0,0,1,1,4,0,0.4,1.4,1
2023,00-0035567,C.Reynolds,Craig Reynolds,RB,RB,DET,0,0,0,0,0,41,179,1,5,5,47,0,26.599999999999998,31.599999999999998,6
2023,00-0035593,J.Winfree,Juwann Winfree,WR,WR,IND,0,0,0,0,0,0,0,0,1,0,0,0,0.0,0.0,1
2023,00-0035594,T.Homer,Travis Homer,RB,RB,CHI,0,0,0,0,0,0,0,0,1,0,0,0,0.0,0.0,1
2023,00-0035628,D.Johnson,D'Ernest Johnson,RB,RB,JAX,0,0,0,0,0,41,108,0,12,10,140,0,24.8,34.8,15
2023,00-0035631,D.Sample,Drew Sample,TE,TE,CIN,0,0,0,0,0,0,0,0,27,22,163,2,28.3,50.3,14
2023,00-0035632,A.Hooker,Amani Hooker,FS,DB,TEN,0,0,0,0,0,1,2,0,0,0,0,0,0.2,0.2,1
2023,00-0035639,P.Campbell,Parris Campbell,WR,WR,NYG,0,0,0,0,0,0,0,0,27,20,104,0,10.4,30.400000000000002,8
2023,00-0035640,D.Metcalf,DK Metcalf,WR,WR,SEA,0,0,0,0,0,0,0,0,119,66,1114,8,159.4,225.4,16
2023,00-0035643,J.Simmons,Jeffery Simmons,DT,DL,TEN,0,0,0,0,0,0,0,0,1,1,2,1,6.2,7.2,1
2023,00-0035644,N.Fant,Noah Fant,TE,TE,SEA,0,0,0,0,0,0,0,0,43,32,414,0,41.4,73.4,14
2023,00-0035645,G.Olszewski,Gunner Olszewski,WR,WR,NYG,0,0,0,0,0,0,0,0,0,0,0,0,6.0,6.0,1
2023,00-0035645,G.Olszewski,Gunner Olszewski,WR,WR,PIT,0,0,0,0,0,0,0,0,1,1,0,0,-2.0,-1.0,1
2023,00-0035657,D.Harris,Damien Harris,RB,RB,BUF,0,0,0,0,0,23,94,1,2,2,16,0,17.0,19.0,6
2023,00-0035659,T.McLaurin,Terry McLaurin,WR,WR,WAS,0,0,0,0,0,0,0,0,132,79,1002,4,124.2,203.20000000000002,17
2023,00-0035662,M.Brown,Marquise Brown,WR,WR,ARI,0,0,0,0,0,2,23,0,101,51,574,4,83.7,134.70000000000002,13
2023,00-0035664,D.Henderson,Darrell Henderson,RB,RB,LA,0,0,0,0,0,46,112,2,14,10,103,0,33.5,43.5,4
2023,00-0035676,A.Brown,A.J. Brown,WR,WR,PHI,0,0,0,0,0,0,0,0,158,106,1456,7,183.6,289.6,17
2023,00-0035685,D.Montgomery,David Montgomery,RB,RB,DET,0,0,0,0,0,219,1015,13,24,16,117,0,191.2,207.2,14
2023,00-0035688,T.Pipkins,Trey Pipkins,T,OL,LAC,0,0,0,0,0,0,0,0,0,0,0,0,2.0,2.0,1
2023,00-0035689,D.Knox,Dawson Knox,TE,TE,BUF,0,0,0,0,0,0,0,0,36,22,186,2,32.6,54.599999999999994,10
2023,00-0035700,J.Jacobs,Josh Jacobs,RB,RB,LV,0,0,0,0,0,233,805,6,54,37,296,0,144.1,181.1,13
2023,00-0035703,M.Boykin,Miles Boykin,WR,WR,PIT,0,0,0,0,0,0,0,0,4,3,17,0,1.7,4.7,4
2023,00-0035704,D.Lock,Drew Lock,QB,QB,SEA,76,48,543,3,3,5,14,0,0,0,0,0,29.119999999999997,29.119999999999997,4
2023,00-0035710,D.Jones,Daniel Jones,QB,QB,NYG,160,108,909,2,6,40,206,1,0,0,0,0,56.96,56.96,6
2023,00-0035715,D.Gore,Derrick Gore,RB,RB,WAS,0,0,0,0,0,3,26,0,0,0,0,0,2.5999999999999996,2.5999999999999996,2
2023,00-0035719,D.Samuel,Deebo Samuel Sr.,WR,WR,SF,1,0,0,0,0,37,225,5,89,60,892,7,183.7,243.7,15
2023,00-0035726,J.Johnson,Jakob Johnson,FB,RB,LV,0,0,0,0,0,0,0,0,2,1,12,0,1.2,2.2,1
2023,00-0035771,M.Wilcox,Mitchell Wilcox,TE,TE,CIN,0,0,0,0,0,0,0,0,12,9,56,0,5.6,14.6,9
2023,00-0035806,J.Hasty,JaMycal Hasty,RB,RB,JAX,0,0,0,0,0,0,0,0,2,0,0,0,0.0,0.0,1
2023,00-0035831,J.Robinson,James Robinson,RB,RB,GB,0,0,0,0,0,1,2,0,1,1,-2,0,0.0,1.0,1
2023,00-0035859,B.Gillikin,Blake Gillikin,P,SPEC,ARI,0,0,0,0,0,1,10,0,0,0,0,0,1.0,1.0,1
2023,00-0035860,T.Jones,Tony Jones,RB,RB,ARI,0,0,0,0,0,5,25,0,4,3,16,0,4.1,7.1000000000000005,3
2023,00-0035860,T.Jones,Tony Jones,RB,RB,NO,0,0,0,0,0,21,70,2,6,4,21,0,21.1,25.1,3
2023,00-0035889,T.Townsend,Tommy Townsend,P,SPEC,KC,1,1,11,0,0,0,0,0,0,0,0,0,0.44,0.44,1
2023,00-0035924,J.Ward,Jonathan Ward,RB,RB,TEN,0,0,0,0,0,3,11,0,0,0,0,0,1.1,1.1,1
2023,00-0035934,T.Jackson,Trishton Jackson,WR,WR,MIN,0,0,0,0,0,0,0,0,4,2,9,0,2.9000000000000004,4.9,2
2023,00-0035956,G.Ricci,Giovanni Ricci,TE,TE,CAR,0,0,0,0,0,0,0,0,1,1,2,0,0.2,1.2,1
2023,00-0035973,P.Taylor,Patrick Taylor,RB,RB,GB,0,0,0,0,0,32,141,0,17,11,49,0,19.0,30.0,10
2023,00-0035993,T.Huntley,Tyler Huntley,QB,QB,BAL,37,21,203,3,0,15,55,0,0,0,0,0,25.62,25.62,5
2023,00-0036020,S.Ahmed,Salvon Ahmed,RB,RB,MIA,0,0,0,0,0,22,61,1,23,16,88,1,26.9,42.9,7
2023,00-0036032,S.McKeon,Sean McKeon,TE,TE,DAL,0,0,0,0,0,0,0,0,2,0,0,0,0.0,0.0,2
2023,00-0036040,J.Johnson,Juwan Johnson,TE,TE,NO,0,0,0,0,0,0,0,0,59,37,368,4,60.8,97.8,13
2023,00-0036124,K.Dorsey,Khalil Dorsey,CB,DB,DET,0,0,0,0,0,0,0,0,1,1,31,0,3.1,4.1,1
2023,00-0036132,B.Bredeson,Ben Bredeson,G,OL,NYG,0,0,0,0,0,0,0,0,1,1,0,0,0.0,1.0,1
2023,00-0036133,J.Proche,James Proche,WR,WR,CLE,0,0,0,0,0,0,0,0,5,0,0,0,0.0,0.0,2
2023,00-0036139,R.Dowdle,Rico Dowdle,RB,RB,DAL,0,0,0,0,0,89,361,2,22,17,144,2,74.5,91.5,16
2023,00-0036145,L.Cager,Lawrence Cager,TE,TE,NYG,0,0,0,0,0,0,0,0,5,4,36,1,9.6,13.6,3
2023,00-0036158,J.Dobbins,J.K. Dobbins,RB,RB,BAL,0,0,0,0,0,8,22,1,3,2,15,0,9.7,11.7,1
2023,00-0036165,I.Hodgins,Isaiah Hodgins,WR,WR,NYG,0,0,0,0,0,0,0,0,33,21,230,3,39.0,60.0,14
2023,00-0036176,M.Kinsey,Mason Kinsey,WR,WR,TEN,0,0,0,0,0,0,0,0,1,1,6,0,0.6,1.6,1
2023,00-0036182,N.Westbrook-Ikhine,Nick Westbrook-Ikhine,WR,WR,TEN,0,0,0,0,0,0,0,0,45,28,370,3,57.0,85.0,13
2023,00-0036187,R.Gilliam,Reggie Gilliam,FB,RB,BUF,0,0,0,0,0,0,0,0,1,1,3,0,0.3,1.3,1
2023,00-0036196,G.Davis,Gabe Davis,WR,WR,BUF,0,0,0,0,0,1,-2,0,81,45,746,7,116.39999999999999,161.4,16
2023,00-0036212,T.Tagovailoa,Tua Tagovailoa,QB,QB,MIA,560,388,4624,29,14,35,74,0,0,0,0,0,272.36,272.36,17
2023,00-0036223,J.Taylor,Jonathan Taylor,RB,RB,IND,0,0,0,0,0,169,741,7,23,19,153,1,137.4,156.4,10
2023,00-0036232,H.Bryant,Harrison Bryant,TE,TE,CLE,0,0,0,0,0,5,8,0,20,13,81,3,24.9,37.9,13
2023,00-0036233,D.Peoples-Jones,Donovan Peoples-Jones,WR,WR,CLE,0,0,0,0,0,0,0,0,18,8,97,0,9.700000000000001,17.700000000000003,6
2023,00-0036233,D.Peoples-Jones,Donovan Peoples-Jones,WR,WR,DET,0,0,0,0,0,0,0,0,7,5,58,0,5.8,10.8,6
2023,00-0036244,C.Parkinson,Colby Parkinson,TE,TE,SEA,0,0,0,0,0,0,0,0,34,25,247,2,36.7,61.7,14
2023,00-0036251,Z.Moss,Zack Moss,RB,RB,IND,0,0,0,0,0,183,794,5,37,27,192,2,142.6,169.6,14
2023,00-0036252,M.Pittman,Michael Pittman,WR,WR,IND,0,0,0,0,0,0,0,0,156,109,1152,4,143.2,252.2,16
2023,00-0036254,C.Johnson,Collin Johnson,WR,WR,CHI,0,0,0,0,0,0,0,0,1,1,11,0,1.1,2.1,1
2023,00-0036259,J.Jennings,Jauan Jennings,WR,WR,SF,0,0,0,0,0,0,0,0,33,19,265,1,32.5,51.5,12
2023,00-0036261,B.Aiyuk,Brandon Aiyuk,WR,WR,SF,0,0,0,0,0,0,0,0,105,75,1342,7,174.2,249.2,16
2023,00-0036264,J.Love,Jordan Love,QB,QB,GB,579,372,4159,32,11,50,247,4,0,0,0,0,319.06,319.06,17
2023,00-0036265,A.Dillon,AJ Dillon,RB,RB,GB,0,0,0,0,0,178,613,2,28,22,223,0,95.6,117.6,15
2023,00-0036268,L.Shenault,Laviska Shenault Jr.,WR,WR,CAR,0,0,0,0,0,12,55,0,10,10,60,0,11.5,21.5,8
2023,00-0036269,L.Perine,La'Mical Perine,RB,RB,KC,0,0,0,0,0,22,77,0,5,3,33,0,11.0,14.0,2
2023,00-0036271,Q.Watkins,Quez Watkins,WR,WR,PHI,0,0,0,0,0,0,0,0,21,15,142,1,20.200000000000003,35.2,5
2023,00-0036275,D.Swift,D'Andre Swift,RB,RB,PHI,0,0,0,0,0,229,1049,5,49,39,214,1,160.3,199.3,16
2023,00-0036287,N.Igbinoghene,Noah Igbinoghene,CB,DB,DAL,0,0,0,0,0,0,0,0,0,0,0,0,6.0,6.0,1
2023,00-0036290,C.Kmet,Cole Kmet,TE,TE,CHI,0,0,0,0,0,3,2,0,90,73,719,6,108.1,181.1,15
2023,00-0036297,D.Evans,Darrynton Evans,RB,RB,CHI,0,0,0,0,0,30,105,1,12,7,49,0,21.400000000000002,28.4,5
2023,00-0036297,D.Evans,Darrynton Evans,RB,RB,MIA,0,0,0,0,0,2,16,0,0,0,0,0,1.6,1.6,1
2023,00-0036309,D.Mooney,Darnell Mooney,WR,WR,CHI,0,0,0,0,0,2,5,0,61,31,414,1,47.9,78.9,14
2023,00-0036313,B.Mann,Braden Mann,P,SPEC,PHI,1,1,28,0,0,0,0,0,0,0,0,0,1.12,1.12,1
2023,00-0036322,J.Jefferson,Justin Jefferson,WR,WR,MIN,1,0,0,0,0,1,-12,0,100,68,1074,5,136.2,204.2,10
2023,00-0036326,C.Claypool,Chase Claypool,WR,WR,CHI,0,0,0,0,0,0,0,0,14,4,51,1,11.1,15.1,3
2023,00-0036326,C.Claypool,Chase Claypool,WR,WR,MIA,0,0,0,0,0,0,0,0,7,4,26,0,2.6,6.6,4
2023,00-0036328,A.Gibson,Antonio Gibson,RB,RB,WAS,0,0,0,0,0,65,265,1,59,48,389,2,79.4,127.4,16
2023,00-0036329,A.Davis,Ashtyn Davis,SS,DB,NYJ,0,0,0,0,0,2,3,0,0,0,0,0,0.30000000000000004,0.30000000000000004,2
2023,00-0036331,D.Duvernay,Devin Duvernay,WR,WR,BAL,0,0,0,0,0,4,15,0,9,4,18,0,3.3,7.3,6
2023,00-0036332,J.Deguara,Josiah Deguara,TE,TE,GB,0,0,0,0,0,0,0,0,8,8,65,0,6.5,14.5,4
2023,00-0036336,A.McFarland,Anthony McFarland,RB,RB,PIT,0,0,0,0,0,0,0,0,2,2,11,0,1.1,3.1,1
2023,00-0036345,K.Osborn,K.J. Osborn,WR,WR,MIN,0,0,0,0,0,0,0,0,75,48,540,3,72.0,120.0,15
2023,00-0036355,J.Herbert,Justin Herbert,QB,QB,LAC,456,297,3134,20,7,52,228,3,1,1,10,0,233.16,234.16,13
2023,00-0036358,C.Lamb,CeeDee Lamb,WR,WR,DAL,0,0,0,0,0,14,113,2,181,135,1749,12,270.2,405.20000000000005,17
2023,00-0036360,C.Edwards-Helaire,Clyde Edwards-Helaire,RB,RB,KC,0,0,0,0,0,70,223,1,22,17,188,1,53.1,70.1,15
2023,00-0036364,L.Bowden,Lynn Bowden,WR,WR,NO,0,0,0,0,0,5,32,0,16,11,83,0,11.5,22.5,8
2023,00-0036370,J.Kelley,Joshua Kelley,RB,RB,LAC,0,0,0,0,0,107,405,2,12,8,32,0,53.7,61.7,17
2023,00-0036387,J.Reagor,Jalen Reagor,WR,WR,NE,0,0,0,0,0,1,17,0,23,7,138,0,21.5,28.5,9
2023,00-0036389,J.Hurts,Jalen Hurts,QB,QB,PHI,538,352,3858,23,15,157,605,15,0,0,0,0,356.82,356.82,17
2023,00-0036407,J.Jeudy,Jerry Jeudy,WR,WR,DEN,0,0,0,0,0,0,0,0,87,54,758,2,87.8,141.8,16
2023,00-0036410,T.Higgins,Tee Higgins,WR,WR,CIN,0,0,0,0,0,0,0,0,76,42,656,5,95.60000000000001,137.6,12
2023,00-0036414,C.Akers,Cam Akers,RB,RB,LA,0,0,0,0,0,22,29,1,0,0,0,0,8.9,8.9,1
2023,00-0036414,C.Akers,Cam Akers,RB,RB,MIN,0,0,0,0,0,38,138,1,12,11,70,0,26.8,37.8,6
2023,00-0036415,V.Jefferson,Van Jefferson,WR,WR,ATL,0,0,0,0,0,0,0,0,28,12,101,0,10.1,22.1,10
2023,00-0036415,V.Jefferson,Van Jefferson,WR,WR,LA,0,0,0,0,0,1,4,0,15,8,108,0,11.2,19.200000000000003,4
2023,00-0036422,A.Trautman,Adam Trautman,TE,TE,DEN,0,0,0,0,0,0,0,0,35,22,204,3,38.4,60.4,16
2023,00-0036423,A.Okwuegbunam,Albert Okwuegbunam,TE,TE,PHI,0,0,0,0,0,0,0,0,1,0,0,0,0.0,0.0,1
2023,00-0036424,B.Hopkins,Brycen Hopkins,TE,TE,LA,0,0,0,0,0,0,0,0,7,5,78,0,7.800000000000001,12.8,4
2023,00-0036425,D.Dallas,DeeJay Dallas,RB,RB,SEA,0,0,0,0,0,10,36,0,9,6,26,0,6.2,12.2,10
2023,00-0036427,T.Johnson,Tyler Johnson,WR,WR,LA,0,0,0,0,0,0,0,0,3,2,8,1,6.8,8.8,1
2023,00-0036429,C.Woerner,Charlie Woerner,TE,TE,SF,0,0,0,0,0,0,0,0,3,3,32,0,3.2,6.2,3
2023,00-0036438,S.Sullivan,Stephen Sullivan,TE,TE,CAR,0,0,0,0,0,0,0,0,24,12,125,0,12.5,24.5,10
2023,00-0036442,J.Burrow,Joe Burrow,QB,QB,CIN,365,244,2309,15,6,31,88,0,0,0,0,0,147.16,147.16,10
2023,00-0036450,K.Vaughn,Ke'Shawn Vaughn,RB,RB,TB,0,0,0,0,0,24,42,0,5,2,2,0,4.4,6.4,5
2023,00-0036482,M.Strachan,Mike Strachan,WR,WR,CAR,0,0,0,0,0,0,0,0,3,1,45,0,4.5,5.5,2
2023,00-0036493,D.Jackson,Deon Jackson,RB,RB,IND,0,0,0,0,0,13,14,0,6,5,14,0,-1.2,3.8,1
2023,00-0036493,D.Jackson,Deon Jackson,RB,RB,NYG,0,0,0,0,0,1,2,0,0,0,0,0,0.2,0.2,1
2023,00-0036497,T.Jones,Tim Jones,WR,WR,JAX,0,0,0,0,0,0,0,0,18,11,83,0,8.3,19.3,9
2023,00-0036504,B.Echols,Brandin Echols,CB,DB,NYJ,0,0,0,0,0,0,0,0,1,1,18,0,1.8,2.8,1
2023,00-0036510,K.Yeboah,Kenny Yeboah,TE,TE,NYJ,0,0,0,0,0,0,0,0,4,2,28,0,2.8,4.8,2
2023,00-0036550,R.Bateman,Rashod Bateman,WR,WR,BAL,0,0,0,0,0,1,18,0,56,32,367,1,44.5,76.5,15
2023,00-0036554,N.Collins,Nico Collins,WR,WR,HOU,0,0,0,0,0,1,7,0,109,80,1297,8,180.4,260.4,15
2023,00-0036555,C.Hubbard,Chuba Hubbard,RB,RB,CAR,0,0,0,0,0,238,902,5,44,39,233,0,143.5,182.5,17
2023,00-0036556,B.Jordan,Brevin Jordan,TE,TE,HOU,0,0,0,0,0,0,0,0,21,17,219,2,33.9,50.9,9
2023,00-0036567,E.Mitchell,Elijah Mitchell,RB,RB,SF,0,0,0,0,0,75,281,2,8,6,14,0,41.5,47.5,11
2023,00-0036569,G.Brightwell,Gary Brightwell,RB,RB,NYG,0,0,0,0,0,9,19,0,7,5,47,0,6.6,11.6,3
2023,00-0036590,Q.Morris,Quintin Morris,TE,TE,BUF,0,0,0,0,0,0,0,0,3,2,26,1,8.6,10.6,2
2023,00-0036613,J.Waddle,Jaylen Waddle,WR,WR,MIA,0,0,0,0,0,3,12,0,104,72,1014,4,126.60000000000001,198.6,14
2023,00-0036620,D.Eskridge,Dee Eskridge,WR,WR,SEA,0,0,0,0,0,2,5,0,1,0,0,0,0.5,0.5,3
2023,00-0036626,D.Brown,Dyami Brown,WR,WR,WAS,1,1,4,0,0,1,0,0,23,12,168,1,22.96,34.96,13
2023,00-0036628,J.Bates,John Bates,TE,TE,WAS,0,0,0,0,0,0,0,0,28,19,151,0,15.1,34.1,14
2023,00-0036630,T.Wallace,Tylan Wallace,WR,WR,BAL,0,0,0,0,0,0,0,0,2,1,11,0,7.1,8.1,2
2023,00-0036635,I.Smith-Marsette,Ihmir Smith-Marsette,WR,WR,CAR,0,0,0,0,0,8,74,1,10,8,51,0,24.5,32.5,7
2023,00-0036637,N.Gray,Noah Gray,TE,TE,KC,0,0,0,0,0,1,1,0,41,28,305,2,42.6,70.6,16
2023,00-0036646,S.Fehoko,Simi Fehoko,WR,WR,LAC,0,0,0,0,0,0,0,0,2,1,9,1,6.9,7.9,1
2023,00-0036648,N.Niemann,Nick Niemann,ILB,LB,LAC,0,0,0,0,0,1,0,0,0,0,0,0,0.0,0.0,1
2023,00-0036672,G.Stuard,Grant Stuard,MLB,LB,IND,0,0,0,0,0,0,0,0,0,0,0,0,6.0,6.0,1
2023,00-0036727,A.Prentice,Adam Prentice,FB,RB,NO,0,0,0,0,0,2,12,0,3,2,12,0,0.3999999999999999,2.4,2
2023,00-0036741,J.Stoll,Jack Stoll,TE,TE,PHI,0,0,0,0,0,0,0,0,8,5,38,0,3.8,8.8,5
2023,00-0036754,B.Wright,Brock Wright,TE,TE,DET,0,0,0,0,0,0,0,0,14,13,91,1,15.100000000000001,28.1,8
2023,00-0036841,A.Trammell,Austin Trammell,WR,WR,LA,0,0,0,0,0,0,0,0,7,4,29,0,2.9,6.9,2
2023,00-0036842,K.Nwangwu,Kene Nwangwu,RB,RB,MIN,0,0,0,0,0,5,13,0,0,0,0,0,1.3,1.3,3
2023,00-0036849,T.Atwell,Tutu Atwell,WR,WR,LA,0,0,0,0,0,5,31,0,67,39,483,3,73.4,112.39999999999999,14
2023,00-0036857,C.Evans,Chris Evans,RB,RB,CIN,0,0,0,0,0,2,12,0,1,1,-1,0,1.1,2.1,1
2023,00-0036860,J.Funk,Jake Funk,RB,RB,IND,0,0,0,0,0,2,10,0,1,1,12,0,2.2,3.2,1
2023,00-0036862,B.Skowronek,Ben Skowronek,WR,WR,LA,0,0,0,0,0,2,9,0,12,8,66,1,13.5,21.5,9
2023,00-0036875,R.Stevenson,Rhamondre Stevenson,RB,RB,NE,0,0,0,0,0,156,619,4,51,38,238,0,107.7,145.7,12
2023,00-0036876,K.Granson,Kylen Granson,TE,TE,IND,0,0,0,0,0,1,2,0,50,30,368,1,43.0,73.0,15
2023,00-0036887,L.Farrell,Luke Farrell,TE,TE,JAX,0,0,0,0,0,0,0,0,15,13,155,0,15.5,28.5,9
2023,00-0036893,N.Harris,Najee Harris,RB,RB,PIT,0,0,0,0,0,255,1035,8,38,29,170,0,166.5,195.5,17
2023,00-0036894,P.Freiermuth,Pat Freiermuth,TE,TE,PIT,0,0,0,0,0,0,0,0,47,32,308,2,44.8,76.8,11
2023,00-0036898,D.Mills,Davis Mills,QB,QB,HOU,39,18,173,2,0,2,9,0,0,0,0,0,17.82,17.82,5
2023,00-0036900,J.Chase,Ja'Marr Chase,WR,WR,CIN,1,1,-7,0,0,3,-6,0,145,100,1216,7,162.72,262.72,16
2023,00-0036906,K.Herbert,Khalil Herbert,RB,RB,CHI,0,0,0,0,0,132,611,2,31,20,134,1,92.5,112.5,12
2023,00-0036912,D.Smith,DeVonta Smith,WR,WR,PHI,0,0,0,0,0,0,0,0,112,81,1066,7,146.6,227.6,16
2023,00-0036913,K.Toney,Kadarius Toney,WR,WR,KC,1,0,0,0,0,11,31,0,38,27,169,1,26.0,53.0,13
2023,00-0036919,K.Gainwell,Kenneth Gainwell,RB,RB,PHI,1,1,17,0,0,84,364,2,37,30,183,0,67.38,97.38,16
2023,00-0036924,M.Carter,Michael Carter,RB,RB,ARI,0,0,0,0,0,22,149,0,11,9,33,1,24.2,33.2,6
2023,00-0036924,M.Carter,Michael Carter,RB,RB,NYJ,0,0,0,0,0,8,38,0,20,15,68,0,10.600000000000001,25.6,9
2023,00-0036928,K.Trask,Kyle Trask,QB,QB,TB,1,0,0,0,0,1,-1,0,0,0,0,0,-0.1,-0.1,2
2023,00-0036936,R.Moore,Rondale Moore,WR,WR,ARI,0,0,0,0,0,28,178,1,62,40,352,1,65.0,105.0,17
2023,00-0036945,J.Fields,Justin Fields,QB,QB,CHI,370,227,2562,16,9,124,657,4,0,0,0,0,230.17999999999998,230.17999999999998,13
2023,00-0036955,T.Marshall,Terrace Marshall Jr.,WR,WR,CAR,0,0,0,0,0,0,0,0,33,19,139,0,13.899999999999999,32.9,8
2023,00-0036963,A.St. Brown,Amon-Ra St. Brown,WR,WR,DET,0,0,0,0,0,4,24,0,164,119,1515,10,211.9,330.9,16
2023,00-0036970,K.Pitts,Kyle Pitts,TE,TE,ATL,0,0,0,0,0,1,-4,0,90,53,667,3,84.3,137.3,17
2023,00-0036971,T.Lawrence,Trevor Lawrence,QB,QB,JAX,564,370,4016,21,14,70,339,4,0,0,0,0,262.54,262.54,16
2023,00-0036972,M.Jones,Mac Jones,QB,QB,NE,345,224,2120,10,12,26,96,0,0,0,0,0,106.4,106.4,11
2023,00-0036973,T.Etienne,Travis Etienne,RB,RB,JAX,0,0,0,0,0,267,1008,11,73,58,476,1,224.4,282.4,17
2023,00-0036980,E.Moore,Elijah Moore,WR,WR,CLE,0,0,0,0,0,9,11,0,104,59,640,2,73.1,132.1,16
2023,00-0036982,C.Golston,Chauncey Golston,DE,DL,DAL,0,0,0,0,0,0,0,0,0,0,0,0,2.0,2.0,1
2023,00-0036984,T.Sermon,Trey Sermon,RB,RB,IND,0,0,0,0,0,35,160,0,6,3,13,0,17.3,20.3,8
2023,00-0036988,J.Palmer,Josh Palmer,WR,WR,LAC,0,0,0,0,0,1,6,0,61,38,581,2,68.7,106.7,10
2023,00-0036991,A.Rodgers,Amari Rodgers,WR,WR,IND,0,0,0,0,0,0,0,0,2,0,0,0,0.0,0.0,1
2023,00-0036997,J.Williams,Javonte Williams,RB,RB,DEN,0,0,0,0,0,217,774,3,58,47,228,2,132.2,179.2,16
2023,00-0037005,T.Tremble,Tommy Tremble,TE,TE,CAR,0,0,0,0,0,0,0,0,32,23,194,3,37.4,60.4,13
2023,00-0037013,Z.Wilson,Zach Wilson,QB,QB,NYJ,368,221,2271,8,7,36,211,0,0,0,0,0,119.94,119.94,12
2023,00-0037077,S.Howell,Sam Howell,QB,QB,WAS,612,388,3946,21,21,48,263,5,1,1,4,0,256.54,257.54,17
2023,00-0037078,C.Turner,Cole Turner,TE,TE,WAS,0,0,0,0,0,0,0,0,15,11,120,0,12.0,23.0,7
2023,00-0037086,G.Calcaterra,Grant Calcaterra,TE,TE,PHI,0,0,0,0,0,0,0,0,4,4,39,0,3.9000000000000004,7.8999999999999995,2
2023,00-0037091,B.Melton,Bo Melton,WR,WR,GB,0,0,0,0,0,3,21,0,24,16,218,1,29.9,45.9,4
2023,00-0037098,S.Toure,Samori Toure,WR,WR,GB,0,0,0,0,0,0,0,0,18,8,78,0,9.8,17.8,8
2023,00-0037120,T.Goodson,Tyler Goodson,RB,RB,IND,0,0,0,0,0,13,87,0,9,6,34,0,12.100000000000001,18.1,6
2023,00-0037132,B.Covey,Britain Covey,WR,WR,PHI,0,0,0,0,0,0,0,0,6,4,42,0,4.2,8.2,2
2023,00-0037156,I.Charles,Irvin Charles,WR,WR,NYJ,0,0,0,0,0,0,0,0,1,0,0,0,0.0,0.0,1
2023,00-0037157,Z.Knight,Bam Knight,RB,RB,DET,0,0,0,0,0,3,13,0,1,1,8,0,2.1,3.1,2
2023,00-0037197,I.Pacheco,Isiah Pacheco,RB,RB,KC,0,0,0,0,0,205,935,7,49,44,244,2,169.9,213.9,14
2023,00-0037216,J.Ross,Justyn Ross,WR,WR,KC,0,0,0,0,0,0,0,0,11,6,53,0,5.3,11.3,5
2023,00-0037228,J.Warren,Jaylen Warren,RB,RB,PIT,0,0,0,0,0,149,784,4,74,61,370,0,135.4,196.4,17
2023,00-0037238,D.London,Drake London,WR,WR,ATL,1,1,22,0,0,0,0,0,110,69,905,2,105.38,174.38,16
2023,00-0037239,C.Olave,Chris Olave,WR,WR,NO,0,0,0,0,0,0,0,0,138,87,1123,5,144.3,231.29999999999998,16
2023,00-0037240,J.Williams,Jameson Williams,WR,WR,DET,0,0,0,0,0,3,29,1,42,24,354,2,56.3,80.3,12
2023,00-0037247,G.Pickens,George Pickens,WR,WR,PIT,0,0,0,0,0,3,18,0,106,63,1140,5,145.8,208.8,17
2023,00-0037248,J.Cook,James Cook,RB,RB,BUF,0,0,0,0,0,237,1122,2,54,44,445,4,188.7,232.7,17
2023,00-0037252,G.Dulcich,Greg Dulcich,TE,TE,DEN,0,0,0,0,0,0,0,0,4,3,25,0,2.5,5.5,2
2023,00-0037256,R.White,Rachaad White,RB,RB,TB,0,0,0,0,0,272,990,6,70,64,549,3,203.9,267.9,17
2023,00-0037257,D.Bell,David Bell,WR,WR,CLE,0,0,0,0,0,0,0,0,23,14,167,3,34.7,48.7,9
2023,00-0037258,D.Pierce,Dameon Pierce,RB,RB,HOU,0,0,0,0,0,145,416,2,17,13,101,0,69.7,82.7,13
2023,00-0037261,K.Shakir,Khalil Shakir,WR,WR,BUF,0,0,0,0,0,1,10,0,45,39,611,2,74.1,113.1,16
2023,00-0037263,T.Allgeier,Tyler Allgeier,RB,RB,ATL,0,0,0,0,0,186,683,4,23,18,193,1,119.6,137.6,17
2023,00-0037267,J.Ford,Jerome Ford,RB,RB,CLE,0,0,0,0,0,204,813,4,63,44,319,5,169.20000000000002,213.20000000000002,17
2023,00-0037273,K.Philips,Kyle Philips,WR,WR,TEN,0,0,0,0,0,0,0,0,22,15,181,0,18.099999999999998,33.1,8
2023,00-0037276,T.Chandler,Ty Chandler,RB,RB,MIN,0,0,0,0,0,102,461,3,25,21,159,0,80.0,101.0,13
2023,00-0037277,T.Quitoriano,Teagan Quitoriano,TE,TE,HOU,0,0,0,0,0,0,0,0,3,2,33,0,3.3000000000000003,5.300000000000001,3
2023,00-0037282,J.Mitchell,James Mitchell,TE,TE,DET,0,0,0,0,0,0,0,0,2,2,28,0,2.8,4.8,2
2023,00-0037286,K.Harris,Kevin Harris,RB,RB,NE,0,0,0,0,0,16,65,1,3,3,58,0,18.3,21.3,4
2023,00-0037289,M.Rodriguez,Malcolm Rodriguez,ILB,LB,DET,0,0,0,0,0,0,0,0,1,1,6,0,0.6,1.6,1
2023,00-0037291,J.Nailor,Jalen Nailor,WR,WR,MIN,0,0,0,0,0,0,0,0,6,3,29,0,2.9000000000000004,5.9,2
2023,00-0037292,A.Ogletree,Andrew Ogletree,TE,TE,IND,0,0,0,0,0,0,0,0,21,9,147,2,26.7,35.7,10
2023,00-0037299,K.Ingram,Keaontay Ingram,RB,RB,ARI,0,0,0,0,0,35,74,0,4,4,26,0,10.0,14.0,7
2023,00-0037304,C.Heyward,Connor Heyward,TE,TE,PIT,1,0,0,0,0,1,0,0,34,23,167,0,16.7,39.7,11
2023,00-0037306,J.FitzPatrick,John FitzPatrick,TE,TE,ATL,0,0,0,0,0,0,0,0,1,1,12,0,1.2,2.2,1
2023,00-0037311,K.Kieft,Ko Kieft,TE,TE,TB,0,0,0,0,0,0,0,0,5,1,2,1,6.2,7.2,3
2023,00-0037317,N.Muse,Nick Muse,TE,TE,MIN,0,0,0,0,0,0,0,0,1,1,22,0,2.2,3.2,1
2023,00-0037382,B.Johnson,Brandon Johnson,WR,WR,DEN,0,0,0,0,0,0,0,0,30,19,284,4,54.400000000000006,73.4,10
2023,00-0037410,J.Corbin,Jashaun Corbin,RB,RB,NYG,0,0,0,0,0,1,1,0,3,3,12,0,1.3,4.3,1
2023,00-0037420,K.Lassiter,Kwamie Lassiter,WR,WR,CIN,0,0,0,0,0,0,0,0,1,1,2,0,0.2,1.2,1
2023,00-0037429,R.Blackshear,Raheem Blackshear,RB,RB,CAR,0,0,0,0,0,14,46,0,7,6,45,0,11.1,17.099999999999998,8
2023,00-0037451,R.Williams,Rod Williams,TE,TE,PIT,0,0,0,0,0,0,0,0,2,0,0,0,0.0,0.0,1
2023,00-0037475,S.Smartt,Stone Smartt,TE,TE,LAC,0,0,0,0,0,0,0,0,21,11,155,1,21.5,32.5,12
2023,00-0037487,D.Thompkins,Deven Thompkins,WR,WR,TB,0,0,0,0,0,8,56,0,25,17,83,1,17.9,34.9,12
2023,00-0037506,C.Fotheringham,Cole Fotheringham,TE,TE,LV,0,0,0,0,0,0,0,0,1,1,6,0,0.6,1.6,1
2023,00-0037525,J.Mason,Jordan Mason,RB,RB,SF,0,0,0,0,0,40,206,3,4,3,31,0,41.7,44.7,9
2023,00-0037539,L.Krull,Lucas Krull,TE,TE,DEN,0,0,0,0,0,0,0,0,14,8,95,1,15.500000000000002,23.5,7
2023,00-0037545,R.Shaheed,Rashid Shaheed,WR,WR,NO,0,0,0,0,0,7,37,0,75,46,719,5,111.6,157.6,15
2023,00-0037557,R.Rivers,Ronnie Rivers,RB,RB,LA,0,0,0,0,0,32,129,0,5,5,22,0,15.100000000000001,20.1,7
2023,00-0037569,P.Hendershot,Peyton Hendershot,TE,TE,DAL,0,0,0,0,0,1,0,0,7,4,38,0,3.8,7.8,7
2023,00-0037607,R.Stonehouse,Ryan Stonehouse,P,SPEC,TEN,0,0,0,0,0,1,-11,0,0,0,0,0,-3.1,-3.1,1
2023,00-0037614,J.Metchie,John Metchie III,WR,WR,HOU,0,0,0,0,0,1,4,0,30,16,158,0,16.2,32.2,14
2023,00-0037654,T.Fisk,Tucker Fisk,TE,TE,ATL,0,0,0,0,0,0,0,0,1,1,9,0,0.9,1.9,1
2023,00-0037664,A.Pierce,Alec Pierce,WR,WR,IND,0,0,0,0,0,0,0,0,65,32,514,2,63.4,95.4,17
2023,00-0037666,J.Tolbert,Jalen Tolbert,WR,WR,DAL,0,0,0,0,0,0,0,0,36,22,268,2,38.8,60.800000000000004,13
2023,00-0037740,G.Wilson,Garrett Wilson,WR,WR,NYJ,1,0,0,0,0,4,0,0,168,95,1042,3,118.2,213.2,17
2023,00-0037741,J.Dotson,Jahan Dotson,WR,WR,WAS,0,0,0,0,0,0,0,0,83,49,518,4,75.8,124.8,17
2023,00-0037742,T.Burks,Treylon Burks,WR,WR,TEN,0,0,0,0,0,5,18,0,30,16,221,0,23.9,39.9,9
2023,00-0037744,T.McBride,Trey McBride,TE,TE,ARI,0,0,0,0,0,0,0,0,106,81,825,3,100.5,181.5,17
2023,00-0037745,V.Jones,Velus Jones Jr.,RB,RB,CHI,0,0,0,0,0,8,51,0,7,4,20,0,7.1,11.1,10
2023,00-0037746,B.Robinson,Brian Robinson,RB,RB,WAS,0,0,0,0,0,178,733,5,43,36,368,4,162.1,198.1,15
2023,00-0037801,K.Turpin,KaVontae Turpin,WR,WR,DAL,0,0,0,0,0,11,110,1,18,12,127,3,47.7,59.7,12
2023,00-0037805,J.Ruckert,Jeremy Ruckert,TE,TE,NYJ,0,0,0,0,0,0,0,0,22,16,151,0,15.1,31.1,10
2023,00-0037809,C.Okonkwo,Chig Okonkwo,TE,TE,TEN,0,0,0,0,0,2,6,0,77,54,528,1,59.4,113.4,17
2023,00-0037816,R.Doubs,Romeo Doubs,WR,WR,GB,0,0,0,0,0,0,0,0,96,59,674,8,115.4,174.4,17
2023,00-0037827,T.Davis-Price,Tyrion Davis-Price,RB,RB,SF,0,0,0,0,0,6,21,0,0,0,0,0,2.1,2.1,1
2023,00-0037834,B.Purdy,Brock Purdy,QB,QB,SF,444,308,4280,31,11,39,144,2,0,0,0,0,295.6,295.6,16
2023,00-0037837,C.Austin,Calvin Austin III,WR,WR,PIT,0,0,0,0,0,11,57,1,30,17,180,1,35.7,52.7,14
2023,00-0037838,I.Likely,Isaiah Likely,TE,TE,BAL,0,0,0,0,0,0,0,0,40,30,411,5,71.1,101.1,13
2023,00-0037840,K.Williams,Kyren Williams,RB,RB,LA,0,0,0,0,0,228,1144,12,48,32,206,3,223.0,255.0,12
2023,00-0038040,Z.White,Zamir White,RB,RB,LV,0,0,0,0,0,104,451,1,19,15,98,0,58.9,73.9,13
2023,00-0038041,J.Ferguson,Jake Ferguson,TE,TE,DAL,0,0,0,0,0,0,0,0,102,71,761,5,106.1,177.1,17
2023,00-0038045,I.Spiller,Isaiah Spiller,RB,RB,LAC,0,0,0,0,0,37,96,0,6,6,34,0,13.0,19.0,9
2023,00-0038046,C.Kolar,Charlie Kolar,TE,TE,BAL,0,0,0,0,0,0,0,0,9,7,87,1,14.7,21.7,6
2023,00-0038090,S.Moore,Skyy Moore,WR,WR,KC,0,0,0,0,0,3,23,0,38,21,244,1,32.7,53.7,13
2023,00-0038092,E.Ezukanma,Erik Ezukanma,WR,WR,MIA,0,0,0,0,0,5,22,0,1,0,0,0,2.2,2.2,2
2023,00-0038098,P.Strong,Pierre Strong,RB,RB,CLE,0,0,0,0,0,63,291,1,8,5,47,0,37.8,42.8,13
2023,00-0038102,K.Pickett,Kenny Pickett,QB,QB,PIT,324,201,2070,6,4,42,54,1,0,0,0,0,110.2,110.2,12
2023,00-0038104,T.Thornton,Tyquan Thornton,WR,WR,NE,0,0,0,0,0,3,51,0,23,13,91,0,14.2,27.200000000000003,9
2023,00-0038108,B.Zappe,Bailey Zappe,QB,QB,NE,212,127,1272,6,9,17,83,1,0,0,0,0,69.18,69.18,10
2023,00-0038115,D.Bellinger,Daniel Bellinger,TE,TE,NYG,0,0,0,0,0,0,0,0,28,25,255,0,25.5,50.5,13
2023,00-0038117,W.Robinson,Wan'Dale Robinson,WR,WR,NYG,0,0,0,0,0,9,87,1,78,60,525,1,73.2,133.2,15
2023,00-0038120,B.Hall,Breece Hall,RB,RB,NYJ,0,0,0,0,0,223,994,5,95,76,591,4,214.5,290.5,17
2023,00-0038122,D.Ridder,Desmond Ridder,QB,QB,ATL,388,249,2836,12,12,53,193,5,1,1,-6,0,180.14,181.14,15
2023,00-0038124,C.Watson,Christian Watson,WR,WR,GB,0,0,0,0,0,4,11,0,53,28,422,5,73.3,101.3,9
2023,00-0038128,M.Willis,Malik Willis,QB,QB,TEN,5,4,74,0,0,5,21,0,0,0,0,0,3.06,3.06,2
2023,00-0038129,C.Otton,Cade Otton,TE,TE,TB,0,0,0,0,0,0,0,0,67,47,455,4,69.5,116.5,16
2023,00-0038134,K.Walker,Kenneth Walker III,RB,RB,SEA,0,0,0,0,0,219,905,8,37,29,259,1,170.4,199.4,15
2023,00-0038389,I.Abanikanda,Israel Abanikanda,RB,RB,NYJ,0,0,0,0,0,22,70,0,11,7,43,0,11.3,18.3,6
2023,00-0038391,S.Clifford,Sean Clifford,QB,QB,GB,1,1,37,0,0,3,-2,0,0,0,0,0,1.28,1.28,2
2023,00-0038393,D.Wicks,Dontayvion Wicks,WR,WR,GB,1,1,14,0,0,1,1,0,58,39,581,4,80.75999999999999,119.75999999999999,15
2023,00-0038394,W.Mallory,Will Mallory,TE,TE,IND,0,0,0,0,0,0,0,0,26,18,207,0,20.7,38.699999999999996,11
2023,00-0038396,E.Gray,Eric Gray,RB,RB,NYG,0,0,0,0,0,17,48,0,7,6,22,0,7.0,13.0,5
2023,00-0038397,E.Hull,Evan Hull,RB,RB,IND,0,0,0,0,0,1,1,0,1,1,6,0,0.7,1.7,1
2023,00-0038416,T.Bagent,Tyson Bagent,QB,QB,CHI,143,94,859,3,6,23,109,2,0,0,0,0,53.26,53.26,5
2023,00-0038454,K.Mitchell,Keaton Mitchell,RB,RB,BAL,0,0,0,0,0,47,396,2,11,9,93,0,60.9,69.9,7
2023,00-0038465,M.Heath,Malik Heath,WR,WR,GB,0,0,0,0,0,0,0,0,24,15,125,1,18.5,33.5,12
2023,00-0038476,T.DeVito,Tommy DeVito,QB,QB,NYG,178,114,1101,8,3,36,195,1,0,0,0,0,93.54,93.54,9
2023,00-0038490,T.Zentner,Ty Zentner,P,SPEC,TEN,0,0,0,0,0,1,0,0,0,0,0,0,0.0,0.0,1
2023,00-0038492,J.Brownlee,Jason Brownlee,WR,WR,NYJ,0,0,0,0,0,0,0,0,8,5,56,1,11.6,16.6,4
2023,00-0038496,X.Gipson,Xavier Gipson,WR,WR,NYJ,0,0,0,0,0,8,68,1,38,21,229,0,41.699999999999996,62.7,14
2023,00-0038542,B.Robinson,Bijan Robinson,RB,RB,ATL,0,0,0,0,0,214,976,4,86,58,487,4,188.3,246.3,17
2023,00-0038543,J.Smith-Njigba,Jaxon Smith-Njigba,WR,WR,SEA,0,0,0,0,0,0,0,0,93,63,628,4,86.8,149.8,17
2023,00-0038544,Q.Johnston,Quentin Johnston,WR,WR,LAC,0,0,0,0,0,3,9,0,67,38,431,2,56.0,94.0,17
2023,00-0038547,L.Schoonmaker,Luke Schoonmaker,TE,TE,DAL,0,0,0,0,0,0,0,0,15,8,65,2,18.5,26.5,11
2023,00-0038551,K.Miller,Kendre Miller,RB,RB,NO,0,0,0,0,0,41,156,1,11,10,117,0,33.3,43.3,7
2023,00-0038555,T.Bigsby,Tank Bigsby,RB,RB,JAX,0,0,0,0,0,50,132,2,4,1,6,0,23.8,24.8,13
2023,00-0038558,D.Washington,Darnell Washington,TE,TE,PIT,0,0,0,0,0,0,0,0,10,7,61,0,6.1,13.1,8
2023,00-0038559,M.Wilson,Michael Wilson,WR,WR,ARI,0,0,0,0,0,0,0,0,58,38,565,3,76.5,114.5,13
2023,00-0038563,T.Tucker,Tre Tucker,WR,WR,LV,0,0,0,0,0,10,77,0,34,19,331,2,52.8,71.8,13
2023,00-0038573,D.Davis,Derius Davis,WR,WR,LAC,0,0,0,0,0,14,101,0,17,15,66,0,22.7,37.7,14
2023,00-0038576,C.Jones,Charlie Jones,WR,WR,CIN,0,0,0,0,0,2,13,0,9,7,64,0,13.7,20.7,5
2023,00-0038579,A.O'Connell,Aidan O'Connell,QB,QB,LV,343,213,2218,12,7,17,11,1,0,0,0,0,125.82,125.82,11
2023,00-0038582,C.Tune,Clayton Tune,QB,QB,ARI,21,12,62,0,2,8,30,1,0,0,0,0,7.4799999999999995,7.4799999999999995,6
2023,00-0038583,D.Thompson-Robinson,Dorian Thompson-Robinson,QB,QB,CLE,112,60,440,1,4,14,65,0,0,0,0,0,22.1,22.1,7
2023,00-0038589,J.Whyle,Josh Whyle,TE,TE,TEN,0,0,0,0,0,0,0,0,15,9,94,1,15.4,24.4,8
2023,00-0038597,C.Brown,Chase Brown,RB,RB,CIN,0,0,0,0,0,44,179,0,15,14,156,1,39.5,53.5,10
2023,00-0038598,J.Hall,Jaren Hall,QB,QB,MIN,20,13,168,0,1,6,14,0,0,0,0,0,2.12,2.12,3
2023,00-0038606,P.Washington,Parker Washington,WR,WR,JAX,0,0,0,0,0,0,0,0,21,16,132,2,23.2,39.2,6
2023,00-0038608,K.Boutte,Kayshon Boutte,WR,WR,NE,0,0,0,0,0,0,0,0,7,2,19,0,1.9000000000000001,3.9000000000000004,3
2023,00-0038611,C.Rodriguez,Chris Rodriguez Jr.,RB,RB,WAS,0,0,0,0,0,51,247,2,2,2,12,0,35.9,37.9,8
2023,00-0038612,A.Perry,A.T. Perry,WR,WR,NO,0,0,0,0,0,0,0,0,18,12,246,4,48.6,60.6,8
2023,00-0038618,X.Hutchinson,Xavier Hutchinson,WR,WR,HOU,0,0,0,0,0,5,49,0,19,8,90,0,13.9,21.9,11
2023,00-0038619,A.Iosivas,Andrei Iosivas,WR,WR,CIN,0,0,0,0,0,0,0,0,25,15,116,4,35.6,50.6,9
2023,00-0038621,D.Douglas,Demario Douglas,WR,WR,NE,0,0,0,0,0,8,41,0,79,49,561,0,58.2,107.2,14
2023,00-0038622,D.Vaughn,Deuce Vaughn,RB,RB,DAL,0,0,0,0,0,23,40,0,7,7,40,0,8.0,15.0,6
2023,00-0038627,A.Green,Antoine Green,WR,WR,DET,0,0,0,0,0,0,0,0,2,1,2,0,0.2,1.2,2
2023,00-0038632,C.Dowell,Colton Dowell,WR,WR,TEN,0,0,0,0,0,0,0,0,2,1,3,0,0.3,1.3,2
2023,00-0038640,J.Brooks,Jalen Brooks,WR,WR,DAL,0,0,0,0,0,0,0,0,6,6,64,0,6.3999999999999995,12.4,3
2023,00-0038647,R.Bell,Ronnie Bell,WR,WR,SF,0,0,0,0,0,0,0,0,13,6,68,3,24.8,30.8,8
2023,00-0038667,E.Cooks,Elijah Cooks,WR,WR,JAX,0,0,0,0,0,0,0,0,4,3,38,0,3.8,6.8,2
2023,00-0038678,J.Mims,Jordan Mims,RB,RB,NO,0,0,0,0,0,0,0,0,2,0,0,0,0.0,0.0,1
2023,00-0038685,C.Brooks,Chris Brooks,RB,RB,MIA,0,0,0,0,0,19,106,0,0,0,0,0,10.6,10.6,3
2023,00-0038705,E.Demercado,Emari Demercado,RB,RB,ARI,0,0,0,0,0,58,284,2,30,21,119,0,52.3,73.3,11
2023,00-0038720,J.Hill,Julian Hill,TE,TE,MIA,0,0,0,0,0,0,0,0,9,6,48,0,2.8,8.8,6
2023,00-0038738,H.Luepke,Hunter Luepke,FB,RB,DAL,0,0,0,0,0,6,19,1,4,3,18,0,9.7,12.7,6
2023,00-0038752,J.Bobo,Jake Bobo,WR,WR,SEA,0,0,0,0,0,1,3,1,25,19,196,2,37.9,56.900000000000006,14
2023,00-0038783,N.Adkins,Nate Adkins,TE,TE,DEN,0,0,0,0,0,0,0,0,5,4,22,0,2.2,6.2,4
2023,00-0038794,J.McLaughlin,Jaleel McLaughlin,RB,RB,DEN,0,0,0,0,0,76,410,1,36,31,160,2,75.0,106.0,17
2023,00-0038797,E.Wilson,Emanuel Wilson,RB,RB,GB,0,0,0,0,0,14,85,0,5,4,23,0,10.8,14.8,5
2023,00-0038809,B.Sims,Ben Sims,TE,TE,GB,0,0,0,0,0,0,0,0,6,4,21,1,8.1,12.1,6
2023,00-0038821,R.Jarrett,Rakim Jarrett,WR,WR,TB,0,0,0,0,0,1,0,0,9,4,60,0,6.0,10.0,6
2023,00-0038862,E.Dotson,Elijah Dotson,RB,RB,LAC,0,0,0,0,0,4,6,0,2,2,13,0,1.9,3.9,1
2023,00-0038891,S.Jackson,Shedrick Jackson,WR,WR,CIN,0,0,0,0,0,0,0,0,1,0,0,0,0.0,0.0,1
2023,00-0038911,M.Cunningham,Malik Cunningham,WR,WR,NE,0,0,0,0,0,0,0,0,0,0,0,0,0.0,0.0,1
2023,00-0038933,D.Kincaid,Dalton Kincaid,TE,TE,BUF,0,0,0,0,0,0,0,0,91,73,673,2,77.3,150.3,16
2023,00-0038935,B.Strange,Brenton Strange,TE,TE,JAX,0,0,0,0,0,0,0,0,9,5,35,1,9.499999999999998,14.499999999999998,5
2023,00-0038938,J.Hyatt,Jalin Hyatt,WR,WR,NYG,0,0,0,0,0,0,0,0,40,23,373,0,37.3,60.3,13
2023,00-0038941,T.Scott,Tyler Scott,WR,WR,CHI,0,0,0,0,0,7,41,0,32,17,168,0,18.9,35.9,13
2023,00-0038951,S.Tucker,Sean Tucker,RB,RB,TB,0,0,0,0,0,15,23,0,2,2,9,0,3.1999999999999997,5.2,3
2023,00-0038976,M.Mims,Marvin Mims Jr.,WR,WR,DEN,0,0,0,0,0,9,30,0,33,22,377,1,52.699999999999996,74.7,15
2023,00-0038977,T.Dell,Tank Dell,WR,WR,HOU,0,0,0,0,0,11,51,0,75,47,709,7,118.0,165.0,10
2023,00-0038979,C.Tillman,Cedric Tillman,WR,WR,CLE,0,0,0,0,0,1,8,0,44,21,224,0,23.2,44.2,11
2023,00-0038994,J.Addison,Jordan Addison,WR,WR,MIN,0,0,0,0,0,1,2,0,108,70,911,10,151.3,221.3,17
2023,00-0038996,T.Kraft,Tucker Kraft,TE,TE,GB,0,0,0,0,0,0,0,0,40,31,355,2,47.5,78.5,10
2023,00-0038997,J.Downs,Josh Downs,WR,WR,IND,0,0,0,0,0,0,0,0,98,68,771,2,89.1,157.1,17
2023,00-0039021,R.Johnson,Roschon Johnson,RB,RB,CHI,0,0,0,0,0,81,352,2,40,34,209,0,68.1,102.1,15
2023,00-0039032,T.Spears,Tyjae Spears,RB,RB,TEN,0,0,0,0,0,100,453,2,70,52,385,1,101.80000000000001,153.8,17
2023,00-0039040,D.Achane,De'Von Achane,RB,RB,MIA,0,0,0,0,0,103,800,8,37,27,197,3,163.7,190.7,11
2023,00-0039041,E.Higgins,Elijah Higgins,TE,TE,ARI,0,0,0,0,0,0,0,0,19,14,163,1,22.3,36.3,9
2023,00-0039050,P.Durham,Payne Durham,TE,TE,TB,0,0,0,0,0,0,0,0,7,5,58,0,5.8,10.8,6
2023,00-0039052,T.Palmer,Trey Palmer,WR,WR,TB,0,0,0,0,0,3,22,0,68,39,385,3,56.7,95.7,17
2023,00-0039062,J.Mingo,Jonathan Mingo,WR,WR,CAR,0,0,0,0,0,0,0,0,85,43,418,0,41.8,84.8,15
2023,00-0039064,Z.Flowers,Zay Flowers,WR,WR,BAL,0,0,0,0,0,8,56,1,108,77,858,5,129.4,206.4,16
2023,00-0039065,S.LaPorta,Sam LaPorta,TE,TE,DET,0,0,0,0,0,1,4,0,120,86,889,10,153.3,239.3,17
2023,00-0039066,M.Mayer,Michael Mayer,TE,TE,LV,0,0,0,0,0,0,0,0,40,27,304,2,44.4,71.4,12
2023,00-0039067,R.Rice,Rashee Rice,WR,WR,KC,0,0,0,0,0,1,-3,0,102,79,938,7,133.5,212.5,16
2023,00-0039074,D.Allen,Davis Allen,TE,TE,LA,0,0,0,0,0,0,0,0,11,10,95,1,15.5,25.5,4
2023,00-0039075,P.Nacua,Puka Nacua,WR,WR,LA,0,0,0,0,0,12,89,0,160,105,1486,6,193.5,298.5,17
2023,00-0039136,Z.Evans,Zach Evans,RB,RB,LA,0,0,0,0,0,9,19,0,0,0,0,0,1.9,1.9,4
2023,00-0039139,J.Gibbs,Jahmyr Gibbs,RB,RB,DET,0,0,0,0,0,182,945,10,71,52,316,1,190.1,242.1,15
2023,00-0039144,L.Musgrave,Luke Musgrave,TE,TE,GB,0,0,0,0,0,0,0,0,46,34,352,1,41.2,75.2,11
2023,00-0039146,J.Reed,Jayden Reed,WR,WR,GB,0,0,0,0,0,11,119,2,94,64,793,8,153.2,217.2,16
2023,00-0039150,B.Young,Bryce Young,QB,QB,CAR,527,315,2877,11,10,39,253,0,0,0,0,0,156.38,156.38,16
2023,00-0039152,W.Levis,Will Levis,QB,QB,TEN,255,149,1808,8,4,25,57,1,0,0,0,0,102.02,102.02,9
2023,00-0039163,C.Stroud,C.J. Stroud,QB,QB,HOU,499,319,4108,23,5,39,157,3,1,1,0,0,274.02,275.02,15
2023,00-0039164,A.Richardson,Anthony Richardson,QB,QB,IND,84,50,577,3,1,25,136,4,0,0,0,0,72.68,72.68,4
2023,00-0039165,Z.Charbonnet,Zach Charbonnet,RB,RB,SEA,0,0,0,0,0,108,462,1,40,33,209,0,73.1,106.1,16
2024,00-0023459,A.Rodgers,Aaron Rodgers,QB,QB,NYJ,584,368,3897,28,11,22,107,0,0,0,0,0,256.58,256.58,17
2024,00-0024243,M.Lewis,Marcedes Lewis,TE,TE,CHI,0,0,0,0,0,0,0,0,1,1,2,0,0.2,1.2,1
2024,00-0026158,J.Flacco,Joe Flacco,QB,QB,IND,248,162,1761,12,7,9,26,0,0,0,0,0,99.04,99.04,7
2024,00-0026300,J.Johnson,Josh Johnson,QB,QB,BAL,3,2,17,0,0,4,1,0,0,0,0,0,0.78,0.78,4
2024,00-0026498,M.Stafford,Matthew Stafford,QB,QB,LA,517,340,3762,20,8,30,41,0,0,0,0,0,214.58,214.58,16
2024,00-0027973,A.Dalton,Andy Dalton,QB,QB,CAR,160,106,989,7,6,11,34,0,0,0,0,0,58.96,58.96,6
2024,00-0028118,T.Taylor,Tyrod Taylor,QB,QB,NYJ,22,17,119,3,0,3,13,0,0,0,0,0,20.06,20.06,2
2024,00-0028872,J.Hekker,Johnny Hekker,P,SPEC,CAR,2,0,0,0,0,0,0,0,0,0,0,0,0.0,0.0,2
2024,00-0028899,R.McLeod,Rodney McLeod,FS,DB,CLE,0,0,0,0,0,0,0,0,0,0,0,0,6.0,6.0,1
2024,00-0029263,R.Wilson,Russell Wilson,QB,QB,PIT,336,214,2482,16,5,43,155,2,0,0,0,0,172.78,172.78,11
2024,00-0029604,K.Cousins,Kirk Cousins,QB,QB,ATL,453,303,3508,18,16,23,0,0,0,0,0,0,176.32,176.32,14
2024,00-0029692,B.Anger,Bryan Anger,P,SPEC,DAL,2,1,4,0,0,0,0,0,0,0,0,0,0.16,0.16,2
2024,00-0029892,K.Juszczyk,Kyle Juszczyk,FB,RB,SF,0,0,0,0,0,5,26,1,31,19,200,2,38.6,57.6,14
2024,00-0030035,A.Thielen,Adam Thielen,WR,WR,CAR,0,0,0,0,0,0,0,0,62,48,615,5,91.5,139.5,10
2024,00-0030061,Z.Ertz,Zach Ertz,TE,TE,WAS,0,0,0,0,0,0,0,0,91,66,654,7,111.4,177.4,17
2024,00-0030279,K.Allen,Keenan Allen,WR,WR,CHI,1,0,0,0,1,0,0,0,121,70,744,7,114.4,184.4,15
2024,00-0030431,R.Woods,Robert Woods,WR,WR,HOU,0,0,0,0,0,0,0,0,30,20,203,0,18.3,38.3,12
2024,00-0030506,T.Kelce,Travis Kelce,TE,TE,KC,0,0,0,0,0,1,1,0,133,97,823,3,98.4,195.4,16
2024,00-0030564,D.Hopkins,DeAndre Hopkins,WR,WR,KC,0,0,0,0,0,0,0,0,59,41,437,4,67.7,108.7,10
2024,00-0030564,D.Hopkins,DeAndre Hopkins,WR,WR,TEN,0,0,0,0,0,0,0,0,21,15,173,1,23.3,38.3,6
2024,00-0030565,G.Smith,Geno Smith,QB,QB,SEA,578,407,4320,21,15,53,272,2,0,0,0,0,266.0,266.0,17
2024,00-0030578,C.Patterson,Cordarrelle Patterson,RB,RB,PIT,0,0,0,0,0,32,135,0,14,12,80,1,25.5,37.5,13
2024,00-0031235,O.Beckham,Odell Beckham,WR,WR,MIA,0,0,0,0,0,0,0,0,19,9,55,0,5.5,14.5,8
2024,00-0031236,B.Cooks,Brandin Cooks,WR,WR,DAL,0,0,0,0,0,3,-3,0,54,26,259,3,43.6,69.6,10
2024,00-0031280,D.Carr,Derek Carr,QB,QB,NO,279,189,2145,15,5,17,71,1,0,0,0,0,150.9,150.9,10
2024,00-0031299,J.Matthews,Jordan Matthews,TE,TE,CAR,0,0,0,0,0,0,0,0,1,0,0,0,0.0,0.0,1
2024,00-0031345,J.Garoppolo,Jimmy Garoppolo,QB,QB,LA,41,27,334,2,1,2,5,0,0,0,0,0,19.86,19.86,1
2024,00-0031357,C.Goodwin,C.J. Goodwin,CB,DB,DAL,0,0,0,0,0,0,0,0,1,0,0,0,0.0,0.0,1
2024,00-0031381,D.Adams,Davante Adams,WR,WR,LV,0,0,0,0,0,0,0,0,27,18,209,1,26.9,44.9,3
2024,00-0031381,D.Adams,Davante Adams,WR,WR,NYJ,0,0,0,0,0,0,0,0,114,67,854,7,129.4,196.4,11
2024,00-0031408,M.Evans,Mike Evans,WR,WR,TB,0,0,0,0,0,0,0,0,110,74,1004,11,166.4,240.4,14
2024,00-0031428,A.Robinson,Allen Robinson,WR,WR,DET,0,0,0,0,0,0,0,0,7,3,30,0,3.0,6.0,6
2024,00-0031484,C.Manhertz,Chris Manhertz,TE,TE,NYG,0,0,0,0,0,0,0,0,4,3,30,1,9.0,12.0,4
2024,00-0031503,J.Winston,Jameis Winston,QB,QB,CLE,296,181,2121,13,12,25,83,1,0,0,0,0,131.14,131.14,11
2024,00-0031544,A.Cooper,Amari Cooper,WR,WR,BUF,0,0,0,0,0,0,0,0,32,20,297,2,41.7,61.7,7
2024,00-0031544,A.Cooper,Amari Cooper,WR,WR,CLE,0,0,0,0,0,0,0,0,53,24,250,2,37.0,61.0,6
2024,00-0031549,N.Agholor,Nelson Agholor,WR,WR,BAL,0,0,0,0,0,0,0,0,29,14,231,2,35.1,49.1,13
2024,00-0031585,M.Pruitt,MyCole Pruitt,TE,TE,PIT,0,0,0,0,0,0,0,0,10,6,40,1,10.0,16.0,6
2024,00-0031588,S.Diggs,Stefon Diggs,WR,WR,HOU,1,1,13,0,0,3,8,1,64,47,496,3,74.92,121.92,8
2024,00-0031595,M.Burton,Michael Burton,FB,RB,DEN,0,0,0,0,0,7,8,1,10,10,65,1,19.3,29.3,11
2024,00-0031687,R.Mostert,Raheem Mostert,RB,RB,MIA,0,0,0,0,0,85,278,2,23,19,161,0,51.9,70.9,12
2024,00-0031690,E.Tomlinson,Eric Tomlinson,TE,TE,LAC,0,0,0,0,0,0,0,0,4,2,9,0,0.8999999999999999,2.9,4
2024,00-0031763,D.Carter,DeAndre Carter,WR,WR,CHI,0,0,0,0,0,0,0,0,14,9,72,0,7.2,16.2,5
2024,00-0031800,T.Heinicke,Taylor Heinicke,QB,QB,LAC,5,3,28,0,0,2,20,0,0,0,0,0,3.12,3.12,4
2024,00-0031941,J.Crowder,Jamison Crowder,WR,WR,WAS,0,0,0,0,0,0,0,0,13,9,72,2,19.2,28.2,4
2024,00-0032104,A.Abdullah,Ameer Abdullah,RB,RB,LV,0,0,0,0,0,66,311,2,47,40,261,3,85.2,125.2,13
2024,00-0032128,C.Conley,Chris Conley,WR,WR,SF,0,0,0,0,0,0,0,0,12,6,76,0,7.6000000000000005,13.6,7
2024,00-0032141,G.Swaim,Geoff Swaim,TE,TE,CLE,0,0,0,0,0,0,0,0,1,1,7,0,0.7,1.7,1
2024,00-0032211,T.Lockett,Tyler Lockett,WR,WR,SEA,0,0,0,0,0,0,0,0,74,49,600,2,72.0,121.0,17
2024,00-0032268,M.Mariota,Marcus Mariota,QB,QB,WAS,44,34,364,4,0,18,92,1,0,0,0,0,45.760000000000005,45.760000000000005,3
2024,00-0032381,T.Decker,Taylor Decker,T,OL,DET,0,0,0,0,0,0,0,0,1,0,0,0,0.0,0.0,1
2024,00-0032385,S.Shepard,Sterling Shepard,WR,WR,TB,0,0,0,0,0,8,69,0,51,32,334,1,48.3,80.3,13
2024,00-0032392,A.Hooper,Austin Hooper,TE,TE,NE,0,0,0,0,0,0,0,0,59,45,476,3,63.6,108.6,17
2024,00-0032394,N.Vannett,Nick Vannett,TE,TE,TEN,0,0,0,0,0,0,0,0,20,17,135,3,31.5,48.5,12
2024,00-0032399,M.Killebrew,Miles Killebrew,SS,DB,PIT,1,0,0,0,0,0,0,0,0,0,0,0,0.0,0.0,1
2024,00-0032434,B.Allen,Brandon Allen,QB,QB,SF,30,17,199,1,2,3,4,0,0,0,0,0,6.360000000000001,6.360000000000001,3
2024,00-0032464,K.Raymond,Kalif Raymond,WR,WR,DET,0,0,0,0,0,2,0,0,22,17,215,2,39.5,56.5,10
2024,00-0032688,R.Chosen,Robbie Chosen,WR,WR,MIA,0,0,0,0,0,0,0,0,4,1,5,0,0.5,1.5,1
2024,00-0032764,D.Henry,Derrick Henry,RB,RB,BAL,0,0,0,0,0,325,1921,16,22,19,193,2,317.4,336.4,17
2024,00-0032775,D.Robinson,Demarcus Robinson,WR,WR,LA,0,0,0,0,0,0,0,0,64,31,505,7,92.5,123.5,17
2024,00-0032918,C.Ham,C.J. Ham,FB,RB,MIN,0,0,0,0,0,2,10,1,6,5,35,0,8.5,13.5,5
2024,00-0032943,R.Dixon,Riley Dixon,P,SPEC,DEN,1,1,3,0,0,0,0,0,0,0,0,0,0.12,0.12,1
2024,00-0032950,C.Wentz,Carson Wentz,QB,QB,KC,19,12,118,0,0,3,0,0,0,0,0,0,4.72,4.72,2
2024,00-0033009,T.Boyd,Tyler Boyd,WR,WR,TEN,1,0,0,0,0,1,3,0,57,39,390,0,39.3,78.3,15
2024,00-0033040,T.Hill,Tyreek Hill,WR,WR,MIA,0,0,0,0,0,8,53,0,122,81,959,6,137.2,218.2,17
2024,00-0033045,E.Elliott,Ezekiel Elliott,RB,RB,DAL,0,0,0,0,0,74,226,3,15,12,69,0,45.5,57.5,15
2024,00-0033077,D.Prescott,Dak Prescott,QB,QB,DAL,286,185,1978,11,8,13,54,1,0,0,0,0,116.52,116.52,8
2024,00-0033090,H.Henry,Hunter Henry,TE,TE,NE,0,0,0,0,0,0,0,0,97,66,674,2,79.4,145.4,16
2024,00-0033106,J.Goff,Jared Goff,QB,QB,DET,539,390,4629,37,12,35,56,0,1,1,7,1,323.46,324.46,17
2024,00-0033110,T.Higbee,Tyler Higbee,TE,TE,LA,0,0,0,0,0,0,0,0,12,8,66,2,18.6,26.6,3
2024,00-0033119,J.Brissett,Jacoby Brissett,QB,QB,NE,161,95,826,2,1,15,62,0,0,0,0,0,45.24,45.24,7
2024,00-0033217,M.Alie-Cox,Mo Alie-Cox,TE,TE,IND,0,0,0,0,0,0,0,0,22,12,147,1,20.7,32.699999999999996,12
2024,00-0033246,J.Mundt,Johnny Mundt,TE,TE,MIN,0,0,0,0,0,0,0,0,27,19,142,2,26.2,45.199999999999996,13
2024,00-0033280,C.McCaffrey,Christian McCaffrey,RB,RB,SF,0,0,0,0,0,50,202,0,19,15,146,0,32.8,47.8,4
2024,00-0033282,C.Samuel,Curtis Samuel,WR,WR,BUF,0,0,0,0,0,5,14,0,46,31,253,1,32.7,63.7,14
2024,00-0033288,G.Kittle,George Kittle,TE,TE,SF,0,0,0,0,0,0,0,0,94,78,1106,8,158.6,236.6,15
2024,00-0033292,T.Taylor,Trent Taylor,WR,WR,SF,0,0,0,0,0,0,0,0,1,1,11,0,1.1,2.1,1
2024,00-0033293,A.Jones,Aaron Jones,RB,RB,MIN,0,0,0,0,0,255,1138,5,62,51,408,2,190.6,241.6,17
2024,00-0033307,K.Bourne,Kendrick Bourne,WR,WR,NE,1,0,0,0,0,1,6,0,38,28,305,1,37.1,65.1,12
2024,00-0033319,N.Mullens,Nick Mullens,QB,QB,MIN,2,2,38,0,0,3,-2,0,0,0,0,0,1.32,1.32,4
2024,00-0033357,T.Hill,Taysom Hill,TE,TE,NO,4,2,21,0,1,39,278,6,31,23,187,0,79.34,102.34,8
2024,00-0033375,T.Patrick,Tim Patrick,WR,WR,DET,0,0,0,0,0,0,0,0,44,33,394,3,59.4,92.4,15
2024,00-0033376,P.Ricard,Patrick Ricard,FB,RB,BAL,0,0,0,0,0,0,0,0,5,3,22,1,8.2,11.2,5
2024,00-0033439,P.Brown,Pharaoh Brown,TE,TE,SEA,0,0,0,0,0,0,0,0,12,8,65,0,4.5,12.5,8
2024,00-0033460,J.Ross,John Ross,WR,WR,PHI,0,0,0,0,0,0,0,0,2,1,6,0,0.6,1.6,1
2024,00-0033526,S.Perine,Samaje Perine,RB,RB,KC,0,0,0,0,0,20,92,1,35,28,322,1,53.4,81.4,17
2024,00-0033536,M.Williams,Mike Williams,WR,WR,NYJ,0,0,0,0,0,0,0,0,21,12,166,0,16.6,28.6,7
2024,00-0033536,M.Williams,Mike Williams,WR,WR,PIT,0,0,0,0,0,0,0,0,13,9,132,1,19.2,28.2,6
2024,00-0033537,D.Watson,Deshaun Watson,QB,QB,CLE,216,137,1148,5,3,31,148,1,0,0,0,0,76.72,76.72,7
2024,00-0033553,J.Conner,James Conner,RB,RB,ARI,0,0,0,0,0,236,1094,8,55,47,414,1,206.8,253.8,16
2024,00-0033555,M.Hollins,Mack Hollins,WR,WR,BUF,0,0,0,0,0,0,0,0,50,31,378,5,67.8,98.8,16
2024,00-0033557,J.Reeves-Maybin,Jalen Reeves-Maybin,OLB,LB,DET,0,0,0,0,0,1,1,0,0,0,0,0,0.1,0.1,1
2024,00-0033576,E.Saubert,Eric Saubert,TE,TE,SF,0,0,0,0,0,0,0,0,14,11,97,1,15.7,26.7,8
2024,00-0033589,D.Moore,David Moore,WR,WR,CAR,0,0,0,0,0,1,0,0,57,32,351,3,53.1,85.10000000000001,14
2024,00-0033591,N.Brown,Noah Brown,WR,WR,WAS,0,0,0,0,0,0,0,0,56,35,453,1,51.3,86.3,11
2024,00-0033662,C.Rush,Cooper Rush,QB,QB,DAL,308,187,1844,12,5,26,18,0,0,0,0,0,109.56,109.56,12
2024,00-0033699,A.Ekeler,Austin Ekeler,RB,RB,WAS,0,0,0,0,0,77,367,4,41,35,366,0,97.3,132.3,12
2024,00-0033854,D.Ogunbowale,Dare Ogunbowale,RB,RB,HOU,0,0,0,0,0,30,112,0,28,19,198,1,37.0,56.0,15
2024,00-0033857,J.Smith-Schuster,JuJu Smith-Schuster,WR,WR,KC,0,0,0,0,0,0,0,0,26,18,231,2,35.1,53.1,11
2024,00-0033858,J.Smith,Jonnu Smith,TE,TE,MIA,0,0,0,0,0,2,-1,0,111,88,884,8,134.3,222.3,17
2024,00-0033863,D.Skipper,Dan Skipper,T,OL,DET,0,0,0,0,0,0,0,0,1,1,9,1,6.9,7.9,1
2024,00-0033869,M.Trubisky,Mitchell Trubisky,QB,QB,BUF,26,19,179,2,0,17,1,0,0,0,0,0,15.260000000000002,15.260000000000002,8
2024,00-0033873,P.Mahomes,Patrick Mahomes,QB,QB,KC,581,392,3928,26,11,58,307,2,1,1,2,0,282.02,283.02,16
2024,00-0033881,E.Engram,Evan Engram,TE,TE,JAX,0,0,0,0,0,0,0,0,64,47,365,1,42.5,89.5,9
2024,00-0033885,D.Njoku,David Njoku,TE,TE,CLE,0,0,0,0,0,0,0,0,97,64,505,5,84.5,148.5,11
2024,00-0033891,Z.Jones,Zay Jones,WR,WR,ARI,0,0,0,0,0,0,0,0,11,8,84,0,8.399999999999999,16.4,6
2024,00-0033893,D.Cook,Dalvin Cook,RB,RB,DAL,0,0,0,0,0,8,20,0,1,1,10,0,3.0,4.0,2
2024,00-0033895,G.Everett,Gerald Everett,TE,TE,CHI,0,0,0,0,0,0,0,0,13,8,36,0,3.6,11.6,9
2024,00-0033897,J.Mixon,Joe Mixon,RB,RB,HOU,1,0,0,0,0,245,1016,11,52,36,309,1,204.5,240.5,14
2024,00-0033906,A.Kamara,Alvin Kamara,RB,RB,NO,0,0,0,0,0,228,950,6,89,68,543,2,197.3,265.3,14
2024,00-0033908,C.Kupp,Cooper Kupp,WR,WR,LA,0,0,0,0,0,2,10,0,100,67,710,6,108.0,175.0,12
2024,00-0033921,C.Godwin,Chris Godwin,WR,WR,TB,0,0,0,0,0,1,2,0,62,50,576,5,87.8,137.8,7
2024,00-0033923,K.Hunt,Kareem Hunt,RB,RB,KC,0,0,0,0,0,200,728,7,32,23,176,0,132.4,155.4,13
2024,00-0033925,D.Foreman,D'Onta Foreman,RB,RB,CLE,0,0,0,0,0,71,232,0,8,6,54,0,26.6,32.6,10
2024,00-0033943,J.Reynolds,Josh Reynolds,WR,WR,DEN,0,0,0,0,0,0,0,0,19,12,183,1,24.3,36.3,5
2024,00-0033943,J.Reynolds,Josh Reynolds,WR,WR,JAX,0,0,0,0,0,0,0,0,5,1,11,0,1.1,2.1,3
2024,00-0033948,J.Williams,Jamaal Williams,RB,RB,NO,0,0,0,0,0,48,164,1,11,9,57,0,28.1,37.1,13
2024,00-0033949,J.Dobbs,Joshua Dobbs,QB,QB,SF,47,32,361,2,2,9,24,2,0,0,0,0,30.839999999999996,30.839999999999996,2
2024,00-0033955,J.McNichols,Jeremy McNichols,RB,RB,WAS,0,0,0,0,0,55,261,4,12,9,27,0,54.800000000000004,63.800000000000004,14
2024,00-0034054,R.Cracraft,River Cracraft,WR,WR,MIA,0,0,0,0,0,0,0,0,9,7,66,0,6.6,13.6,4
2024,00-0034073,R.Dwelley,Ross Dwelley,TE,TE,ATL,0,0,0,0,0,0,0,0,1,1,5,0,0.5,1.5,1
2024,00-0034115,J.Wilson,Jeffery Wilson,RB,RB,MIA,0,0,0,0,0,16,57,0,3,3,19,0,7.6,10.6,7
2024,00-0034159,W.Dissly,Will Dissly,TE,TE,LAC,0,0,0,0,0,0,0,0,64,50,481,2,60.099999999999994,110.1,15
2024,00-0034162,J.Scott,J.K. Scott,P,SPEC,LAC,1,1,3,0,0,1,0,0,0,0,0,0,0.12,0.12,2
2024,00-0034177,T.Boyle,Tim Boyle,QB,QB,MIA,26,15,153,0,0,2,10,0,0,0,0,0,7.119999999999999,7.119999999999999,2
2024,00-0034177,T.Boyle,Tim Boyle,QB,QB,NYG,24,12,123,1,1,1,-1,0,0,0,0,0,6.82,6.82,1
2024,00-0034184,G.Edwards,Gus Edwards,RB,RB,LAC,0,0,0,0,0,101,365,4,5,3,6,0,61.1,64.1,11
2024,00-0034208,M.Boone,Mike Boone,RB,RB,CAR,0,0,0,0,0,13,51,0,3,1,-2,0,4.9,5.9,5
2024,00-0034270,T.Conklin,Tyler Conklin,TE,TE,NYJ,0,0,0,0,0,1,0,0,72,51,449,4,70.9,121.9,16
2024,00-0034272,M.Valdes-Scantling,Marquez Valdes-Scantling,WR,WR,BUF,0,0,0,0,0,0,0,0,9,2,26,0,2.5999999999999996,4.6,5
2024,00-0034272,M.Valdes-Scantling,Marquez Valdes-Scantling,WR,WR,NO,0,0,0,0,0,1,4,0,35,17,385,4,62.9,79.89999999999999,8
2024,00-0034348,C.Sutton,Courtland Sutton,WR,WR,DEN,2,2,30,1,0,0,0,0,135,81,1081,8,159.3,240.3,16
2024,00-0034351,D.Goedert,Dallas Goedert,TE,TE,PHI,0,0,0,0,0,0,0,0,52,42,496,2,61.599999999999994,103.6,10
2024,00-0034353,A.Miller,Anthony Miller,WR,WR,BAL,0,0,0,0,0,0,0,0,1,1,16,0,1.6,2.6,1
2024,00-0034364,J.Akins,Jordan Akins,TE,TE,CLE,0,0,0,0,0,0,0,0,58,40,390,2,51.0,91.0,16
2024,00-0034365,I.Thomas,Ian Thomas,TE,TE,CAR,0,0,0,0,0,0,0,0,6,3,7,0,0.7,3.7,3
2024,00-0034383,D.Schultz,Dalton Schultz,TE,TE,HOU,0,0,0,0,0,0,0,0,85,53,532,2,65.2,118.2,17
2024,00-0034386,J.Watson,Justin Watson,WR,WR,KC,0,0,0,0,0,0,0,0,32,22,289,2,40.9,62.9,15
2024,00-0034401,M.White,Mike White,QB,QB,BUF,11,3,28,0,0,0,0,0,0,0,0,0,1.12,1.12,1
2024,00-0034407,R.McCloud,Ray-Ray McCloud,WR,WR,ATL,0,0,0,0,0,10,79,0,87,62,686,1,80.5,142.5,17
2024,00-0034418,C.Wilson,Cedrick Wilson,WR,WR,NO,1,1,21,1,0,0,0,0,27,20,211,1,31.939999999999998,51.94,10
2024,00-0034419,B.Berrios,Braxton Berrios,WR,WR,MIA,0,0,0,0,0,0,0,0,4,0,0,0,0.0,0.0,3
2024,00-0034485,J.Owens,Jonathan Owens,SS,DB,CHI,0,0,0,0,0,0,0,0,0,0,0,0,6.0,6.0,1
2024,00-0034487,T.Sherfield,Trent Sherfield,WR,WR,MIN,0,0,0,0,0,0,0,0,9,8,83,1,14.3,22.3,8
2024,00-0034488,T.Thomas,Tavierre Thomas,CB,DB,TB,0,0,0,0,0,1,-2,0,0,0,0,0,-0.2,-0.2,1
2024,00-0034521,A.Lazard,Allen Lazard,WR,WR,NYJ,1,0,0,0,0,0,0,0,61,37,530,6,89.0,126.0,12
2024,00-0034571,T.Scott,Trenton Scott,T,OL,WAS,0,0,0,0,0,0,0,0,1,1,1,1,6.1,7.1,1
2024,00-0034577,K.Allen,Kyle Allen,QB,QB,PIT,1,1,19,0,0,0,0,0,0,0,0,0,0.76,0.76,1
2024,00-0034613,T.Hudson,Tanner Hudson,TE,TE,CIN,0,0,0,0,0,1,1,0,23,19,154,1,19.5,38.5,9
2024,00-0034646,B.Powell,Brandon Powell,WR,WR,MIN,0,0,0,0,0,0,0,0,10,7,71,0,7.1,14.1,7
2024,00-0034753,M.Andrews,Mark Andrews,TE,TE,BAL,0,0,0,0,0,4,5,0,69,55,673,11,133.8,188.8,17
2024,00-0034771,M.Rudolph,Mason Rudolph,QB,QB,TEN,228,146,1530,9,9,25,106,1,0,0,0,0,95.8,95.8,8
2024,00-0034775,C.Kirk,Christian Kirk,WR,WR,JAX,0,0,0,0,0,0,0,0,47,27,379,1,43.9,70.9,8
2024,00-0034777,D.Chark,D.J. Chark,WR,WR,LAC,0,0,0,0,0,0,0,0,10,4,31,1,9.1,13.1,4
2024,00-0034791,N.Chubb,Nick Chubb,RB,RB,CLE,0,0,0,0,0,102,332,3,11,5,31,1,58.3,63.3,8
2024,00-0034796,L.Jackson,Lamar Jackson,QB,QB,BAL,474,316,4172,41,4,139,915,4,0,0,0,0,430.38,430.38,17
2024,00-0034798,D.Smythe,Durham Smythe,TE,TE,MIA,0,0,0,0,0,0,0,0,17,9,53,0,5.300000000000001,14.3,13
2024,00-0034827,D.Moore,D.J. Moore,WR,WR,CHI,1,0,0,0,0,14,75,0,140,98,966,6,140.1,238.1,17
2024,00-0034829,M.Gesicki,Mike Gesicki,TE,TE,CIN,0,0,0,0,0,0,0,0,83,65,665,2,76.5,141.5,16
2024,00-0034830,H.Hurst,Hayden Hurst,TE,TE,LAC,0,0,0,0,0,0,0,0,13,8,73,0,7.3,15.3,7
2024,00-0034834,S.Hubbard,Sam Hubbard,DE,DL,CIN,0,0,0,0,0,0,0,0,1,1,2,1,6.2,7.2,1
2024,00-0034837,C.Ridley,Calvin Ridley,WR,WR,TEN,0,0,0,0,0,8,55,1,120,64,1017,4,135.2,199.20000000000002,17
2024,00-0034844,S.Barkley,Saquon Barkley,RB,RB,PHI,0,0,0,0,0,345,2005,13,43,33,278,2,322.3,355.3,16
2024,00-0034854,K.Hodge,KhaDarel Hodge,WR,WR,ATL,0,0,0,0,0,0,0,0,12,7,131,1,25.099999999999998,32.1,6
2024,00-0034855,B.Mayfield,Baker Mayfield,QB,QB,TB,570,407,4500,41,16,60,378,3,0,0,0,0,365.8,365.8,17
2024,00-0034857,J.Allen,Josh Allen,QB,QB,BUF,483,307,3731,28,6,102,531,12,0,0,0,0,372.34000000000003,372.34000000000003,16
2024,00-0034860,D.Pettis,Dante Pettis,WR,WR,NO,0,0,0,0,0,0,0,0,28,12,120,1,20.0,32.0,8
2024,00-0034869,S.Darnold,Sam Darnold,QB,QB,MIN,545,361,4319,35,12,67,212,1,0,0,0,0,307.96,307.96,17
2024,00-0034928,S.Sims,Steven Sims,WR,WR,HOU,0,0,0,0,0,1,0,0,0,0,0,0,0.0,0.0,1
2024,00-0034959,A.Beck,Andrew Beck,FB,RB,GB,0,0,0,0,0,0,0,0,1,0,0,0,0.0,0.0,1
2024,00-0034959,A.Beck,Andrew Beck,FB,RB,HOU,0,0,0,0,0,0,0,0,1,0,0,0,0.0,0.0,1
2024,00-0034960,J.Meyers,Jakobi Meyers,WR,WR,LV,0,0,0,0,0,2,23,0,129,87,1027,4,131.0,218.0,15
2024,00-0034972,A.Mattison,Alexander Mattison,RB,RB,LV,0,0,0,0,0,132,420,4,48,36,294,1,101.4,137.4,14
2024,00-0034974,J.Love,Julian Love,SS,DB,SEA,0,0,0,0,0,1,2,0,0,0,0,0,0.2,0.2,1
2024,00-0034975,J.Hill,Justice Hill,RB,RB,BAL,0,0,0,0,0,47,228,1,51,42,383,3,85.1,127.10000000000001,15
2024,00-0034981,F.Moreau,Foster Moreau,TE,TE,NO,0,0,0,0,0,0,0,0,43,32,413,5,71.3,103.3,15
2024,00-0035021,A.Dulin,Ashton Dulin,WR,WR,IND,0,0,0,0,0,5,45,0,8,2,67,1,17.2,19.2,9
2024,00-0035100,J.Browning,Jake Browning,QB,QB,CIN,0,0,0,0,0,2,-2,0,0,0,0,0,-0.2,-0.2,2
2024,00-0035125,A.Ingold,Alec Ingold,FB,RB,MIA,0,0,0,0,0,10,17,1,12,11,96,0,15.3,26.3,9
2024,00-0035140,M.Hardman,Mecole Hardman,WR,WR,KC,0,0,0,0,0,5,62,1,14,12,90,0,21.2,33.2,7
2024,00-0035156,J.Fox,Jack Fox,P,SPEC,DET,1,1,17,0,0,0,0,0,0,0,0,0,0.68,0.68,1
2024,00-0035190,A.Cole,A.J. Cole,P,SPEC,LV,1,1,34,0,0,0,0,0,0,0,0,0,1.36,1.36,1
2024,00-0035208,O.Zaccheaus,Olamide Zaccheaus,WR,WR,WAS,0,0,0,0,0,1,8,0,64,45,506,3,69.4,114.4,15
2024,00-0035216,D.Johnson,Diontae Johnson,WR,WR,BAL,0,0,0,0,0,0,0,0,5,1,6,0,0.6,1.6,3
2024,00-0035216,D.Johnson,Diontae Johnson,WR,WR,CAR,0,0,0,0,0,2,6,0,58,30,357,3,54.3,84.3,7
2024,00-0035216,D.Johnson,Diontae Johnson,WR,WR,HOU,0,0,0,0,0,0,0,0,4,2,12,0,1.2,3.2,1
2024,00-0035228,K.Murray,Kyler Murray,QB,QB,ARI,541,372,3851,21,11,78,572,5,0,0,0,0,297.24,297.24,17
2024,00-0035229,T.Hockenson,T.J. Hockenson,TE,TE,MIN,0,0,0,0,0,0,0,0,62,41,455,0,45.5,86.5,10
2024,00-0035243,M.Sanders,Miles Sanders,RB,RB,CAR,0,0,0,0,0,55,205,2,30,24,148,1,53.3,77.3,11
2024,00-0035249,J.Oliver,Josh Oliver,TE,TE,MIN,0,0,0,0,0,0,0,0,28,22,258,3,43.8,65.8,11
2024,00-0035250,D.Singletary,Devin Singletary,RB,RB,NYG,0,0,0,0,0,113,437,4,24,21,119,0,75.6,96.6,15
2024,00-0035261,T.Pollard,Tony Pollard,RB,RB,TEN,0,0,0,0,0,260,1079,5,57,41,238,0,159.7,200.7,16
2024,00-0035264,J.Stidham,Jarrett Stidham,QB,QB,DEN,0,0,0,0,0,4,5,0,0,0,0,0,0.49999999999999994,0.49999999999999994,2
2024,00-0035280,J.Bailey,Jake Bailey,P,SPEC,MIA,0,0,0,0,0,1,0,0,0,0,0,0,0.0,0.0,1
2024,00-0035289,G.Minshew,Gardner Minshew,QB,QB,LV,306,203,2013,9,10,19,58,0,0,0,0,0,96.32,96.32,10
2024,00-0035298,S.Miller,Scott Miller,WR,WR,PIT,0,0,0,0,0,0,0,0,9,5,69,0,6.9,11.899999999999999,4
2024,00-0035311,M.Gaskin,Myles Gaskin,RB,RB,MIN,0,0,0,0,0,3,-1,0,1,1,11,0,1.0,1.9999999999999998,2
2024,00-0035341,T.Irwin,Trenton Irwin,WR,WR,CIN,0,0,0,0,0,0,0,0,10,3,15,0,1.5,4.5,4
2024,00-0035406,L.Humphrey,Lil'Jordan Humphrey,WR,WR,DEN,0,0,0,0,0,0,0,0,45,31,293,1,33.3,64.3,14
2024,00-0035500,G.Dortch,Greg Dortch,WR,WR,ARI,0,0,0,0,0,5,31,0,50,37,342,3,53.3,90.3,17
2024,00-0035535,D.Slayton,Darius Slayton,WR,WR,NYG,0,0,0,0,0,2,17,0,71,39,573,2,71.0,110.0,16
2024,00-0035537,T.Johnson,Ty Johnson,RB,RB,BUF,0,0,0,0,0,41,213,1,25,18,284,3,73.7,91.7,17
2024,00-0035544,T.Kennedy,Tom Kennedy,WR,WR,DET,0,0,0,0,0,0,0,0,1,0,0,0,0.0,0.0,1
2024,00-0035547,J.Fortson,Joseph Fortson,TE,TE,KC,0,0,0,0,0,0,0,0,3,1,5,0,0.5,1.5,3
2024,00-0035567,C.Reynolds,Craig Reynolds,RB,RB,DET,0,0,0,0,0,31,139,0,5,3,40,0,17.9,20.9,7
2024,00-0035594,T.Homer,Travis Homer,RB,RB,CHI,0,0,0,0,0,6,23,0,3,3,11,0,3.4000000000000004,6.3999999999999995,4
2024,00-0035602,A.Bachman,Alex Bachman,WR,WR,LV,0,0,0,0,0,0,0,0,3,3,31,0,3.1,6.1,1
2024,00-0035628,D.Johnson,D'Ernest Johnson,RB,RB,JAX,0,0,0,0,0,32,143,0,19,12,96,0,23.9,35.9,12
2024,00-0035631,D.Sample,Drew Sample,TE,TE,CIN,0,0,0,0,0,1,-4,0,22,20,109,1,16.5,36.5,11
2024,00-0035639,P.Campbell,Parris Campbell,WR,WR,PHI,0,0,0,0,0,0,0,0,8,6,30,1,9.0,15.0,4
2024,00-0035640,D.Metcalf,DK Metcalf,WR,WR,SEA,0,0,0,0,0,0,0,0,108,66,992,5,125.19999999999999,191.2,15
2024,00-0035644,N.Fant,Noah Fant,TE,TE,SEA,0,0,0,0,0,0,0,0,64,48,500,1,56.0,104.0,14
2024,00-0035659,T.McLaurin,Terry McLaurin,WR,WR,WAS,0,0,0,0,0,2,2,0,117,82,1096,13,185.8,267.8,17
2024,00-0035662,M.Brown,Marquise Brown,WR,WR,KC,0,0,0,0,0,0,0,0,15,9,91,0,9.1,18.1,2
2024,00-0035676,A.Brown,A.J. Brown,WR,WR,PHI,0,0,0,0,0,0,0,0,97,67,1079,7,149.9,216.9,13
2024,00-0035685,D.Montgomery,David Montgomery,RB,RB,DET,1,1,3,1,0,185,775,12,38,36,341,0,185.72,221.72,14
2024,00-0035689,D.Knox,Dawson Knox,TE,TE,BUF,0,0,0,0,0,0,0,0,33,22,311,1,37.1,59.1,14
2024,00-0035700,J.Jacobs,Josh Jacobs,RB,RB,GB,0,0,0,0,0,301,1329,15,43,36,342,1,257.1,293.1,17
2024,00-0035704,D.Lock,Drew Lock,QB,QB,NYG,181,107,1071,6,5,18,133,2,0,0,0,0,80.14,80.14,7
2024,00-0035710,D.Jones,Daniel Jones,QB,QB,NYG,341,216,2070,8,7,67,265,2,0,0,0,0,135.3,135.3,10
2024,00-0035719,D.Samuel,Deebo Samuel,WR,WR,SF,0,0,0,0,0,42,136,1,81,51,670,3,104.6,155.6,14
2024,00-0035795,J.Pierre,James Pierre,CB,DB,PIT,0,0,0,0,0,0,0,0,1,0,0,0,0.0,0.0,1
2024,00-0035806,J.Hasty,Jamycal Hasty,RB,RB,NE,0,0,0,0,0,20,69,0,12,10,59,1,18.8,28.8,9
2024,00-0035860,T.Jones,Tony Jones,RB,RB,ARI,0,0,0,0,0,4,55,1,0,0,0,0,11.5,11.5,1
2024,00-0035891,C.White,Cody White,WR,WR,SEA,0,0,0,0,0,0,0,0,3,2,44,0,4.4,6.4,1
2024,00-0035924,J.Ward,Jonathan Ward,RB,RB,PIT,0,0,0,0,0,5,22,0,0,0,0,0,2.2,2.2,2
2024,00-0035973,P.Taylor,Patrick Taylor,RB,RB,SF,0,0,0,0,0,39,183,1,11,3,25,0,26.799999999999997,29.799999999999997,5
2024,00-0035976,D.Chisena,Dan Chisena,WR,WR,CAR,0,0,0,0,0,0,0,0,4,3,37,0,3.7,6.7,3
2024,00-0035993,T.Huntley,Tyler Huntley,QB,QB,MIA,133,86,829,3,3,26,135,2,0,0,0,0,60.66,60.66,5
2024,00-0036037,S.Franklin,Sam Franklin,SS,DB,CAR,0,0,0,0,0,0,0,0,1,0,0,0,0.0,0.0,1
2024,00-0036040,J.Johnson,Juwan Johnson,TE,TE,NO,0,0,0,0,0,0,0,0,66,50,548,3,72.8,122.8,15
2024,00-0036096,J.Taylor,J.J. Taylor,RB,RB,HOU,0,0,0,0,0,10,44,0,3,2,0,0,4.4,6.3999999999999995,3
2024,00-0036133,J.Proche,James Proche,WR,WR,CLE,0,0,0,0,0,0,0,0,3,3,21,0,2.1,5.1,2
2024,00-0036139,R.Dowdle,Rico Dowdle,RB,RB,DAL,0,0,0,0,0,235,1079,2,49,39,249,3,158.8,197.8,16
2024,00-0036158,J.Dobbins,J.K. Dobbins,RB,RB,LAC,0,0,0,0,0,195,905,9,38,32,153,0,159.8,191.79999999999998,13
2024,00-0036165,I.Hodgins,Isaiah Hodgins,WR,WR,NYG,0,0,0,0,0,0,0,0,2,2,12,0,1.2,3.2,2
2024,00-0036176,M.Kinsey,Mason Kinsey,WR,WR,TEN,0,0,0,0,0,0,0,0,2,2,17,0,1.7000000000000002,3.7,2
2024,00-0036182,N.Westbrook-Ikhine,Nick Westbrook-Ikhine,WR,WR,TEN,0,0,0,0,0,0,0,0,60,32,497,9,103.7,135.7,13
2024,00-0036183,K.Wilkerson,Kristian Wilkerson,WR,WR,LV,0,0,0,0,0,0,0,0,3,2,18,1,7.8,9.8,1
2024,00-0036187,R.Gilliam,Reggie Gilliam,FB,RB,BUF,0,0,0,0,0,3,7,0,0,0,0,0,0.7,0.7,2
2024,00-0036196,G.Davis,Gabe Davis,WR,WR,JAX,0,0,0,0,0,0,0,0,42,20,239,2,33.9,53.9,9
2024,00-0036212,T.Tagovailoa,Tua Tagovailoa,QB,QB,MIA,399,291,2867,19,7,17,49,0,0,0,0,0,181.57999999999998,181.57999999999998,11
2024,00-0036223,J.Taylor,Jonathan Taylor,RB,RB,IND,0,0,0,0,0,303,1431,11,31,18,136,1,228.7,246.7,14
2024,00-0036232,H.Bryant,Harrison Bryant,TE,TE,LV,0,0,0,0,0,0,0,0,12,9,86,0,8.6,17.6,5
2024,00-0036244,C.Parkinson,Colby Parkinson,TE,TE,LA,0,0,0,0,0,0,0,0,49,30,294,1,35.4,65.4,15
2024,00-0036251,Z.Moss,Zack Moss,RB,RB,CIN,0,0,0,0,0,74,242,2,27,23,187,1,58.9,81.9,8
2024,00-0036252,M.Pittman,Michael Pittman,WR,WR,IND,0,0,0,0,0,0,0,0,111,69,808,3,96.8,165.8,16
2024,00-0036254,C.Johnson,Collin Johnson,WR,WR,CHI,0,0,0,0,0,0,0,0,2,1,6,0,0.6,1.6,2
2024,00-0036259,J.Jennings,Jauan Jennings,WR,WR,SF,0,0,0,0,0,0,0,0,113,77,975,6,133.5,210.5,15
2024,00-0036261,B.Aiyuk,Brandon Aiyuk,WR,WR,SF,0,0,0,0,0,0,0,0,47,25,374,0,37.4,62.400000000000006,7
2024,00-0036264,J.Love,Jordan Love,QB,QB,GB,425,268,3389,25,11,25,83,1,0,0,0,0,233.86,233.86,15
2024,00-0036268,L.Shenault,Laviska Shenault Jr.,WR,WR,SEA,0,0,0,0,0,1,1,0,5,5,36,0,9.7,14.7,6
2024,00-0036275,D.Swift,D'Andre Swift,RB,RB,CHI,0,0,0,0,0,253,959,6,52,42,386,0,172.5,214.5,17
2024,00-0036290,C.Kmet,Cole Kmet,TE,TE,CHI,0,0,0,0,0,0,0,0,55,47,474,4,73.4,120.4,14
2024,00-0036297,D.Evans,Darrynton Evans,RB,RB,CHI,0,0,0,0,0,3,3,0,0,0,0,0,0.3,0.3,1
2024,00-0036309,D.Mooney,Darnell Mooney,WR,WR,ATL,1,0,0,0,0,0,0,0,106,64,992,5,129.2,193.2,16
2024,00-0036322,J.Jefferson,Justin Jefferson,WR,WR,MIN,1,1,22,0,0,1,3,0,154,103,1533,10,214.48,317.48,17
2024,00-0036328,A.Gibson,Antonio Gibson,RB,RB,NE,0,0,0,0,0,120,538,1,29,23,206,0,80.4,103.4,17
2024,00-0036329,A.Davis,Ashtyn Davis,SS,DB,NYJ,0,0,0,0,0,1,21,0,0,0,0,0,2.1,2.1,1
2024,00-0036331,D.Duvernay,Devin Duvernay,WR,WR,JAX,0,0,0,0,0,4,3,0,16,11,79,0,8.2,19.2,10
2024,00-0036332,J.Deguara,Josiah Deguara,TE,TE,JAX,0,0,0,0,0,0,0,0,3,3,14,0,1.4000000000000001,4.4,3
2024,00-0036345,K.Osborn,K.J. Osborn,WR,WR,NE,0,0,0,0,0,0,0,0,18,7,57,1,11.7,18.7,6
2024,00-0036355,J.Herbert,Justin Herbert,QB,QB,LAC,504,332,3870,23,3,69,306,2,0,0,0,0,285.4,285.4,17
2024,00-0036358,C.Lamb,CeeDee Lamb,WR,WR,DAL,0,0,0,0,0,14,70,0,152,101,1194,6,162.4,263.40000000000003,15
2024,00-0036360,C.Edwards-Helaire,Clyde Edwards-Helaire,RB,RB,NO,0,0,0,0,0,13,46,0,5,3,24,0,7.0,10.0,2
2024,00-0036370,J.Kelley,Joshua Kelley,RB,RB,TEN,0,0,0,0,0,1,2,0,0,0,0,0,0.2,0.2,1
2024,00-0036387,J.Reagor,Jalen Reagor,WR,WR,LAC,0,0,0,0,0,3,-3,0,12,7,100,0,7.7,14.7,7
2024,00-0036389,J.Hurts,Jalen Hurts,QB,QB,PHI,361,248,2903,18,5,150,630,14,0,0,0,0,315.12,315.12,15
2024,00-0036407,J.Jeudy,Jerry Jeudy,WR,WR,CLE,0,0,0,0,0,0,0,0,145,90,1229,4,150.9,240.9,17
2024,00-0036410,T.Higgins,Tee Higgins,WR,WR,CIN,0,0,0,0,0,0,0,0,109,73,911,10,149.1,222.1,12
2024,00-0036414,C.Akers,Cam Akers,RB,RB,HOU,0,0,0,0,0,40,147,1,7,4,16,1,26.299999999999997,30.299999999999997,5
2024,00-0036414,C.Akers,Cam Akers,RB,RB,MIN,0,0,0,0,0,64,297,1,11,10,52,2,52.900000000000006,62.900000000000006,10
2024,00-0036415,V.Jefferson,Van Jefferson,WR,WR,PIT,0,0,0,0,0,0,0,0,40,24,276,2,39.6,63.6,15
2024,00-0036422,A.Trautman,Adam Trautman,TE,TE,DEN,0,0,0,0,0,0,0,0,22,13,188,2,30.799999999999997,43.8,13
2024,00-0036425,D.Dallas,DeeJay Dallas,RB,RB,ARI,0,0,0,0,0,9,49,0,3,3,11,1,18.0,21.0,7
2024,00-0036427,T.Johnson,Tyler Johnson,WR,WR,LA,0,0,0,0,0,0,0,0,41,26,291,1,35.1,61.1,11
2024,00-0036429,C.Woerner,Charlie Woerner,TE,TE,ATL,0,0,0,0,0,0,0,0,12,7,46,0,4.6,11.6,8
2024,00-0036438,S.Sullivan,Stephen Sullivan,TE,TE,CAR,0,0,0,0,0,0,0,0,1,0,0,0,0.0,0.0,1
2024,00-0036442,J.Burrow,Joe Burrow,QB,QB,CIN,652,460,4918,43,9,42,201,2,0,0,0,0,372.82,372.82,17
2024,00-0036450,K.Vaughn,Ke'Shawn Vaughn,RB,RB,SF,0,0,0,0,0,2,4,0,0,0,0,0,0.4,0.4,1
2024,00-0036463,C.Blair,Chris Blair,WR,WR,ATL,0,0,0,0,0,0,0,0,2,1,17,0,1.7,2.7,2
2024,00-0036497,T.Jones,Tim Jones,WR,WR,JAX,0,0,0,0,0,0,0,0,5,3,41,0,4.1,7.1,3
2024,00-0036510,K.Yeboah,Kenny Yeboah,TE,TE,NYJ,0,0,0,0,0,0,0,0,8,5,47,1,10.7,15.7,6
2024,00-0036527,D.Turner,D.J. Turner,WR,WR,LV,0,0,0,0,0,5,33,1,29,16,158,1,31.099999999999998,47.1,10
2024,00-0036534,S.Zylstra,Shane Zylstra,TE,TE,DET,0,0,0,0,0,0,0,0,1,1,22,0,2.2,3.2,1
2024,00-0036550,R.Bateman,Rashod Bateman,WR,WR,BAL,0,0,0,0,0,0,0,0,72,45,756,9,129.6,174.60000000000002,16
2024,00-0036554,N.Collins,Nico Collins,WR,WR,HOU,0,0,0,0,0,0,0,0,99,68,1006,7,142.6,210.6,12
2024,00-0036555,C.Hubbard,Chuba Hubbard,RB,RB,CAR,0,0,0,0,0,250,1195,10,54,43,171,1,198.6,241.6,15
2024,00-0036556,B.Jordan,Brevin Jordan,TE,TE,HOU,0,0,0,0,0,0,0,0,3,2,7,0,0.7,2.7,2
2024,00-0036563,D.Lenoir,Deommodore Lenoir,CB,DB,SF,0,0,0,0,0,0,0,0,0,0,0,0,6.0,6.0,1
2024,00-0036590,Q.Morris,Quintin Morris,TE,TE,BUF,0,0,0,0,0,0,0,0,8,5,36,1,9.6,14.6,5
2024,00-0036613,J.Waddle,Jaylen Waddle,WR,WR,MIA,0,0,0,0,0,4,12,0,83,58,744,2,91.6,149.6,15
2024,00-0036620,D.Eskridge,D'Wayne Eskridge,WR,WR,MIA,0,0,0,0,0,0,0,0,3,3,44,0,4.4,7.4,3
2024,00-0036626,D.Brown,Dyami Brown,WR,WR,WAS,1,0,0,0,0,3,26,0,40,30,308,1,37.4,67.4,15
2024,00-0036628,J.Bates,John Bates,TE,TE,WAS,0,0,0,0,0,0,0,0,13,8,84,0,6.4,14.4,10
2024,00-0036630,T.Wallace,Tylan Wallace,WR,WR,BAL,0,0,0,0,0,0,0,0,12,11,193,1,25.3,36.300000000000004,8
2024,00-0036635,I.Smith-Marsette,Ihmir Smith-Marsette,WR,WR,NYG,0,0,0,0,0,0,0,0,0,0,0,0,6.0,6.0,1
2024,00-0036637,N.Gray,Noah Gray,TE,TE,KC,0,0,0,0,0,1,-4,0,49,40,437,5,73.3,113.3,16
2024,00-0036640,Z.Davidson,Zach Davidson,TE,TE,BUF,0,0,0,0,0,0,0,0,2,1,5,0,0.5,1.5,2
2024,00-0036646,S.Fehoko,Simi Fehoko,WR,WR,LAC,0,0,0,0,0,0,0,0,16,6,106,0,10.600000000000001,16.6,5
2024,00-0036670,J.Jefferson,Jermar Jefferson,RB,RB,DET,0,0,0,0,0,6,22,0,1,1,10,0,3.1999999999999997,4.2,2
2024,00-0036727,A.Prentice,Adam Prentice,FB,RB,NO,0,0,0,0,0,0,0,0,4,0,0,0,0.0,0.0,4
2024,00-0036741,J.Stoll,Jack Stoll,TE,TE,PHI,0,0,0,0,0,0,0,0,3,2,10,0,1.0,3.0,2
2024,00-0036754,B.Wright,Brock Wright,TE,TE,DET,0,0,0,0,0,0,0,0,16,13,100,2,22.0,35.0,10
2024,00-0036825,F.Franks,Feleipe Franks,TE,TE,CAR,0,0,0,0,0,0,0,0,3,1,12,0,1.2,2.2,3
2024,00-0036841,A.Trammell,Austin Trammell,WR,WR,JAX,0,0,0,0,0,0,0,0,3,2,40,0,4.0,6.0,1
2024,00-0036842,K.Nwangwu,Kene Nwangwu,RB,RB,NYJ,0,0,0,0,0,0,0,0,0,0,0,0,6.0,6.0,1
2024,00-0036849,T.Atwell,Tutu Atwell,WR,WR,LA,1,0,0,0,0,2,7,0,62,42,562,0,56.9,98.9,15
2024,00-0036862,B.Skowronek,Ben Skowronek,WR,WR,PIT,0,0,0,0,0,0,0,0,5,5,69,0,6.8999999999999995,11.9,4
2024,00-0036875,R.Stevenson,Rhamondre Stevenson,RB,RB,NE,0,0,0,0,0,207,801,7,41,33,168,1,142.9,175.9,15
2024,00-0036876,K.Granson,Kylen Granson,TE,TE,IND,0,0,0,0,0,0,0,0,31,14,182,0,18.2,32.2,14
2024,00-0036877,J.Darden,Jaelon Darden,WR,WR,CLE,0,0,0,0,0,0,0,0,1,1,6,0,0.6,1.6,1
2024,00-0036880,P.Sewell,Penei Sewell,T,OL,DET,0,0,0,0,0,0,0,0,0,0,0,0,0.0,0.0,1
2024,00-0036887,L.Farrell,Luke Farrell,TE,TE,JAX,0,0,0,0,0,0,0,0,17,12,67,0,6.7,18.7,10
2024,00-0036893,N.Harris,Najee Harris,RB,RB,PIT,0,0,0,0,0,263,1043,6,48,36,283,0,168.6,204.6,17
2024,00-0036894,P.Freiermuth,Pat Freiermuth,TE,TE,PIT,0,0,0,0,0,0,0,0,78,65,653,7,103.3,168.3,17
2024,00-0036898,D.Mills,Davis Mills,QB,QB,HOU,36,20,212,0,0,3,11,0,0,0,0,0,9.58,9.58,4
2024,00-0036900,J.Chase,Ja'Marr Chase,WR,WR,CIN,0,0,0,0,0,3,32,0,175,127,1708,17,276.0,403.0,17
2024,00-0036906,K.Herbert,Khalil Herbert,RB,RB,CHI,0,0,0,0,0,8,16,1,2,2,4,0,8.0,10.0,3
2024,00-0036906,K.Herbert,Khalil Herbert,RB,RB,CIN,0,0,0,0,0,28,114,0,9,8,21,0,13.5,21.5,5
2024,00-0036912,D.Smith,DeVonta Smith,WR,WR,PHI,0,0,0,0,0,1,1,0,89,68,833,8,131.4,199.4,13
2024,00-0036913,K.Toney,Kadarius Toney,WR,WR,CLE,0,0,0,0,0,2,-4,0,1,0,0,0,-0.39999999999999997,-0.39999999999999997,2
2024,00-0036919,K.Gainwell,Kenneth Gainwell,RB,RB,PHI,0,0,0,0,0,75,290,1,22,16,116,0,46.6,62.6,16
2024,00-0036924,M.Carter,Michael Carter,RB,RB,ARI,0,0,0,0,0,35,131,1,11,11,57,0,24.8,35.8,3
2024,00-0036928,K.Trask,Kyle Trask,QB,QB,TB,1,1,5,0,0,5,-4,0,0,0,0,0,-0.2,-0.2,3
2024,00-0036945,J.Fields,Justin Fields,QB,QB,PIT,161,106,1106,5,1,62,289,5,0,0,0,0,119.14,119.14,10
2024,00-0036955,T.Marshall,Terrace Marshall,WR,WR,LV,0,0,0,0,0,0,0,0,6,3,41,0,4.1,7.1,5
2024,00-0036963,A.St. Brown,Amon-Ra St. Brown,WR,WR,DET,1,1,7,1,0,2,6,0,141,115,1263,12,201.18,316.18,17
2024,00-0036970,K.Pitts,Kyle Pitts,TE,TE,ATL,0,0,0,0,0,0,0,0,74,47,602,4,84.2,131.2,17
2024,00-0036971,T.Lawrence,Trevor Lawrence,QB,QB,JAX,284,172,2045,11,7,26,119,3,0,0,0,0,145.7,145.7,10
2024,00-0036972,M.Jones,Mac Jones,QB,QB,JAX,262,171,1672,8,8,28,92,1,0,0,0,0,96.08,96.08,10
2024,00-0036973,T.Etienne,Travis Etienne,RB,RB,JAX,0,0,0,0,0,150,558,2,52,39,254,0,91.2,130.2,15
2024,00-0036980,E.Moore,Elijah Moore,WR,WR,CLE,0,0,0,0,0,1,1,0,102,61,538,1,59.9,120.9,17
2024,00-0036984,T.Sermon,Trey Sermon,RB,RB,IND,0,0,0,0,0,56,159,2,19,16,99,0,37.8,53.800000000000004,14
2024,00-0036988,J.Palmer,Josh Palmer,WR,WR,LAC,0,0,0,0,0,0,0,0,65,39,584,1,68.4,107.4,15
2024,00-0036990,D.Deablo,Divine Deablo,MLB,LB,LV,0,0,0,0,0,0,0,0,1,1,34,0,3.4,4.4,1
2024,00-0036997,J.Williams,Javonte Williams,RB,RB,DEN,0,0,0,0,0,139,513,4,70,52,346,0,105.9,157.9,17
2024,00-0037004,H.Long,Hunter Long,TE,TE,LA,0,0,0,0,0,0,0,0,9,7,60,0,12.0,19.0,7
2024,00-0037005,T.Tremble,Tommy Tremble,TE,TE,CAR,0,0,0,0,0,0,0,0,32,23,234,2,33.4,56.4,10
2024,00-0037012,T.Lance,Trey Lance,QB,QB,DAL,41,25,266,0,1,11,41,0,0,0,0,0,12.74,12.74,4
2024,00-0037077,S.Howell,Sam Howell,QB,QB,SEA,14,5,24,0,1,1,2,0,0,0,0,0,-0.84,-0.84,1
2024,00-0037085,T.Badie,Tyler Badie,RB,RB,DEN,0,0,0,0,0,11,86,0,3,3,-2,0,6.4,9.4,3
2024,00-0037086,G.Calcaterra,Grant Calcaterra,TE,TE,PHI,0,0,0,0,0,0,0,0,30,24,298,1,35.8,59.8,13
2024,00-0037091,B.Melton,Bo Melton,WR,WR,GB,0,0,0,0,0,8,54,0,17,8,91,0,14.5,22.5,11
2024,00-0037093,D.Young,Dareke Young,WR,WR,SEA,0,0,0,0,0,0,0,0,1,0,0,0,0.0,0.0,1
2024,00-0037120,T.Goodson,Tyler Goodson,RB,RB,IND,0,0,0,0,0,32,153,1,15,11,61,1,33.4,44.4,9
2024,00-0037129,J.Blackwell,Josh Blackwell,CB,DB,CHI,0,0,0,0,0,0,0,0,0,0,0,0,6.0,6.0,1
2024,00-0037132,B.Covey,Britain Covey,WR,WR,PHI,0,0,0,0,0,0,0,0,8,7,34,0,3.4,10.4,3
2024,00-0037156,I.Charles,Irvin Charles,WR,WR,NYJ,0,0,0,0,0,0,0,0,1,0,0,0,0.0,0.0,1
2024,00-0037197,I.Pacheco,Isiah Pacheco,RB,RB,KC,0,0,0,0,0,83,310,1,16,12,79,0,44.9,56.900000000000006,7
2024,00-0037207,M.Caliendo,Mike Caliendo,G,OL,KC,0,0,0,0,0,0,0,0,1,1,5,0,0.5,1.5,1
2024,00-0037216,J.Ross,Justyn Ross,WR,WR,KC,0,0,0,0,0,0,0,0,1,0,0,0,0.0,0.0,1
2024,00-0037228,J.Warren,Jaylen Warren,RB,RB,PIT,0,0,0,0,0,120,511,1,47,38,310,0,86.1,124.1,15
2024,00-0037231,K.Austin,Kevin Austin,WR,WR,NO,0,0,0,0,0,1,9,0,22,11,151,0,16.0,27.0,8
2024,00-0037238,D.London,Drake London,WR,WR,ATL,0,0,0,0,0,1,-3,0,158,100,1271,9,180.8,280.8,17
2024,00-0037239,C.Olave,Chris Olave,WR,WR,NO,0,0,0,0,0,1,7,0,44,32,400,1,44.699999999999996,76.7,8
2024,00-0037240,J.Williams,Jameson Williams,WR,WR,DET,0,0,0,0,0,11,61,1,91,58,1001,7,154.2,212.2,15
2024,00-0037243,T.Smith,Tyler Smith,G,OL,DAL,0,0,0,0,0,0,0,0,1,1,0,0,0.0,1.0,1
2024,00-0037247,G.Pickens,George Pickens,WR,WR,PIT,0,0,0,0,0,2,-6,0,103,59,900,3,105.4,164.4,14
2024,00-0037248,J.Cook,James Cook,RB,RB,BUF,0,0,0,0,0,207,1009,16,38,32,258,2,234.7,266.7,16
2024,00-0037252,G.Dulcich,Greg Dulcich,TE,TE,DEN,0,0,0,0,0,0,0,0,12,5,28,0,2.8,7.8,3
2024,00-0037253,M.Jones,Marcus Jones,CB,DB,NE,0,0,0,0,0,1,5,0,1,1,18,0,2.3,3.3,2
2024,00-0037256,R.White,Rachaad White,RB,RB,TB,0,0,0,0,0,144,613,3,57,51,393,6,148.6,199.6,15
2024,00-0037257,D.Bell,David Bell,WR,WR,CLE,0,0,0,0,0,0,0,0,3,3,27,0,2.7,5.7,1
2024,00-0037258,D.Pierce,Dameon Pierce,RB,RB,HOU,0,0,0,0,0,40,293,2,4,2,2,0,41.5,43.5,9
2024,00-0037261,K.Shakir,Khalil Shakir,WR,WR,BUF,0,0,0,0,0,2,4,0,100,76,821,4,106.5,182.5,15
2024,00-0037263,T.Allgeier,Tyler Allgeier,RB,RB,ATL,0,0,0,0,0,137,644,3,13,13,88,0,93.2,106.2,17
2024,00-0037267,J.Ford,Jerome Ford,RB,RB,CLE,0,0,0,0,0,104,565,3,43,37,225,0,97.0,134.0,14
2024,00-0037276,T.Chandler,Ty Chandler,RB,RB,MIN,0,0,0,0,0,56,182,0,6,6,42,0,22.4,28.4,10
2024,00-0037287,V.Lowe,Vederian Lowe,T,OL,NE,0,0,0,0,0,0,0,0,1,1,4,1,6.4,7.4,1
2024,00-0037291,J.Nailor,Jalen Nailor,WR,WR,MIN,0,0,0,0,0,3,-4,0,42,28,414,6,77.0,105.0,15
2024,00-0037292,A.Ogletree,Andrew Ogletree,TE,TE,IND,0,0,0,0,0,0,0,0,14,9,109,1,16.9,25.9,11
2024,00-0037300,M.Woods,Mike Woods,WR,WR,CLE,0,0,0,0,0,0,0,0,17,7,65,0,6.5,13.5,5
2024,00-0037304,C.Heyward,Connor Heyward,TE,TE,PIT,0,0,0,0,0,0,0,0,8,6,40,1,10.0,16.0,5
2024,00-0037306,J.FitzPatrick,John FitzPatrick,TE,TE,GB,0,0,0,0,0,0,0,0,1,1,2,0,0.2,1.2,1
2024,00-0037324,C.Oladokun,Chris Oladokun,QB,QB,KC,0,0,0,0,0,1,5,0,0,0,0,0,0.5,0.5,1
2024,00-0037327,S.Thompson,Skylar Thompson,QB,QB,MIA,33,21,187,0,0,1,4,0,0,0,0,0,7.880000000000001,7.880000000000001,2
2024,00-0037348,T.Conner,Tanner Conner,WR,WR,MIA,0,0,0,0,0,0,0,0,4,3,16,0,1.6,4.6,2
2024,00-0037382,B.Johnson,Brandon Johnson,WR,WR,PIT,0,0,0,0,0,0,0,0,1,1,9,0,0.9,1.9,1
2024,00-0037422,K.Pryor,Kendric Pryor,WR,WR,CIN,0,0,0,0,0,0,0,0,1,1,9,0,0.9,1.9,1
2024,00-0037429,R.Blackshear,Raheem Blackshear,RB,RB,CAR,0,0,0,0,0,15,80,0,0,0,0,0,8.0,8.0,3
2024,00-0037450,T.McAllister,Tyreik McAllister,RB,RB,LV,0,0,0,0,0,2,11,0,0,0,0,0,1.1,1.1,1
2024,00-0037475,S.Smartt,Stone Smartt,TE,TE,LAC,0,0,0,0,0,0,0,0,19,16,208,0,18.8,34.8,7
2024,00-0037487,D.Thompkins,Deven Thompkins,WR,WR,CAR,0,0,0,0,0,2,7,0,4,4,20,0,2.7,6.699999999999999,4
2024,00-0037491,J.Russell,J.J. Russell,ILB,LB,TB,0,0,0,0,0,0,0,0,0,0,0,0,6.0,6.0,1
2024,00-0037509,S.McCormick,Sincere McCormick,RB,RB,LV,0,0,0,0,0,39,183,0,7,6,29,0,21.2,27.200000000000003,4
2024,00-0037524,T.Martin,Tay Martin,WR,WR,TEN,0,0,0,0,0,0,0,0,2,1,49,1,10.9,11.9,1
2024,00-0037525,J.Mason,Jordan Mason,RB,RB,SF,0,0,0,0,0,153,789,3,14,11,91,0,104.0,115.0,12
2024,00-0037539,L.Krull,Lucas Krull,TE,TE,DEN,0,0,0,0,0,0,0,0,23,19,152,0,15.2,34.199999999999996,10
2024,00-0037545,R.Shaheed,Rashid Shaheed,WR,WR,NO,0,0,0,0,0,6,29,0,41,20,349,3,61.8,81.8,6
2024,00-0037557,R.Rivers,Ronnie Rivers,RB,RB,LA,0,0,0,0,0,22,99,0,6,5,34,0,13.299999999999999,18.299999999999997,5
2024,00-0037569,P.Hendershot,Peyton Hendershot,TE,TE,KC,0,0,0,0,0,0,0,0,5,5,51,0,5.1,10.1,4
2024,00-0037578,J.Thomas,Juanyeh Thomas,FS,DB,DAL,0,0,0,0,0,0,0,0,1,1,4,0,6.4,7.4,2
2024,00-0037594,J.Chestnut,Julius Chestnut,RB,RB,TEN,0,0,0,0,0,22,102,0,3,2,11,0,11.3,13.3,7
2024,00-0037609,A.Shampklin,Aaron Shampklin,RB,RB,PIT,0,0,0,0,0,6,17,0,0,0,0,0,1.7,1.7,3
2024,00-0037614,J.Metchie,John Metchie,WR,WR,HOU,0,0,0,0,0,0,0,0,37,24,254,1,31.4,55.4,10
2024,00-0037617,H.Haskins,Hassan Haskins,RB,RB,LAC,0,0,0,0,0,34,89,2,3,3,49,1,29.8,32.8,11
2024,00-0037654,T.Fisk,Tucker Fisk,TE,TE,LAC,0,0,0,0,0,0,0,0,8,7,39,0,3.9,10.9,7
2024,00-0037664,A.Pierce,Alec Pierce,WR,WR,IND,0,0,0,0,0,0,0,0,69,37,824,7,124.39999999999999,161.4,16
2024,00-0037666,J.Tolbert,Jalen Tolbert,WR,WR,DAL,0,0,0,0,0,0,0,0,79,49,610,7,103.0,152.0,17
2024,00-0037740,G.Wilson,Garrett Wilson,WR,WR,NYJ,0,0,0,0,0,2,5,0,153,101,1104,7,150.9,251.9,17
2024,00-0037741,J.Dotson,Jahan Dotson,WR,WR,PHI,0,0,0,0,0,1,13,0,33,19,216,0,22.9,41.9,14
2024,00-0037742,T.Burks,Treylon Burks,WR,WR,TEN,0,0,0,0,0,2,1,0,8,4,34,0,3.5,7.5,5
2024,00-0037744,T.McBride,Trey McBride,TE,TE,ARI,0,0,0,0,0,1,2,1,147,111,1146,2,132.8,243.8,16
2024,00-0037745,V.Jones,Velus Jones,RB,RB,CAR,0,0,0,0,0,1,0,0,0,0,0,0,0.0,0.0,1
2024,00-0037745,V.Jones,Velus Jones,RB,RB,CHI,0,0,0,0,0,2,11,0,1,1,8,0,1.9,2.9,1
2024,00-0037746,B.Robinson,Brian Robinson,RB,RB,WAS,0,0,0,0,0,187,799,8,25,20,159,0,139.8,159.79999999999998,14
2024,00-0037801,K.Turpin,Kavontae Turpin,WR,WR,DAL,0,0,0,0,0,16,92,0,52,31,420,2,73.2,104.2,15
2024,00-0037805,J.Ruckert,Jeremy Ruckert,TE,TE,NYJ,0,0,0,0,0,0,0,0,28,18,105,0,10.5,28.5,13
2024,00-0037809,C.Okonkwo,Chigoziem Okonkwo,TE,TE,TEN,0,0,0,0,0,1,17,0,70,52,479,2,61.6,113.60000000000001,16
2024,00-0037816,R.Doubs,Romeo Doubs,WR,WR,GB,0,0,0,0,0,0,0,0,72,46,601,4,86.1,132.1,13
2024,00-0037827,T.Davis-Price,Tyrion Davis-Price,RB,RB,PHI,0,0,0,0,0,3,7,0,0,0,0,0,0.7,0.7,1
2024,00-0037834,B.Purdy,Brock Purdy,QB,QB,SF,455,300,3864,20,12,66,323,5,0,0,0,0,266.86,266.86,15
2024,00-0037837,C.Austin,Calvin Austin,WR,WR,PIT,0,0,0,0,0,0,0,0,58,36,548,4,84.8,120.8,17
2024,00-0037838,I.Likely,Isaiah Likely,TE,TE,BAL,0,0,0,0,0,0,0,0,58,42,477,6,81.7,123.7,15
2024,00-0037840,K.Williams,Kyren Williams,RB,RB,LA,0,0,0,0,0,316,1299,14,40,34,182,2,238.1,272.1,16
2024,00-0038040,Z.White,Zamir White,RB,RB,LV,0,0,0,0,0,65,183,1,8,6,30,0,23.3,29.3,8
2024,00-0038041,J.Ferguson,Jake Ferguson,TE,TE,DAL,0,0,0,0,0,0,0,0,86,59,494,0,45.4,104.4,14
2024,00-0038046,C.Kolar,Charlie Kolar,TE,TE,BAL,0,0,0,0,0,1,2,0,11,9,131,1,19.3,28.3,7
2024,00-0038090,S.Moore,Skyy Moore,WR,WR,KC,0,0,0,0,0,0,0,0,3,0,0,0,0.0,0.0,2
2024,00-0038092,E.Ezukanma,Erik Ezukanma,WR,WR,MIA,0,0,0,0,0,0,0,0,2,0,0,0,0.0,0.0,1
2024,00-0038098,P.Strong,Pierre Strong,RB,RB,CLE,0,0,0,0,0,26,108,0,22,14,104,0,21.2,35.2,11
2024,00-0038102,K.Pickett,Kenny Pickett,QB,QB,PHI,42,25,291,2,1,9,15,1,0,0,0,0,25.14,25.14,5
2024,00-0038104,T.Thornton,Tyquan Thornton,WR,WR,NE,0,0,0,0,0,0,0,0,8,4,47,0,4.7,8.7,4
2024,00-0038108,B.Zappe,Bailey Zappe,QB,QB,CLE,31,16,170,1,2,2,2,0,0,0,0,0,7.0,7.0,1
2024,00-0038115,D.Bellinger,Daniel Bellinger,TE,TE,NYG,0,0,0,0,0,0,0,0,17,14,125,0,12.5,26.5,7
2024,00-0038117,W.Robinson,Wan'Dale Robinson,WR,WR,NYG,0,0,0,0,0,3,18,0,140,93,699,3,89.7,182.70000000000002,17
2024,00-0038120,B.Hall,Breece Hall,RB,RB,NYJ,0,0,0,0,0,209,876,5,76,57,483,3,183.9,240.9,16
2024,00-0038122,D.Ridder,Desmond Ridder,QB,QB,LV,85,52,458,2,2,9,36,0,0,0,0,0,21.92,21.92,5
2024,00-0038123,D.Belton,Dane Belton,SS,DB,NYG,0,0,0,0,0,1,10,0,0,0,0,0,1.0,1.0,1
2024,00-0038124,C.Watson,Christian Watson,WR,WR,GB,0,0,0,0,0,4,23,0,53,29,620,2,76.3,105.3,14
2024,00-0038128,M.Willis,Malik Willis,QB,QB,GB,54,40,550,3,0,20,138,1,0,0,0,0,51.8,51.8,6
2024,00-0038129,C.Otton,Cade Otton,TE,TE,TB,0,0,0,0,0,1,-4,0,87,59,600,4,81.60000000000001,140.6,14
2024,00-0038134,K.Walker,Kenneth Walker,RB,RB,SEA,0,0,0,0,0,153,573,7,53,46,299,1,135.2,181.2,11
2024,00-0038359,X.Smith,Xavier Smith,WR,WR,LA,0,0,0,0,0,4,36,0,2,2,6,0,4.2,6.2,3
2024,00-0038393,D.Wicks,Dontayvion Wicks,WR,WR,GB,0,0,0,0,0,0,0,0,76,39,415,5,71.5,110.5,17
2024,00-0038394,W.Mallory,Will Mallory,TE,TE,IND,0,0,0,0,0,0,0,0,8,4,29,0,2.9,6.9,7
2024,00-0038396,E.Gray,Eric Gray,RB,RB,NYG,0,0,0,0,0,14,31,0,11,10,82,0,9.3,19.3,10
2024,00-0038400,T.McKee,Tanner McKee,QB,QB,PHI,45,30,323,4,0,5,-1,0,0,0,0,0,28.82,28.82,2
2024,00-0038416,T.Bagent,Tyson Bagent,QB,QB,CHI,2,2,11,0,0,6,-7,0,0,0,0,0,-0.26,-0.26,4
2024,00-0038454,K.Mitchell,Keaton Mitchell,RB,RB,BAL,0,0,0,0,0,15,30,0,1,1,28,0,5.8,6.8,2
2024,00-0038465,M.Heath,Malik Heath,WR,WR,GB,0,0,0,0,0,0,0,0,13,10,97,2,21.7,31.7,5
2024,00-0038476,T.DeVito,Tommy DeVito,QB,QB,NYG,44,31,257,0,0,8,32,0,0,0,0,0,13.48,13.48,2
2024,00-0038477,B.Ford-Wheaton,Bryce Ford-Wheaton,WR,WR,NYG,0,0,0,0,0,0,0,0,0,0,0,0,6.0,6.0,1
2024,00-0038489,B.VanSumeren,Ben VanSumeren,FB,RB,PHI,0,0,0,0,0,0,0,0,1,1,0,0,0.0,1.0,1
2024,00-0038496,X.Gipson,Xavier Gipson,WR,WR,NYJ,0,0,0,0,0,1,5,0,10,6,39,1,10.4,16.4,7
2024,00-0038498,E.Jenkins,E.J. Jenkins,TE,TE,PHI,0,0,0,0,0,0,0,0,2,1,7,1,6.7,7.7,2
2024,00-0038507,G.DuBose,Grant DuBose,WR,WR,MIA,0,0,0,0,0,0,0,0,4,2,11,0,1.1,3.0999999999999996,2
2024,00-0038519,N.Remigio,Nikko Remigio,WR,WR,KC,0,0,0,0,0,0,0,0,6,2,48,0,4.8,6.8,1
2024,00-0038542,B.Robinson,Bijan Robinson,RB,RB,ATL,0,0,0,0,0,304,1456,14,72,61,431,1,280.7,341.7,17
2024,00-0038543,J.Smith-Njigba,Jaxon Smith-Njigba,WR,WR,SEA,1,1,35,0,0,5,26,0,137,100,1130,6,153.0,253.0,17
2024,00-0038544,Q.Johnston,Quentin Johnston,WR,WR,LAC,0,0,0,0,0,3,6,0,91,55,711,8,119.7,174.70000000000002,15
2024,00-0038547,L.Schoonmaker,Luke Schoonmaker,TE,TE,DAL,0,0,0,0,0,0,0,0,36,27,241,1,30.099999999999998,57.1,10
2024,00-0038550,H.Hooker,Hendon Hooker,QB,QB,DET,9,6,62,0,0,5,2,0,0,0,0,0,2.68,2.68,3
2024,00-0038551,K.Miller,Kendre Miller,RB,RB,NO,0,0,0,0,0,39,148,1,8,5,33,0,24.1,29.099999999999998,6
2024,00-0038555,T.Bigsby,Tank Bigsby,RB,RB,JAX,0,0,0,0,0,168,766,7,12,7,54,0,122.0,129.0,15
2024,00-0038558,D.Washington,Darnell Washington,TE,TE,PIT,0,0,0,0,0,0,0,0,25,19,200,1,26.0,45.0,13
2024,00-0038559,M.Wilson,Michael Wilson,WR,WR,ARI,0,0,0,0,0,1,7,0,71,47,548,4,77.5,124.5,16
2024,00-0038563,T.Tucker,Tre Tucker,WR,WR,LV,0,0,0,0,0,9,44,1,81,47,539,3,82.3,129.3,17
2024,00-0038573,D.Davis,Derius Davis,WR,WR,LAC,0,0,0,0,0,12,39,0,17,13,112,2,27.1,40.1,11
2024,00-0038576,C.Jones,Charlie Jones,WR,WR,CIN,0,0,0,0,0,0,0,0,1,1,5,0,6.5,7.5,2
2024,00-0038579,A.O'Connell,Aidan O'Connell,QB,QB,LV,243,154,1612,8,4,21,30,1,0,0,0,0,93.48,93.48,9
2024,00-0038582,C.Tune,Clayton Tune,QB,QB,ARI,2,2,8,0,0,7,-4,0,0,0,0,0,-2.08,-2.08,5
2024,00-0038583,D.Thompson-Robinson,Dorian Thompson-Robinson,QB,QB,CLE,118,61,440,0,6,21,122,0,0,0,0,0,15.799999999999999,15.799999999999999,6
2024,00-0038589,J.Whyle,Josh Whyle,TE,TE,TEN,0,0,0,0,0,0,0,0,37,28,248,1,32.8,60.800000000000004,14
2024,00-0038597,C.Brown,Chase Brown,RB,RB,CIN,0,0,0,0,0,229,990,7,65,54,360,4,201.0,255.0,16
2024,00-0038606,P.Washington,Parker Washington,WR,WR,JAX,0,0,0,0,0,0,0,0,51,32,390,3,65.0,97.0,13
2024,00-0038608,K.Boutte,Kayshon Boutte,WR,WR,NE,0,0,0,0,0,0,0,0,68,43,589,3,78.9,121.9,15
2024,00-0038611,C.Rodriguez,Chris Rodriguez,RB,RB,WAS,0,0,0,0,0,35,173,2,1,1,12,0,30.5,31.5,6
2024,00-0038614,S.Matlock,Scott Matlock,FB,RB,LAC,0,0,0,0,0,0,0,0,5,4,28,0,2.8,6.8,5
2024,00-0038618,X.Hutchinson,Xavier Hutchinson,WR,WR,HOU,0,0,0,0,0,0,0,0,26,12,117,0,11.7,23.7,14
2024,00-0038619,A.Iosivas,Andrei Iosivas,WR,WR,CIN,0,0,0,0,0,0,0,0,61,36,479,6,83.9,119.9,17
2024,00-0038621,D.Douglas,Demario Douglas,WR,WR,NE,0,0,0,0,0,3,16,0,87,66,621,3,81.7,147.7,16
2024,00-0038622,D.Vaughn,Deuce Vaughn,RB,RB,DAL,0,0,0,0,0,17,70,0,5,3,18,0,8.8,11.8,5
2024,00-0038636,K.McIntosh,Kenny McIntosh,RB,RB,SEA,0,0,0,0,0,31,172,0,4,3,22,0,19.4,22.4,7
2024,00-0038640,J.Brooks,Jalen Brooks,WR,WR,DAL,0,0,0,0,0,0,0,0,30,12,177,1,23.7,35.699999999999996,12
2024,00-0038643,B.Willis,Brayden Willis,TE,TE,SF,0,0,0,0,0,0,0,0,2,0,0,0,0.0,0.0,1
2024,00-0038647,R.Bell,Ronnie Bell,WR,WR,SF,0,0,0,0,0,0,0,0,6,2,22,0,2.2,4.2,3
2024,00-0038678,J.Mims,Jordan Mims,RB,RB,NO,0,0,0,0,0,20,70,0,18,12,71,0,14.1,26.099999999999998,7
2024,00-0038679,T.Shavers,Tyrell Shavers,WR,WR,BUF,0,0,0,0,0,0,0,0,1,1,69,1,12.9,13.9,1
2024,00-0038685,C.Brooks,Christopher Brooks,RB,RB,GB,0,0,0,0,0,36,183,1,13,11,69,0,31.2,42.2,11
2024,00-0038705,E.Demercado,Emari Demercado,RB,RB,ARI,0,0,0,0,0,24,223,1,20,16,104,0,38.7,54.699999999999996,13
2024,00-0038710,B.Whiteheart,Blake Whiteheart,TE,TE,CLE,0,0,0,0,0,0,0,0,9,6,51,1,11.1,17.1,7
2024,00-0038720,J.Hill,Julian Hill,TE,TE,MIA,0,0,0,0,0,0,0,0,19,12,100,0,10.0,22.0,11
2024,00-0038738,H.Luepke,Hunter Luepke,FB,RB,DAL,0,0,0,0,0,12,38,0,16,12,111,0,14.9,26.9,13
2024,00-0038752,J.Bobo,Jake Bobo,WR,WR,SEA,0,0,0,0,0,0,0,0,17,13,107,1,16.7,29.7,11
2024,00-0038783,N.Adkins,Nate Adkins,TE,TE,DEN,0,0,0,0,0,0,0,0,15,14,115,3,29.5,43.5,12
2024,00-0038794,J.McLaughlin,Jaleel McLaughlin,RB,RB,DEN,0,0,0,0,0,113,496,1,27,24,76,2,73.2,97.2,16
2024,00-0038797,E.Wilson,Emanuel Wilson,RB,RB,GB,0,0,0,0,0,103,502,4,14,11,48,1,85.0,96.0,17
2024,00-0038809,B.Sims,Ben Sims,TE,TE,GB,0,0,0,0,0,0,0,0,5,4,42,0,4.2,8.2,4
2024,00-0038821,R.Jarrett,Rakim Jarrett,WR,WR,TB,0,0,0,0,0,0,0,0,11,9,124,0,12.4,21.400000000000002,6
2024,00-0038824,R.Miller,Ryan Miller,WR,WR,TB,0,0,0,0,0,0,0,0,20,12,128,2,24.8,36.8,8
2024,00-0038840,B.Tremayne,Brycen Tremayne,WR,WR,WAS,0,0,0,0,0,0,0,0,1,1,-2,0,-0.2,0.8,1
2024,00-0038920,J.Shenker,John Samuel Shenker,TE,TE,LV,0,0,0,0,0,0,0,0,1,1,7,0,0.7,1.7,1
2024,00-0038933,D.Kincaid,Dalton Kincaid,TE,TE,BUF,0,0,0,0,0,0,0,0,75,44,448,2,56.8,100.8,13
2024,00-0038935,B.Strange,Brenton Strange,TE,TE,JAX,0,0,0,0,0,0,0,0,53,40,411,2,51.1,91.1,14
2024,00-0038938,J.Hyatt,Jalin Hyatt,WR,WR,NYG,0,0,0,0,0,0,0,0,19,8,62,0,6.2,14.2,10
2024,00-0038941,T.Scott,Tyler Scott,WR,WR,CHI,0,0,0,0,0,0,0,0,1,1,5,0,0.5,1.5,1
2024,00-0038951,S.Tucker,Sean Tucker,RB,RB,TB,0,0,0,0,0,50,308,2,12,9,109,1,59.7,68.7,11
2024,00-0038976,M.Mims,Marvin Mims,WR,WR,DEN,0,0,0,0,0,13,42,0,52,39,503,6,90.5,129.5,16
2024,00-0038977,T.Dell,Tank Dell,WR,WR,HOU,0,0,0,0,0,9,43,0,81,51,667,3,89.0,140.0,14
2024,00-0038979,C.Tillman,Cedric Tillman,WR,WR,CLE,0,0,0,0,0,1,-5,0,49,29,339,3,51.4,80.4,9
2024,00-0038981,W.Morris,Wanya Morris,T,OL,KC,0,0,0,0,0,0,0,0,1,1,1,1,6.1,7.1,1
2024,00-0038994,J.Addison,Jordan Addison,WR,WR,MIN,0,0,0,0,0,3,20,1,99,63,875,9,149.5,212.5,15
2024,00-0038996,T.Kraft,Tucker Kraft,TE,TE,GB,0,0,0,0,0,3,6,0,70,50,707,7,113.3,163.3,17
2024,00-0038997,J.Downs,Josh Downs,WR,WR,IND,0,0,0,0,0,1,-1,0,107,72,803,5,110.2,182.2,14
2024,00-0038998,J.Haener,Jake Haener,QB,QB,NO,39,18,226,1,1,11,22,0,0,0,0,0,13.24,13.24,8
2024,00-0039021,R.Johnson,Roschon Johnson,RB,RB,CHI,0,0,0,0,0,55,150,6,20,16,104,0,61.4,77.39999999999999,12
2024,00-0039032,T.Spears,Tyjae Spears,RB,RB,TEN,0,0,0,0,0,84,312,4,35,30,224,1,83.6,113.6,12
2024,00-0039040,D.Achane,Devon Achane,RB,RB,MIA,0,0,0,0,0,203,907,6,87,78,592,6,221.9,299.9,17
2024,00-0039041,E.Higgins,Elijah Higgins,TE,TE,ARI,0,0,0,0,0,0,0,0,24,20,172,2,29.2,49.2,14
2024,00-0039050,P.Durham,Payne Durham,TE,TE,TB,0,0,0,0,0,0,0,0,14,11,115,2,23.5,34.5,5
2024,00-0039052,T.Palmer,Trey Palmer,WR,WR,TB,0,0,0,0,0,0,0,0,22,12,172,1,23.2,35.2,10
2024,00-0039062,J.Mingo,Jonathan Mingo,WR,WR,CAR,0,0,0,0,0,2,5,0,26,12,121,0,10.6,22.6,8
2024,00-0039062,J.Mingo,Jonathan Mingo,WR,WR,DAL,0,0,0,0,0,0,0,0,16,5,46,0,4.6,9.600000000000001,6
2024,00-0039064,Z.Flowers,Zay Flowers,WR,WR,BAL,0,0,0,0,0,9,56,0,116,74,1059,4,135.5,209.5,17
2024,00-0039065,S.LaPorta,Sam LaPorta,TE,TE,DET,0,0,0,0,0,0,0,0,83,60,726,7,114.6,174.6,16
2024,00-0039066,M.Mayer,Michael Mayer,TE,TE,LV,0,0,0,0,0,0,0,0,32,21,156,0,15.6,36.6,11
2024,00-0039067,R.Rice,Rashee Rice,WR,WR,KC,0,0,0,0,0,1,1,0,29,24,288,2,40.900000000000006,64.9,3
2024,00-0039074,D.Allen,Davis Allen,TE,TE,LA,0,0,0,0,0,0,0,0,13,6,39,0,3.9,9.9,6
2024,00-0039075,P.Nacua,Puka Nacua,WR,WR,LA,0,0,0,0,0,11,46,1,106,79,990,3,127.6,206.6,11
2024,00-0039139,J.Gibbs,Jahmyr Gibbs,RB,RB,DET,0,0,0,0,0,250,1412,16,63,52,497,3,302.9,354.9,17
2024,00-0039144,L.Musgrave,Luke Musgrave,TE,TE,GB,0,0,0,0,0,0,0,0,10,7,45,0,4.5,11.5,7
2024,00-0039146,J.Reed,Jayden Reed,WR,WR,GB,0,0,0,0,0,20,163,1,75,55,857,6,142.0,197.0,17
2024,00-0039150,B.Young,Bryce Young,QB,QB,CAR,384,234,2403,15,9,43,249,6,0,0,0,0,195.02,195.02,14
2024,00-0039152,W.Levis,Will Levis,QB,QB,TEN,301,190,2091,13,12,45,183,0,0,0,0,0,119.94,119.94,12
2024,00-0039163,C.Stroud,C.J. Stroud,QB,QB,HOU,532,336,3727,20,12,52,233,0,1,0,0,0,220.38,220.38,17
2024,00-0039164,A.Richardson,Anthony Richardson,QB,QB,IND,264,126,1814,8,12,86,499,6,1,1,-1,0,162.35999999999999,163.35999999999999,11
2024,00-0039165,Z.Charbonnet,Zach Charbonnet,RB,RB,SEA,0,0,0,0,0,135,569,8,52,42,308,1,141.7,183.7,17
2024,00-0039236,J.Wilson,Johnny Wilson,WR,WR,PHI,0,0,0,0,0,0,0,0,15,5,38,1,9.8,14.8,9
2024,00-0039244,C.Collier,Chris Collier,RB,RB,LV,0,0,0,0,0,5,12,0,2,1,-4,0,0.8,1.7999999999999998,2
2024,00-0039299,G.Holani,George Holani,RB,RB,SEA,0,0,0,0,0,3,10,0,1,1,-1,0,0.9,1.9,2
2024,00-0039316,B.Cupp,Baylor Cupp,TE,TE,KC,0,0,0,0,0,0,0,0,1,0,0,0,0.0,0.0,1
2024,00-0039325,C.Steele,Carson Steele,RB,RB,KC,0,0,0,0,0,56,183,0,11,7,26,0,16.9,23.9,12
2024,00-0039337,M.Nabers,Malik Nabers,WR,WR,NYG,1,0,0,0,0,5,2,0,170,109,1204,7,164.6,273.6,15
2024,00-0039338,B.Bowers,Brock Bowers,TE,TE,LV,0,0,0,0,0,5,13,0,153,112,1194,5,150.7,262.7,17
2024,00-0039342,X.Legette,Xavier Legette,WR,WR,CAR,0,0,0,0,0,6,24,0,84,49,497,4,76.1,125.10000000000001,15
2024,00-0039344,J.Brooks,Jonathon Brooks,RB,RB,CAR,0,0,0,0,0,9,22,0,3,3,23,0,4.5,7.5,3
2024,00-0039355,L.McCaffrey,Luke McCaffrey,WR,WR,WAS,0,0,0,0,0,0,0,0,24,18,168,0,16.8,34.8,12
2024,00-0039356,J.Sanders,Ja'Tavion Sanders,TE,TE,CAR,0,0,0,0,0,0,0,0,43,33,342,1,40.2,73.2,15
2024,00-0039359,C.Stover,Cade Stover,TE,TE,HOU,0,0,0,0,0,0,0,0,22,15,133,1,19.3,34.3,13
2024,00-0039361,B.Irving,Bucky Irving,RB,RB,TB,0,0,0,0,0,207,1122,8,52,47,392,0,197.4,244.4,17
2024,00-0039363,I.Guerendo,Isaac Guerendo,RB,RB,SF,0,0,0,0,0,84,420,4,16,15,152,0,81.2,96.2,13
2024,00-0039364,S.Vaki,Sione Vaki,RB,RB,DET,0,0,0,0,0,6,14,0,3,3,37,0,5.1,8.1,4
2024,00-0039365,J.Cowing,Jacob Cowing,WR,WR,SF,0,0,0,0,0,1,7,0,6,4,80,0,8.7,12.7,3
2024,00-0039373,A.Estime,Audric Estime,RB,RB,DEN,0,0,0,0,0,76,310,2,5,5,27,0,43.7,48.7,13
2024,00-0039376,S.Rattler,Spencer Rattler,QB,QB,NO,228,130,1317,4,5,18,146,0,0,0,0,0,67.28,67.28,7
2024,00-0039379,J.Thrash,Jamari Thrash,WR,WR,CLE,0,0,0,0,0,0,0,0,7,3,22,0,2.2,5.2,6
2024,00-0039384,T.Tracy,Tyrone Tracy,RB,RB,NYG,0,0,0,0,0,192,839,5,53,38,284,1,144.3,182.3,17
2024,00-0039386,B.Means,Bub Means,WR,WR,NO,0,0,0,0,0,0,0,0,15,9,118,1,17.8,26.8,4
2024,00-0039391,K.Vidal,Kimani Vidal,RB,RB,LAC,0,0,0,0,0,43,155,0,9,5,62,1,27.7,32.7,9
2024,00-0039392,J.Jackson,Jha'Quan Jackson,WR,WR,TEN,0,0,0,0,0,1,-5,0,3,1,8,0,0.3,1.3,2
2024,00-0039393,J.McClellan,Jase McClellan,RB,RB,ATL,0,0,0,0,0,13,32,0,0,0,0,0,3.2,3.2,2
2024,00-0039394,C.Washington,Casey Washington,WR,WR,ATL,0,0,0,0,0,0,0,0,2,1,14,0,1.4,2.4,2
2024,00-0039398,J.Milton,Joe Milton,QB,QB,NE,29,22,241,1,0,10,16,1,0,0,0,0,19.24,19.24,1
2024,00-0039407,D.Laube,Dylan Laube,RB,RB,LV,0,0,0,0,0,1,0,0,0,0,0,0,-2.0,-2.0,1
2024,00-0039410,R.Flournoy,Ryan Flournoy,WR,WR,DAL,0,0,0,0,0,0,0,0,14,10,102,0,8.2,18.2,7
2024,00-0039420,J.Bell,Jaheim Bell,TE,TE,NE,0,0,0,0,0,0,0,0,3,2,20,0,2.0,4.0,3
2024,00-0039424,D.Vele,Devaughn Vele,WR,WR,DEN,0,0,0,0,0,0,0,0,55,41,475,3,65.5,106.5,13
2024,00-0039451,I.Williams,Isaiah Williams,WR,WR,DET,0,0,0,0,0,0,0,0,3,2,6,0,0.6,2.6,1
2024,00-0039458,B.Bates,Brenden Bates,TE,TE,CLE,0,0,0,0,0,0,0,0,1,0,0,0,0.0,0.0,1
2024,00-0039491,J.Coker,Jalen Coker,WR,WR,CAR,1,1,19,0,0,0,0,0,46,32,478,2,60.56,92.56,11
2024,00-0039521,X.Weaver,Xavier Weaver,WR,WR,ARI,0,0,0,0,0,0,0,0,2,0,0,0,0.0,0.0,2
2024,00-0039530,B.Spann-Ford,Brevyn Spann-Ford,TE,TE,DAL,0,0,0,0,0,0,0,0,14,9,88,0,8.8,17.8,6
2024,00-0039543,R.Keyton,Ramel Keyton,WR,WR,LV,0,0,0,0,0,0,0,0,3,1,7,0,0.7,1.7,2
2024,00-0039573,B.Watson,Blake Watson,RB,RB,DEN,0,0,0,0,0,4,10,0,2,1,13,0,2.3,3.3,1
2024,00-0039589,K.Johnson,Kameron Johnson,WR,WR,TB,0,0,0,0,0,2,11,0,1,0,0,0,1.1,1.1,3
2024,00-0039603,B.Brooks,British Brooks,RB,RB,HOU,0,0,0,0,0,1,2,0,0,0,0,0,0.2,0.2,1
2024,00-0039611,M.Hayball,Matthew Hayball,P,SPEC,NO,0,0,0,0,0,1,11,0,0,0,0,0,1.1,1.1,1
2024,00-0039613,D.Holker,Dallin Holker,TE,TE,NO,0,0,0,0,0,0,0,0,4,3,21,0,2.1,5.1,2
2024,00-0039614,J.Jackson,Jermaine Jackson,WR,WR,NO,0,0,0,0,0,1,-1,0,0,0,0,0,-0.1,-0.1,1
2024,00-0039617,J.Kibodi,Jacob Kibodi,RB,RB,CLE,0,0,0,0,0,5,24,0,3,1,15,0,3.9,4.9,1
2024,00-0039623,M.Tipton,Mason Tipton,WR,WR,NO,0,0,0,0,0,0,0,0,26,14,99,0,9.9,23.9,9
2024,00-0039631,C.Grandy,Cam Grandy,TE,TE,CIN,0,0,0,0,0,0,0,0,5,5,28,0,2.8,7.8,4
2024,00-0039648,D.Martin-Robinson,David Martin-Robinson,TE,TE,TEN,0,0,0,0,0,0,0,0,2,1,6,0,0.6,1.6,2
2024,00-0039650,B.Oliver,Bryce Oliver,WR,WR,TEN,0,0,0,0,0,0,0,0,9,6,95,0,9.5,15.5,5
2024,00-0039692,D.Pettus,Dell Pettus,FS,DB,NE,0,0,0,0,0,1,2,0,0,0,0,0,0.2,0.2,1
2024,00-0039703,C.Schrader,Cody Schrader,RB,RB,LA,0,0,0,0,0,1,3,0,1,1,6,0,0.9,1.9,1
2024,00-0039731,J.Latham,J.C. Latham,T,OL,TEN,0,0,0,0,0,0,0,0,1,1,0,0,0.0,1.0,1
2024,00-0039732,B.Nix,Bo Nix,QB,QB,DEN,567,376,3775,29,12,92,430,4,1,1,2,1,316.2,317.2,17
2024,00-0039737,T.Reiman,Tip Reiman,TE,TE,ARI,0,0,0,0,0,0,0,0,7,6,37,0,3.7,9.7,5
2024,00-0039738,B.Corum,Blake Corum,RB,RB,LA,0,0,0,0,0,58,207,0,8,7,58,0,26.5,33.5,14
2024,00-0039746,W.Shipley,Will Shipley,RB,RB,PHI,0,0,0,0,0,30,82,0,4,4,35,0,11.7,15.7,5
2024,00-0039747,A.Smith,Ainias Smith,WR,WR,PHI,0,0,0,0,0,2,6,0,9,7,41,1,10.700000000000001,17.7,3
2024,00-0039751,J.Whittington,Jordan Whittington,WR,WR,LA,0,0,0,0,0,2,12,0,28,22,293,0,30.5,52.5,6
2024,00-0039754,D.Culp,Devin Culp,TE,TE,TB,0,0,0,0,0,0,0,0,6,5,88,0,8.8,13.799999999999999,2
2024,00-0039757,T.Jennings,Terrell Jennings,RB,RB,NE,0,0,0,0,0,13,33,0,1,0,0,0,3.3,3.3,2
2024,00-0039792,D.Walker,Devontez Walker,WR,WR,BAL,0,0,0,0,0,0,0,0,3,1,21,1,8.1,9.1,2
2024,00-0039793,A.Barner,A.J. Barner,TE,TE,SEA,0,0,0,0,0,0,0,0,38,30,245,4,48.5,78.5,14
2024,00-0039794,B.Allen,Braelon Allen,RB,RB,NYJ,0,0,0,0,0,92,334,2,27,19,148,1,66.2,85.2,17
2024,00-0039796,R.Ali,Rasheen Ali,RB,RB,BAL,0,0,0,0,0,10,31,0,2,0,0,0,3.1,3.1,4
2024,00-0039798,I.Davis,Isaiah Davis,RB,RB,NYJ,0,0,0,0,0,30,174,1,12,9,75,1,36.9,45.9,9
2024,00-0039810,J.Burton,Jermaine Burton,WR,WR,CIN,0,0,0,0,0,0,0,0,14,4,107,0,10.7,14.7,4
2024,00-0039811,M.Lloyd,MarShawn Lloyd,RB,RB,GB,0,0,0,0,0,6,15,0,1,1,3,0,1.8,2.8,1
2024,00-0039814,E.All,Erick All,TE,TE,CIN,0,0,0,0,0,0,0,0,22,20,158,0,15.8,35.8,8
2024,00-0039816,A.Gould,Anthony Gould,WR,WR,IND,0,0,0,0,0,0,0,0,1,1,23,0,2.3,3.3,1
2024,00-0039824,J.Wiley,Jared Wiley,TE,TE,KC,0,0,0,0,0,0,0,0,1,1,7,0,0.7,1.7,1
2024,00-0039825,J.Hicks,Jaden Hicks,SS,DB,KC,0,0,0,0,0,1,1,0,0,0,0,0,0.1,0.1,1
2024,00-0039847,T.Johnson,Theo Johnson,TE,TE,NYG,0,0,0,0,0,0,0,0,43,29,331,1,39.1,68.1,10
2024,00-0039849,M.Harrison,Marvin Harrison,WR,WR,ARI,0,0,0,0,0,0,0,0,116,62,885,8,134.5,196.5,17
2024,00-0039851,D.Maye,Drake Maye,QB,QB,NE,338,225,2276,15,10,54,421,2,0,0,0,0,177.14000000000001,177.14000000000001,13
2024,00-0039853,J.Baker,Javon Baker,WR,WR,NE,0,0,0,0,0,0,0,0,4,1,12,0,1.2,2.2,4
2024,00-0039855,J.McMillan,Jalen McMillan,WR,WR,TB,0,0,0,0,0,4,43,0,58,37,461,8,98.4,135.4,13
2024,00-0039868,T.Franklin,Troy Franklin,WR,WR,DEN,0,0,0,0,0,2,8,0,53,28,263,2,39.1,67.1,16
2024,00-0039874,J.Wright,Jaylen Wright,RB,RB,MIA,0,0,0,0,0,68,249,0,6,3,8,0,23.7,26.7,13
2024,00-0039875,R.Davis,Ray Davis,RB,RB,BUF,0,0,0,0,0,113,442,3,19,17,189,3,99.1,116.1,16
2024,00-0039880,M.Washington,Malik Washington,WR,WR,MIA,0,0,0,0,0,5,25,1,36,26,223,0,30.8,56.8,12
2024,00-0039890,A.Mitchell,Adonai Mitchell,WR,WR,IND,1,1,24,0,0,4,6,0,55,23,312,0,30.76,53.76,17
2024,00-0039893,B.Thomas,Brian Thomas,WR,WR,JAX,0,0,0,0,0,6,48,0,133,87,1282,10,197.0,284.0,17
2024,00-0039894,X.Worthy,Xavier Worthy,WR,WR,KC,0,0,0,0,0,20,104,3,98,59,638,6,128.2,187.2,16
2024,00-0039901,K.Coleman,Keon Coleman,WR,WR,BUF,0,0,0,0,0,1,9,0,57,29,556,4,82.5,111.5,13
2024,00-0039907,J.Polk,Ja'Lynn Polk,WR,WR,NE,0,0,0,0,0,1,0,0,33,12,87,2,20.7,32.699999999999996,13
2024,00-0039910,J.Daniels,Jayden Daniels,QB,QB,WAS,480,331,3568,25,9,148,891,6,0,0,0,0,355.82,355.82,17
2024,00-0039912,B.Sinnott,Ben Sinnott,TE,TE,WAS,0,0,0,0,0,0,0,0,5,5,28,1,8.799999999999999,13.8,4
2024,00-0039915,L.McConkey,Ladd McConkey,WR,WR,LAC,0,0,0,0,0,0,0,0,112,82,1149,7,158.9,240.9,16
2024,00-0039916,R.Pearsall,Ricky Pearsall,WR,WR,SF,1,0,0,0,0,3,45,0,46,31,400,3,62.5,93.5,10
2024,00-0039917,M.Penix,Michael Penix,QB,QB,ATL,105,61,775,3,3,7,11,1,0,0,0,0,44.1,44.1,5
2024,00-0039918,C.Williams,Caleb Williams,QB,QB,CHI,562,351,3541,20,6,81,489,0,0,0,0,0,254.54,254.54,17
2024,00-0039919,R.Odunze,Rome Odunze,WR,WR,CHI,0,0,0,0,0,3,15,0,101,54,734,3,90.89999999999999,144.9,17
2024,00-0039920,M.Corley,Malachi Corley,WR,WR,NYJ,0,0,0,0,0,2,26,0,6,3,16,0,4.2,7.2,5
2024,00-0039921,T.Benson,Trey Benson,RB,RB,ARI,0,0,0,0,0,63,291,1,6,6,59,0,41.0,47.0,12
