full_name,position,team,annual_salary,annual_guaranteed
Aaron Rodgers,QB,PIT,22500000,22000000
Nick Folk,K,ATL,4500000,2000000
J.J. Jansen,LS,CAR,1487500,1262500
Joe Flacco,QB,CIN,6000000,4000000
Calais Campbell,DL,BAL,885000,442500
Josh Johnson,QB,CIN,885000,442500
Matthew Stafford,QB,LA,885000,442500
Jon Weeks,LS,SF,1300000,0
Morgan Cox,LS,TEN,1487500,1262500
Trent Williams,OL,SF,885000,442500
Von Miller,LB,DAL,885000,442500
Cameron Jordan,LB,NO,885000,442500
Cameron Heyward,DL,PIT,885000,442500
Andy Dalton,QB,PHI,3500000,3500000
Tyrod Taylor,QB,GB,2500000,700000
Nick Bellore,LB,WAS,885000,442500
Josh Harris,LS,LAC,1815000,1815000
Case Keenum,QB,CHI,2750000,1450000
Kirk Cousins,QB,LV,11300000,11300000
Harrison Smith,DB,MIN,885000,442500
Demario Davis,LB,NYJ,11000000,7500000
Greg Van Roten,OL,NE,885000,442500
Bryan Anger,P,DAL,3200000,1650000
Andrew DePaola,LS,MIN,1725000,1725000
Kyle Juszczyk,RB,SF,885000,442500
Adam Thielen,WR,MIN,885000,442500
John Jenkins,DL,BAL,885000,442500
Sam Martin,P,CAR,1875000,1000000
David Quessenberry,OL,LA,885000,442500
Tress Way,P,WAS,3037500,3012500
Keenan Allen,WR,IND,3320000,2810000
Tony Jefferson,DB,LAC,885000,442500
Travis Kelce,TE,KC,12000000,12000000
Lane Johnson,OL,PHI,885000,442500
Geno Smith,QB,NYJ,3300000,3300000
James Winchester,LS,KC,1700000,1700000
Casey Kreiter,LS,ARI,1487500,1262500
Khalil Mack,LB,LAC,885000,442500
Chris Boswell,K,PIT,7000000,2625000
Tyler Ott,LS,WAS,1463333,536667
Cairo Santos,K,CHI,3900000,845833
Odell Beckham Jr.,WR,NYG,1300000,0
Teddy Bridgewater,QB,DET,885000,442500
Shelby Harris,DL,NYG,885000,442500
Jake Matthews,OL,ATL,885000,442500
Morgan Moses,OL,NE,885000,442500
Kyle Van Noy,LB,MIN,885000,442500
Jadeveon Clowney,DL,HOU,885000,442500
Davante Adams,WR,LA,22000000,13000000
Aaron Donald,DL,LA,885000,442500
Mike Evans,WR,SF,14166667,4766667
DeMarcus Lawrence,LB,SEA,885000,442500
Chris Manhertz,TE,NYG,1487500,262500
Jason Myers,K,SEA,5275000,2166250
Jameis Winston,QB,NYG,6500000,6120000
Shaq Thompson,LB,BUF,885000,442500
Danielle Hunter,DL,HOU,885000,442500
Za'Darius Smith,LB,ATL,885000,442500
Grady Jarrett,DL,CHI,885000,442500
Stefon Diggs,WR,WAS,8000000,7150000
Michael Burton,RB,CLE,885000,442500
Darren Waller,TE,CAR,1300000,0
Bobby Hart,OL,SEA,885000,442500
Alex Singleton,LB,DEN,7500000,5500000
Kendall Lamm,OL,BAL,885000,442500
Leonard Williams,DL,SEA,885000,442500
Rakeem Nunez-Roches,DL,TB,885000,442500
Dante Fowler Jr.,LB,SEA,885000,442500
Bradley Pinion,P,MIA,1487500,1262500
Trent Brown,OL,HOU,885000,442500
Denzel Perryman,LB,LAC,2790000,500000
Ameer Abdullah,RB,JAX,1300000,0
Bud Dupree,LB,LAC,885000,442500
Arik Armstead,DL,JAX,885000,442500
D.J. Humphries,OL,WAS,885000,442500
Joe Cardona,LS,LA,1725000,1025000
Laken Tomlinson,OL,DAL,885000,442500
Mario Edwards,DL,HOU,885000,442500
Marcus Mariota,QB,WAS,7000000,6390000
DeForest Buckner,DL,IND,885000,442500
Laremy Tunsil,OL,WAS,885000,442500
Jarran Reed,DL,SEA,885000,442500
Joe Thuney,OL,CHI,885000,442500
Austin Hooper,TE,ATL,3250000,2740000
Nick Vannett,TE,BAL,885000,442500
Chris Moore,WR,BAL,885000,442500
Miles Killebrew,DB,TB,885000,442500
DJ Reader,DL,NYG,885000,442500
Ted Karras,OL,CIN,885000,442500
Kalif Raymond,WR,CHI,3500000,3000000
Reid Ferguson,LS,BUF,1625000,591250
Wil Lutz,K,DEN,5366667,2570555
Jonathan Jones,DB,PHI,885000,442500
Roy Robertson-Harris,DL,NYG,885000,442500
Jake Brendel,OL,SF,885000,442500
Ka'imi Fairbairn,K,HOU,6640000,5830000
Luke Rhodes,LS,IND,1616250,625000
Sheldon Rankins,DL,HOU,885000,442500
Chris Jones,DL,KC,885000,442500
Derrick Henry,RB,BAL,15000000,12500000
Demarcus Robinson,WR,SF,4000000,3000000
A'Shawn Robinson,DL,TB,885000,442500
C.J. Ham,RB,MIN,885000,442500
Riley Dixon,P,TB,3000000,1500000
Carson Wentz,QB,MIN,3000000,2645000
Laquon Treadwell,WR,IND,1487500,437500
Isaac Seumalo,OL,ARI,885000,442500
Ronnie Stanley,OL,BAL,885000,442500
Eric Murray,DB,JAX,885000,442500
Jihad Ward,LB,MIN,885000,442500
David Onyemata,DL,NYJ,885000,442500
Jalen Ramsey,DB,PIT,885000,442500
Zach Wood,LS,NO,1577500,575000
Andrew Billings,DL,ARI,885000,442500
Emmanuel Ogbah,DL,KC,885000,442500
Dak Prescott,QB,DAL,60000000,32250000
Hunter Henry,TE,NE,8000000,7250000
Jonathan Bullard,DL,DAL,885000,442500
Jared Goff,QB,DET,53000000,28402958
Javon Hargrave,DL,GB,885000,442500
Tyler Higbee,TE,LA,3000000,2000000
Jacoby Brissett,QB,ARI,15500000,15500000
Kenny Clark,DL,DAL,885000,442500
Maliek Collins,DL,CLE,885000,442500
Kevin Byard,DB,NE,885000,442500
Mo Alie-Cox,TE,IND,2687500,2187500
Johnny Mundt,TE,PHI,1500000,750000
Thomas Hennessy,LS,NYJ,1492500,488750
Rigoberto Sanchez,P,IND,3500000,1250000
Christian McCaffrey,RB,SF,19000000,12000000
Marlon Humphrey,DB,BAL,885000,442500
Taylor Moton,OL,CAR,885000,442500
George Kittle,TE,SF,19100000,8750000
Jermaine Eluemunor,OL,NYG,885000,442500
Aaron Jones,RB,MIN,5560000,5000000
Chuck Clark,DB,DET,885000,442500
D.J. Jones,DL,DEN,885000,442500
Harrison Butker,K,KC,6400000,3750000
Kendrick Bourne,WR,ARI,5000000,3250000
Nick Mullens,QB,JAX,885000,442500
Eric Wilson,LB,MIN,7500000,4166667
Josh Tupou,DL,NYG,885000,442500
Tim Patrick,WR,NYJ,2000000,1000000
Patrick Ricard,RB,NYG,885000,442500
Adam Butler,DL,LV,885000,442500
Pharaoh Brown,TE,IND,885000,442500
Jonathan Allen,DL,CIN,885000,442500
Samaje Perine,RB,CIN,1800000,200000
Deshaun Watson,QB,CLE,46000000,46000000
Garett Bolles,OL,DEN,885000,442500
Dalvin Tomlinson,DL,LAC,885000,442500
Chidobe Awuzie,DB,BAL,885000,442500
Rasul Douglas,DB,WAS,885000,442500
James Conner,RB,ARI,3000000,2100000
Mack Hollins,WR,NE,4200000,1750000
Eric Saubert,TE,SEA,2500000,788888
Xavier Woods,DB,CHI,885000,442500
David Moore,WR,CAR,885000,442500
Cooper Rush,QB,ATL,1300000,0
Elijah Wilkinson,OL,ARI,885000,442500
Cameron Johnston,P,PIT,1300000,0
Storm Norton,OL,ATL,885000,442500
Robert Tonyan,TE,PIT,1300000,0
Ahkello Witherspoon,DB,WAS,885000,442500
Jake Elliott,K,PHI,5666667,1666667
Corey Levin,OL,ATL,885000,442500
Andrew Wylie,OL,WAS,885000,442500
Dare Ogunbowale,RB,LV,885000,442500
Jonnu Smith,TE,GB,2000000,350000
Davon Godchaux,DL,NO,885000,442500
Myles Garrett,LB,LA,885000,442500
Mitchell Trubisky,QB,TEN,5250000,3412500
Solomon Thomas,DL,TEN,885000,442500
Jamal Adams,LB,MIN,1410000,60000
Patrick Mahomes,QB,KC,64000000,13650000
Derek Barnett,DL,CLE,885000,442500
Malik Hooker,DB,DAL,885000,442500
Evan Engram,TE,DEN,11500000,8250000
David Njoku,TE,LAC,3000000,850000
T.J. Watt,LB,PIT,885000,442500
Budda Baker,DB,ARI,885000,442500
Ethan Pocic,OL,BAL,885000,442500
Tanoh Kpassagnon,DL,TEN,885000,442500
Dion Dawkins,OL,BUF,885000,442500
Alvin Kamara,RB,NO,6000000,3500000
Cooper Kupp,WR,SEA,15000000,5833333
Dan Feeney,OL,TB,885000,442500
Alex Anzalone,LB,TB,8500000,6000000
Fabian Moreau,DB,WAS,885000,442500
Chris Godwin Jr.,WR,TB,885000,442500
Jourdan Lewis,DB,JAX,885000,442500
Trey Hendrickson,LB,BAL,885000,442500
Rayshawn Jenkins,DB,PIT,885000,442500
Samson Ebukam,DL,ATL,885000,442500
Deatrich Wise,DL,WAS,885000,442500
Joshua Dobbs,QB,DET,1425000,475000
Grover Stewart,DL,IND,885000,442500
Jeremy McNichols,RB,WAS,1487500,562500
Al-Quadin Muhammad,LB,TB,885000,442500
Christian Kuntz,LS,PIT,1225000,108333
Scott Daly,LS,GB,885000,442500
George Odum,DB,HOU,885000,442500
Austin Schlottmann,OL,TEN,885000,442500
Coleman Shelton,OL,LA,885000,442500
Brian O'Neill,OL,MIN,885000,442500
Michael Dickson,P,SEA,4050000,1875000
Daniel Carlson,K,NO,1487500,0
J.K. Scott,P,LAC,2350000,0
Jacob Martin,DL,TEN,885000,442500
Eddy Pineiro,K,SF,4250000,2000000
Trent Sieg,LS,DAL,1483333,601667
Poona Ford,DL,LA,885000,442500
Elijah Campbell,DB,NYG,885000,442500
Austin Corbett,OL,BUF,885000,442500
Jalyn Holmes,DL,TEN,885000,442500
Tyler Conklin,TE,DET,1300000,0
Foley Fatukasi,DL,LV,885000,442500
DeShon Elliott,DB,PIT,885000,442500
Tremon Smith,DB,HOU,885000,442500
Zach Sieler,DL,MIA,885000,442500
Frankie Luvu,LB,WAS,885000,442500
Kentavius Street,DL,CHI,885000,442500
Daron Payne,DL,WAS,885000,442500
Quenton Nelson,OL,IND,885000,442500
Marcus Davenport,DL,CHI,885000,442500
Courtland Sutton,WR,DEN,23000000,10000000
Uchenna Nwosu,LB,SEA,885000,442500
Dallas Goedert,TE,PHI,7000000,7000000
M.J. Stewart,DB,HOU,885000,442500
Donte Jackson,DB,LAC,885000,442500
Isaiah Oliver,DB,TEN,885000,442500
Justin Reid,DB,NO,885000,442500
Ian Thomas,TE,LV,1615000,612500
Da'Shawn Hand,DL,ATL,885000,442500
Dorance Armstrong,LB,WAS,885000,442500
Taron Johnson,DB,LV,885000,442500
Avonte Maddox,DB,DET,885000,442500
Josh Sweat,LB,ARI,885000,442500
Dalton Schultz,TE,HOU,12600000,17600000
D.J. Reed,DB,DET,885000,442500
Siran Neal,DB,SF,885000,442500
Tim Settle,DL,WAS,885000,442500
Wyatt Teller,OL,HOU,885000,442500
Ray-Ray McCloud,WR,CHI,885000,442500
Foye Oluokun,LB,JAX,885000,442500
Matt Pryor,OL,ARI,885000,442500
Braxton Berrios,WR,NYG,885000,442500
Jordan Mailata,OL,PHI,885000,442500
Zaire Franklin,LB,GB,9005000,1875000
Logan Cooke,P,JAX,4000000,2250000
Jalen Davis,DB,CIN,885000,442500
Jeremy Reaves,DB,WAS,885000,442500
Dennis Gardeck,LB,JAX,3250000,1575000
Jonathan Owens,DB,IND,885000,442500
Trent Sherfield,WR,BUF,885000,442500
Tavierre Thomas,DB,MIN,885000,442500
Evan Brown,OL,HOU,885000,442500
Trent Scott,OL,WAS,885000,442500
Charvarius Ward,DB,IND,885000,442500
Kyle Allen,QB,BUF,2050000,900000
Tanner Hudson,TE,CIN,885000,442500
Mike Ford,DB,ATL,885000,442500
Matt Dickerson,DL,JAX,885000,442500
Aaron Stinnie,OL,NYG,885000,442500
Tremaine Edmunds,LB,NYG,12000000,7900000
Jessie Bates,DB,ATL,885000,442500
Robert Spillane,LB,NE,11000000,6866667
Corey Bojorquez,P,CLE,2000000,937500
Orlando Brown,OL,CIN,885000,442500
Mark Andrews,TE,BAL,13089000,6981481
Oren Burks,LB,CIN,2500000,375000
Kolton Miller,OL,LV,885000,442500
Nathan Shepherd,DL,NO,885000,442500
Chukwuma Okorafor,OL,NYJ,885000,442500
Mason Rudolph,QB,PIT,3750000,1500000
Vita Vea,DL,TB,885000,442500
Christian Kirk,WR,SF,3000000,2780000
Carlton Davis III,DB,NE,885000,442500
Ronnie Harrison,LB,MIA,885000,442500
Isaac Yiadom,DB,WAS,885000,442500
Harrison Phillips,DL,NYJ,885000,442500
Minkah Fitzpatrick,DB,NYJ,885000,442500
Derwin James,DB,LAC,885000,442500
Jason Sanders,K,NYJ,885000,442500
Lamar Jackson,QB,BAL,52000000,27000000
Durham Smythe,TE,BAL,3000000,2000000
B.J. Hill,DL,CIN,885000,442500
Josh Woods,LB,ATL,1300000,0
John Franklin-Myers,DL,TEN,885000,442500
Ogbo Okoronkwo,DL,SF,885000,442500
Sebastian Joseph-Day,DL,PIT,885000,442500
Fred Warner,LB,SF,21000000,6050000
Geron Christian,OL,JAX,885000,442500
Arden Key,DL,IND,885000,442500
DJ Moore,WR,BUF,885000,442500
Harold Landry III,LB,NE,885000,442500
Mike Gesicki,TE,CIN,8500000,2166667
Bradley Chubb,LB,BUF,885000,442500
Braden Smith,OL,HOU,885000,442500
Calvin Ridley,WR,TEN,17625000,6245000
Mike Hughes,DB,ATL,885000,442500
Saquon Barkley,RB,PHI,20600000,18000000
Mike McGlinchey,OL,DEN,885000,442500
KhaDarel Hodge,WR,SF,885000,442500
Baker Mayfield,QB,TB,55000000,23333333
Denzel Ward,DB,CLE,885000,442500
Josh Allen,QB,BUF,55000000,24500000
Sam Darnold,QB,SEA,33500000,12500000
Roquan Smith,LB,BAL,20000000,9000000
Mitch Wishnowsky,P,NE,885000,442500
Fred Johnson,OL,PHI,885000,442500
Andrew Beck,RB,NYJ,885000,442500
Jakobi Meyers,WR,JAX,20000000,10000000
D'Angelo Ross,DB,CLE,885000,442500
Rashan Gary,LB,DAL,885000,442500
Maxx Crosby,DL,LV,885000,442500
Julian Love,DB,SEA,885000,442500
Justice Hill,RB,BAL,3000000,2220588
Ben Powers,OL,DEN,885000,442500
Foster Moreau,TE,HOU,3150000,1500000
Dre Greenlaw,LB,SF,6000000,6000000
E.J. Speed,LB,HOU,5000000,3750000
Justin Skule,OL,TB,885000,442500
Marcus Epps,DB,PHI,885000,442500
Demetrius Flannigan-Fowles,LB,BUF,885000,442500
Ashton Dulin,WR,IND,3250000,1470000
Kevin Givens,DL,SF,885000,442500
Stephen Carlson,TE,CHI,885000,442500
D.J. Montgomery,WR,IND,1075000,0
Sam Mustipher,OL,JAX,885000,442500
Patrick Mekari,OL,JAX,885000,442500
Matthew Orzech,LS,GB,885000,442500
Alec Ingold,RB,LAC,885000,442500
Andre James,OL,TEN,885000,442500
Keisean Nixon,DB,GB,885000,442500
Mack Wilson,LB,ARI,4250000,2148333
Nick Allegretti,OL,WAS,885000,442500
Jack Fox,P,DET,3491250,1473750
Azeez Al-Shaair,LB,HOU,18000000,12916667
AJ Cole,P,LV,885000,442500
Joey Slye,K,TEN,2000000,750000
Del'Shawn Phillips,LB,LAC,3750000,2000000
Olamide Zaccheaus,WR,ATL,2250000,1150000
P.J. Locke,DB,DAL,885000,442500
Kyler Murray,QB,MIN,1300000,0
T.J. Hockenson,TE,MIN,10250000,10150000
Ed Oliver,DL,BUF,885000,442500
Tytus Howard,OL,CLE,885000,442500
Kaleb McGary,OL,ATL,885000,442500
Byron Murphy,DB,MIN,885000,442500
Jawaan Taylor,OL,ATL,885000,442500
Sean Murphy-Bunting,DB,TB,885000,442500
Jahlani Tavai,LB,JAX,1350000,0
Erik McCoy,OL,NO,885000,442500
Zach Allen,DL,DEN,885000,442500
Josh Oliver,TE,MIN,7750000,5215000
Devin Singletary,RB,NYG,1300000,0
Will Grier,QB,CAR,885000,442500
C.J. Gardner-Johnson,DB,BUF,885000,442500
Anthony Nelson,LB,TB,885000,442500
Hjalte Froholdt,OL,ARI,885000,442500
Tony Pollard,RB,TEN,7250000,3496667
Drue Tranquill,LB,KC,3500000,2995000
Jarrett Stidham,QB,DEN,6000000,3495000
Matt Gay,K,LV,1600000,1350000
Amani Oruwariye,DB,BAL,885000,442500
Andrew Van Ginkel,LB,MIN,885000,442500
Blake Cashman,LB,MIN,7500000,3158333
Mike Jackson,DB,CAR,885000,442500
Byron Cowart,DL,WAS,885000,442500
Charles Omenihu,DL,WAS,885000,442500
Jake Bailey,P,ATL,3000000,1666667
Easton Stick,QB,TB,885000,442500
Cole Holcomb,LB,PIT,2500000,312500
Gardner Minshew,QB,ARI,5750000,5140000
Scott Miller,WR,CHI,885000,442500
Kaden Elliss,LB,NO,11000000,7666667
Joshua Miles,OL,LV,885000,442500
Chris Myarick,TE,LV,885000,442500
Tyrel Dodson,LB,CAR,885000,442500
Blake Hance,OL,LA,885000,442500
Cam Lewis,DB,CHI,885000,442500
Chase McLaughlin,K,TB,4100000,1666667
David Sills,WR,TB,1215000,0
Joe Giles-Harris,LB,CIN,885000,442500
Andrew Wingard,DB,ARI,885000,442500
T.J. Edwards,LB,CHI,10000000,8325000
Carl Granderson,LB,NO,885000,442500
Lil'Jordan Humphrey,WR,DEN,1487500,87500
Nick Moore,LS,BAL,1603750,694028
Shy Tuttle,DL,WAS,885000,442500
Luke Gifford,LB,SF,2500000,1005000
Greg Dortch,WR,BUF,885000,442500
Devin Bush,LB,CHI,10000000,7000000
Elgton Jenkins,OL,CLE,885000,442500
Darius Slayton,WR,NYG,885000,442500
Ty Johnson,RB,BUF,2500000,1245000
Tom Kennedy,WR,DET,1215000,0
Craig Reynolds,RB,WAS,885000,442500
Garrett Bradbury,OL,CHI,885000,442500
Gary Jennings,WR,LAC,885000,442500
Travis Homer,RB,PIT,885000,442500
Alex Bachman,WR,LA,885000,442500
Troy Reeder,LB,NYJ,885000,442500
Chris Lindstrom,OL,ATL,885000,442500
Drew Sample,TE,CIN,3500000,783333
Amani Hooker,DB,TEN,885000,442500
L.J. Collier,DL,ARI,885000,442500
Rock Ya-Sin,DB,DET,885000,442500
Parris Campbell,WR,DAL,885000,442500
DK Metcalf,WR,PIT,885000,442500
Josh Hines-Allen,DL,JAX,885000,442500
Jeffery Simmons,DL,TEN,885000,442500
Noah Fant,TE,NO,4375000,2250000
Gunner Olszewski,WR,NYG,1402500,300000
Montez Sweat,DL,CHI,885000,442500
Terry McLaurin,WR,WAS,29000000,14883333
Marquise Brown,WR,PHI,5000000,5000000
Taylor Rapp,DB,DEN,885000,442500
David Long,DB,NO,885000,442500
Greg Gaines,DL,BUF,885000,442500
David Edwards,OL,NO,885000,442500
Nick Scott,DB,CAR,885000,442500
Cody Barton,LB,TEN,7000000,4433333
Jerry Tillery,DL,IND,885000,442500
A.J. Brown,WR,NE,32000000,17000000
Dre'Mont Jones,LB,NE,885000,442500
Connor McGovern,OL,BUF,885000,442500
Quincy Williams,LB,CLE,6500000,4500000
Dexter Lawrence,DL,CIN,885000,442500
David Montgomery,RB,HOU,8250000,500000
Michael Deiter,OL,DEN,885000,442500
Bobby Okereke,LB,CAR,1500000,1330000
Trey Pipkins,OL,LAC,885000,442500
Dawson Knox,TE,BUF,6666667,3333333
Clelin Ferrell,DL,MIA,885000,442500
Chuma Edoga,OL,BAL,885000,442500
Jamel Dean,DB,PIT,885000,442500
Josh Jacobs,RB,GB,12000000,3125000
Dalton Risner,OL,CIN,885000,442500
Drew Lock,QB,SEA,2500000,1125000
Jalen Thompson,DB,DAL,885000,442500
Devin White,LB,DET,1300000,0
Daniel Jones,QB,IND,44000000,24745000
Brian Burns,LB,NYG,885000,442500
Nick Bosa,DL,SF,885000,442500
Quinnen Williams,DL,DAL,885000,442500
Deebo Samuel Sr.,WR,SF,885000,442500
Brett Toth,OL,SF,885000,442500
Malcolm Roach,DL,DEN,885000,442500
Calvin Throckmorton,OL,DEN,885000,442500
James Pierre,DB,MIN,885000,442500
Corliss Waitman,P,SF,1215000,0
Ross Matiscik,LS,JAX,1900000,1712500
Austen Pleasants,OL,SF,885000,442500
Chris Williams,DL,CLE,885000,442500
Blake Gillikin,P,ARI,1905000,450000
Tommy Townsend,P,TEN,2500000,1000000
Tershawn Wharton,DL,CAR,885000,442500
Cody White,WR,LV,885000,442500
Joe Bachie,LB,DET,1215000,0
Cole Christiansen,LB,KC,885000,442500
Jonathan Ward,RB,BAL,885000,442500
Michael Hoecht,LB,BUF,885000,442500
Christian Rozeboom,LB,TB,1550000,950000
Jonah Williams,DL,NO,885000,442500
Trystan Colon,OL,JAX,885000,442500
Tyler Huntley,QB,BAL,2500000,1750000
Julian Good-Jones,OL,WAS,885000,442500
Salvon Ahmed,RB,CHI,885000,442500
Terence Steele,OL,DAL,885000,442500
Sam Franklin Jr.,DB,BUF,885000,442500
Juwan Johnson,TE,NO,10250000,7083333
Cam Gill,LB,CAR,885000,442500
Broderick Washington,DL,BAL,885000,442500
Liam McCullough,LS,ATL,1445000,475000
Myles Bryant,DB,CLE,885000,442500
Bill Murray,OL,LA,885000,442500
Nick Leverett,OL,DAL,885000,442500
A.J. Green,DB,MIA,885000,442500
Khalil Dorsey,DB,DET,885000,442500
Nnamdi Madubuike,DL,BAL,885000,442500
Ben Bredeson,OL,TB,885000,442500
Rico Dowdle,RB,PIT,6125000,2500000
Kristian Welch,LB,GB,885000,442500
J.K. Dobbins,RB,DEN,8000000,0
Joshua Uche,LB,MIA,885000,442500
Tyler Bass,K,BUF,3375000,500000
Dane Jackson,DB,JAX,885000,442500
Aaron Brewer,OL,MIA,885000,442500
Teair Tart,DL,LAC,885000,442500
Nick Westbrook-Ikhine,WR,IND,885000,442500
Reggie Gilliam,RB,NE,885000,442500
A.J. Epenesa,DL,PHI,885000,442500
Anfernee Jennings,LB,NO,885000,442500
Mike Onwenu,OL,NE,885000,442500
Geno Stone,DB,BUF,885000,442500
LaCale London,DL,ATL,885000,442500
Tua Tagovailoa,QB,ATL,1215000,0
Danny Pinter,OL,BAL,885000,442500
Derrick Brown,DL,CAR,885000,442500
Brandon Jones,DB,DEN,885000,442500
Isaiah Rodgers,DB,MIN,885000,442500
Jonathan Taylor,RB,IND,22000000,11500000
Jonathan Greenard,LB,PHI,885000,442500
Kyle Dugger,DB,CIN,885000,442500
Larrell Murchison,DL,LA,885000,442500
Jonathan Garvin,LB,CHI,885000,442500
Bryce Hall,DB,HOU,885000,442500
Colby Parkinson,TE,LA,7500000,3416667
Jon Runyan,OL,NYG,885000,442500
Austin Jackson,OL,MIA,885000,442500
Julian Okwara,DL,CLE,885000,442500
Michael Pittman,WR,PIT,885000,442500
Julian Blackmon,DB,NO,885000,442500
Colton McKivitz,OL,SF,885000,442500
Jonah Jackson,OL,CHI,885000,442500
Jauan Jennings,WR,MIN,8000000,6130000
Javon Kinlaw,DL,WAS,885000,442500
DaVon Hamilton,DL,JAX,885000,442500
Jordan Love,QB,GB,55000000,25200000
AJ Dillon,RB,CAR,885000,442500
Jordan Elliott,DL,TEN,885000,442500
Jedrick Wills,OL,BUF,885000,442500
Ben Bartch,OL,DET,885000,442500
D'Andre Swift,RB,CHI,8000000,4666667
Malik Harrison,LB,NYG,885000,442500
C.J. Henderson,DB,ATL,885000,442500
Grant Delpit,DB,CLE,885000,442500
A.J. Terrell,DB,ATL,885000,442500
K'Lavon Chaisson,LB,WAS,885000,442500
Noah Igbinoghene,DB,CLE,885000,442500
Cole Kmet,TE,CHI,12500000,5723250
Jaylon Johnson,DB,CHI,885000,442500
Jeremy Chinn,DB,LV,885000,442500
Matt Hennessy,OL,DAL,885000,442500
Akeem Davis-Gaither,LB,IND,2725000,1500000
Mykal Walker,LB,NYJ,885000,442500
Jaylinn Hawkins,DB,BAL,885000,442500
Trevis Gipson,LB,CAR,885000,442500
Daniel Thomas,DB,CLE,885000,442500
Kindle Vildor,DB,NE,885000,442500
Darnell Mooney,WR,NYG,3000000,3000000
Hakeem Adeniji,OL,BAL,885000,442500
Braden Mann,P,PHI,3500000,1750000
Chase Young,LB,NO,885000,442500
Justin Jefferson,WR,MIN,35000000,22185750
Patrick Queen,LB,PIT,13666666,4613333
Robert Hunt,OL,CAR,885000,442500
Ezra Cleveland,OL,JAX,885000,442500
Ashtyn Davis,DB,SF,885000,442500
Devin Duvernay,WR,ARI,1850000,550000
Alex Highsmith,LB,PIT,885000,442500
D.J. Wonnum,LB,DET,885000,442500
James Lynch,DL,CHI,885000,442500
Troy Dye,LB,LAC,2750000,1500000
Kevin Dotson,OL,LA,885000,442500
Khalid Kareem,DL,SF,885000,442500
K.J. Osborn,WR,TEN,885000,442500
Blake Brandel,OL,MIN,885000,442500
Josh Metellus,DB,MIN,885000,442500
Kam Curl,DB,LA,885000,442500
Kyle Hinton,OL,ATL,885000,442500
Justin Herbert,QB,LAC,52500000,26747675
Isaiah Simmons,DB,CAR,885000,442500
CeeDee Lamb,WR,DAL,34000000,16750000
Trevon Diggs,DB,SEA,885000,442500
Willie Gay Jr.,LB,MIA,885000,442500
Josh Jones,OL,SEA,885000,442500
Neville Gallimore,DL,CHI,885000,442500
John Simpson,OL,BAL,885000,442500
L'Jarius Sneed,DB,KC,885000,442500
Amik Robertson,DB,WAS,885000,442500
Tyler Biadasz,OL,LAC,885000,442500
Michael Danna,LB,BUF,885000,442500
Alohi Gilman,DB,KC,885000,442500
Andrew Thomas,OL,NYG,885000,442500
Jalen Reagor,WR,MIA,885000,442500
Xavier McKinney,DB,GB,885000,442500
Jalen Hurts,QB,PHI,51000000,22000000
Lloyd Cushenberry III,OL,BUF,885000,442500
Matt Peart,OL,DEN,885000,442500
Darnay Holmes,DB,ATL,885000,442500
K'Von Wallace,DB,BAL,885000,442500
Jack Driscoll,OL,PIT,885000,442500
Tristan Wirfs,OL,TB,885000,442500
Jerry Jeudy,WR,CLE,17500000,13666667
Cesar Ruiz,OL,NO,885000,442500
Jordyn Brooks,LB,MIA,16016667,8833333
Tee Higgins,WR,CIN,28750000,7500000
Antoine Winfield Jr.,DB,TB,885000,442500
Van Jefferson,WR,WAS,885000,442500
Kristian Fulton,DB,KC,885000,442500
Damien Lewis,OL,CAR,885000,442500
Zack Baun,LB,PHI,17000000,11333333
Terrell Burgess,DB,TEN,885000,442500
Adam Trautman,TE,DEN,5666667,3166667
Albert Okwuegbunam,TE,LV,885000,442500
DeeJay Dallas,RB,MIN,885000,442500
Justin Strnad,LB,DEN,6000000,3333333
Charlie Woerner,TE,ATL,4000000,1386667
Joe Burrow,QB,CIN,55000000,29302000
Rex Sunahara,LS,CLE,1075000,0
Isaac Alarcon,OL,SF,885000,442500
Chris Blair,WR,ATL,1075000,0
Kwity Paye,DL,LV,885000,442500
Dayo Odeyingbo,DL,CHI,885000,442500
Will Fries,OL,MIN,885000,442500
Tarik Black,WR,DET,885000,442500
Tim Jones,WR,JAX,885000,442500
Jamien Sherwood,LB,NYJ,15000000,10000000
Michael Carter II,DB,PHI,885000,442500
Jason Pinnock,DB,NYG,885000,442500
Brandin Echols,DB,PIT,885000,442500
Milo Eifler,LB,TEN,1202500,0
Shane Zylstra,TE,NE,885000,442500
Will Sherman,OL,NO,885000,442500
Rashod Bateman,WR,BAL,12250000,5500000
Aaron Banks,OL,GB,885000,442500
Azeez Ojulari,LB,LV,885000,442500
Nico Collins,WR,HOU,30000000,28500000
Chuba Hubbard,RB,CAR,8300000,3014500
Brevin Jordan,TE,HOU,1170000,25000
Jaylon Moore,OL,KC,885000,442500
Deommodore Lenoir,DB,SF,885000,442500
Talanoa Hufanga,DB,DEN,885000,442500
Roy Lopez,DL,ARI,885000,442500
Foster Sarell,OL,SF,885000,442500
Ar'Darius Washington,DB,NYG,885000,442500
Quintin Morris,TE,JAX,2000000,1700000
Alaric Jackson,OL,LA,885000,442500
Jordan Meredith,OL,NYJ,885000,442500
Max Pircher,OL,HOU,885000,442500
Jaylen Waddle,WR,DEN,28250000,11992849
Christian Darrisaw,OL,MIN,885000,442500
Asante Samuel Jr.,DB,PIT,885000,442500
Sam Cosmi,OL,WAS,885000,442500
Dillon Radunz,OL,NO,885000,442500
Nick Bolton,LB,KC,15000000,10000000
Josh Myers,OL,NYJ,885000,442500
Creed Humphrey,OL,KC,885000,442500
Alim McNeill,DL,DET,885000,442500
Benjamin St-Juste,DB,GB,885000,442500
Dyami Brown,WR,WAS,1750000,250000
John Bates,TE,WAS,7000000,3840000
Camryn Bynum,DB,IND,885000,442500
Tylan Wallace,WR,CLE,1402500,125000
Tony Fields II,LB,CHI,1145000,0
Ihmir Smith-Marsette,WR,ARI,885000,442500
Noah Gray,TE,KC,6000000,3338667
Darrick Forrest,DB,SF,885000,442500
Tedarrell Slaton,DL,CIN,885000,442500
K.J. Britt,LB,NE,885000,442500
Cameron McGrone,LB,LV,885000,442500
Simi Fehoko,WR,ARI,1402500,1262500
Cornell Powell,WR,PIT,885000,442500
Nick Niemann,LB,GB,2250000,500000
Stone Forsythe,OL,CAR,885000,442500
Cole Van Lanen,OL,JAX,885000,442500
Isaiah McDuffie,LB,GB,4850000,1500000
Trey Smith,OL,KC,885000,442500
Jermar Jefferson,RB,MIN,1005000,0
Grant Stuard,LB,LA,2225000,900000
Zayne Anderson,DB,MIA,885000,442500
Shane Buechele,QB,BUF,885000,442500
Malik Herring,DL,MIA,885000,442500
Devon Key,DB,DEN,885000,442500
Naquan Jones,DL,MIN,885000,442500
Sam Kamara,DL,CLE,885000,442500
Amen Ogbongbemiga,LB,DET,885000,442500
Adam Prentice,RB,DEN,885000,442500
Curtis Robinson,LB,DAL,885000,442500
Kayode Awosika,OL,LAC,885000,442500
Brock Wright,TE,DET,4000000,1533333
Brandon Smith,WR,PIT,885000,442500
Ryan McCollum,OL,PIT,885000,442500
Jack Heflin,DL,NYJ,885000,442500
Jake Curhan,OL,CAR,885000,442500
Christian Elliss,LB,NE,6754000,3875000
Riley Patterson,K,MIA,1402500,0
Feleipe Franks,TE,CAR,1265000,0
Ryan Neuzil,OL,ATL,885000,442500
Austin Trammell,WR,JAX,885000,442500
Kene Nwangwu,RB,NYJ,2000000,1000000
Garret Wallow,LB,SF,1240000,330300
Tutu Atwell,WR,LA,1402500,1075000
Cameron Sample,DL,ATL,885000,442500
Evan McPherson,K,CIN,5500000,1666667
Jimmy Morrissey,OL,IND,885000,442500
Ben Skowronek,WR,PIT,885000,442500
James Hudson,OL,TEN,885000,442500
Chris Rumph II,LB,NO,885000,442500
Dan Moore Jr.,OL,TEN,885000,442500
Buddy Johnson,LB,CHI,885000,442500
Nate Hobbs,DB,SF,885000,442500
Joshuah Bledsoe,DB,WAS,885000,442500
Pat Surtain II,DB,DEN,885000,442500
Rhamondre Stevenson,RB,NE,9000000,4279000
Kylen Granson,TE,TEN,1402500,625000
Sam Ehlinger,QB,DEN,2000000,1000000
Penei Sewell,OL,DET,885000,442500
Tommy Togiai,DL,HOU,885000,442500
Tre Brown,DB,NYJ,885000,442500
Luke Farrell,TE,SF,4000000,1795000
Damar Hamlin,DB,BUF,885000,442500
Najee Harris,RB,NYG,1215000,0
Pat Freiermuth,TE,PIT,12100000,2900000
Victor Dimukeje,DL,SF,885000,442500
Davis Mills,QB,HOU,7000000,10250000
Ja'Marr Chase,WR,CIN,40250000,18475000
Eric Stokes,DB,LV,885000,442500
Joseph Ossai,LB,NYJ,885000,442500
Bobby Brown III,DL,CAR,885000,442500
Larry Borom,OL,DET,885000,442500
Khyiris Tonga,DL,KC,885000,442500
DeVonta Smith,WR,PHI,25000000,11332518
Greg Rousseau,LB,BUF,885000,442500
Jeremiah Owusu-Koramoah,LB,CLE,12500000,6666667
Milton Williams,DL,NE,885000,442500
Zech McPhearson,DB,LA,885000,442500
Kenny Gainwell,RB,TB,885000,442500
Patrick Johnson,LB,LV,885000,442500
Michael Carter,RB,TEN,885000,442500
Payton Turner,DL,DET,885000,442500
Pete Werner,LB,NO,7500000,3728395
Micah Parsons,LB,GB,885000,442500
Zaven Collins,LB,ARI,7000000,5625000
Jaelan Phillips,LB,CAR,885000,442500
Paulson Adebo,DB,NYG,885000,442500
Odafe Oweh,LB,WAS,885000,442500
Andre Cisco,DB,NYJ,885000,442500
Osa Odighizuwa,DL,SF,885000,442500
Mitchell Fraboni,LS,DEN,885000,442500
Jaycee Horn,DB,CAR,885000,442500
Justin Fields,QB,KC,11000000,11000000
Jonathon Cooper,LB,DEN,885000,442500
Teven Jenkins,OL,CLE,885000,442500
Levi Onwuzurike,DL,DET,885000,442500
Darren Hall,DB,ATL,885000,442500
Michael Bandy,WR,DEN,885000,442500
Tre'von Moehrig,DB,CAR,885000,442500
Amon-Ra St. Brown,WR,DET,30002500,8666500
Derrick Barnes,LB,DET,8000000,5333333
Joe Tryon,DL,PHI,885000,442500
Brady Christensen,OL,CAR,885000,442500
Kyle Pitts,TE,ATL,17666667,12000000
Trevor Lawrence,QB,JAX,55000000,28400000
Mac Jones,QB,SF,3500000,2375000
Travis Etienne,RB,NO,12000000,6000000
Tyson Campbell,DB,CLE,885000,442500
Walker Little,OL,JAX,885000,442500
Spencer Brown,OL,BUF,885000,442500
Alijah Vera-Tucker,OL,NE,885000,442500
Elijah Moore,WR,PHI,1315000,0
Christian Barmore,DL,NE,885000,442500
Chauncey Golston,DL,NYG,885000,442500
Kendrick Green,OL,CLE,885000,442500
Trey Sermon,RB,ATL,1215000,0
Robert Hainsey,OL,JAX,885000,442500
Nahshon Wright,DB,NYJ,885000,442500
Brandon Stephens,DB,NYJ,885000,442500
Josh Palmer,WR,BUF,10000000,5000000
Malcolm Koonce,DL,LV,885000,442500
Divine Deablo,LB,ATL,7000000,3330000
Elijah Molden,DB,LAC,885000,442500
Ifeatu Melifonwu,DB,TB,885000,442500
Ernest Jones,LB,SEA,9500000,3333333
Baron Browning,LB,ARI,885000,442500
Greg Newsome II,DB,NYG,885000,442500
Javonte Williams,RB,DAL,8000000,5333333
Jevon Holland,DB,NYG,885000,442500
Quinn Meinerz,OL,DEN,885000,442500
Landon Dickerson,OL,PHI,885000,442500
Chazz Surratt,LB,SEA,1400000,350000
Hunter Long,TE,ARI,2500000,1500000
Tommy Tremble,TE,CAR,5250000,3000000
Patrick Jones II,LB,CAR,885000,442500
Rashawn Slater,OL,LAC,885000,442500
Tre' McKitty,TE,WAS,885000,442500
Trey Lance,QB,LAC,2500000,2000000
Zach Wilson,QB,NO,1402500,598800
Nikola Kalinic,TE,CHI,1005000,0
Dee Alford,DB,BUF,885000,442500
Roy Mbaeteka,OL,IND,885000,442500
Elijah Garcia,DL,DAL,885000,442500
Lance McCutcheon,WR,TEN,885000,442500
Keir Thomas,LB,LA,885000,442500
Jordan Davis,DL,PHI,885000,442500
Quay Walker,LB,LV,13500000,9333333
Devonte Wyatt,DL,GB,885000,442500
Sean Rhyan,OL,GB,885000,442500
Sam Howell,QB,DAL,2500000,2500000
Cole Turner,TE,MIA,1075000,0
Riq Woolen,DB,PHI,885000,442500
Tyreke Smith,DL,KC,885000,442500
Braxton Jones,OL,CHI,885000,442500
Dominique Robinson,DL,HOU,885000,442500
Kingsley Enagbare,LB,NYJ,885000,442500
Tyler Badie,RB,DEN,1075000,0
Grant Calcaterra,TE,PHI,2000000,700000
Bo Melton,WR,GB,1145000,0
Chris Paul,OL,WAS,885000,442500
Dareke Young,WR,LV,1802000,800000
Jonathan Ford,DL,GB,885000,442500
Elijah Hicks,DB,CHI,885000,442500
Samori Toure,WR,PHI,885000,442500
Jaylon Jones,DB,CHI,885000,442500
Jack Sanborn,LB,CHI,1215000,0
Jake Tonges,TE,SF,4000000,2750000
Tyler Goodson,RB,ATL,885000,442500
Josh Blackwell,DB,CHI,885000,442500
Reed Blankenship,DB,HOU,885000,442500
Britain Covey,WR,PHI,885000,442500
Mario Goodrich,DB,TEN,885000,442500
Josh Jobe,DB,SEA,885000,442500
Josh Sills,OL,IND,885000,442500
Joey Blount,DB,ARI,885000,442500
Tony Adams,DB,TEN,885000,442500
Irvin Charles,WR,SEA,1145000,0
Bam Knight,RB,ARI,885000,442500
Jeremiah Moon,LB,CAR,885000,442500
Josh Ross,LB,MIN,885000,442500
Sauce Gardner,DB,IND,885000,442500
Trent McDuffie,DB,LA,885000,442500
George Karlaftis,DL,KC,885000,442500
Bryan Cook,DB,CIN,885000,442500
Darian Kinnard,OL,NYG,885000,442500
Jaylen Watson,DB,LA,885000,442500
Rasheed Walker,OL,CAR,885000,442500
Isiah Pacheco,RB,DET,1810000,1810000
LaBryan Ray,DL,CAR,885000,442500
Brenden Schooler,DB,NE,885000,442500
Mike Caliendo,OL,KC,885000,442500
Jack Cochrane,LB,KC,1415000,650000
Cameron Dicker,K,LAC,5501000,2183750
Chris Glaser,OL,DAL,885000,442500
Jaylen Warren,RB,PIT,5952000,5882500
Ikem Ekwonu,OL,CAR,885000,442500
Israel Antwine,DL,DEN,885000,442500
Kevin Austin Jr.,WR,NO,885000,442500
Travon Walker,DL,JAX,885000,442500
Aidan Hutchinson,DL,DET,885000,442500
Derek Stingley Jr.,DB,HOU,885000,442500
Drake London,WR,ATL,35263500,13217750
Chris Olave,WR,NO,31000000,13163250
Jameson Williams,WR,DET,26666667,10193051
Trevor Penning,OL,LAC,885000,442500
Kaiir Elam,DB,LAC,885000,442500
Tyler Smith,OL,DAL,885000,442500
Devin Lloyd,LB,CAR,15000000,8333333
Jalen Pitre,DB,HOU,885000,442500
George Pickens,WR,DAL,27298000,27298000
James Cook,RB,BUF,11500000,3820000
Nik Bonitto,LB,DEN,885000,442500
Martin Emerson,DB,NO,885000,442500
Alex Wright,DL,CLE,885000,442500
Greg Dulcich,TE,MIA,3250000,2910000
Marcus Jones,DB,NE,885000,442500
Terrel Bernard,LB,BUF,10500000,3525000
Dylan Parham,OL,NYJ,885000,442500
Rachaad White,RB,WAS,2000000,1715000
Dameon Pierce,RB,PHI,885000,442500
Micah McFadden,LB,NYG,3750000,2900000
D.J. Davidson,DL,WAS,885000,442500
Khalil Shakir,WR,BUF,13250000,4525000
Thomas Booker,DL,LV,885000,442500
Tyler Allgeier,RB,ARI,6125000,4000000
Matt Waletzko,OL,KC,885000,442500
Zyon McCollum,DB,TB,885000,442500
Otito Ogbonnia,DL,DAL,885000,442500
D'Marco Jackson,LB,CHI,3750000,1812500
Esezi Otomewo,DL,PIT,885000,442500
DaRon Bland,DB,DAL,885000,442500
Ty Chandler,RB,NO,1215000,0
Teagan Quitoriano,TE,ARI,885000,442500
Luke Wattenberg,OL,DEN,885000,442500
Damone Clark,LB,DET,1402500,75000
James Mitchell,TE,DAL,885000,442500
John Ridgeway,DL,NO,885000,442500
Matt Araiza,P,KC,1075000,0
Vederian Lowe,OL,SF,885000,442500
Christian Benford,DB,BUF,885000,442500
Malcolm Rodriguez,LB,DET,2750000,2700000
Jalen Nailor,WR,LV,11676667,6000000
Andrew Ogletree,TE,IND,2250000,1500000
Jordan Jackson,DL,DEN,885000,442500
Cade Mays,OL,DET,885000,442500
Theo Jackson,DB,MIN,885000,442500
Austin Deculus,OL,TEN,885000,442500
Matt Henningsen,DL,DEN,885000,442500
Connor Heyward,RB,LV,885000,442500
Luke Tenuta,OL,IND,885000,442500
Ja'Sir Taylor,DB,CIN,885000,442500
James Houston,LB,DAL,885000,442500
Ko Kieft,TE,TB,1650000,600000
Chance Campbell,LB,PHI,885000,442500
Montaric Brown,DB,JAX,885000,442500
Nick Muse,TE,ATL,885000,442500
Deane Leonard,DB,LAC,885000,442500
Rodney Thomas,DB,SEA,885000,442500
Chris Oladokun,QB,KC,885000,442500
Skylar Thompson,QB,BAL,1145000,0
Brittain Brown,RB,CHI,1075000,0
D'Anthony Bell,DB,SEA,885000,442500
Brock Hoffman,OL,PIT,885000,442500
Zaire Mitchell-Paden,TE,HOU,885000,442500
Kellen Diesch,OL,SEA,885000,442500
Kader Kohou,DB,KC,885000,442500
Ben Stille,DL,DET,885000,442500
Arron Mosby,LB,GB,885000,442500
Kaden Davis,WR,CHI,885000,442500
Sebastian Gutierrez,OL,DAL,885000,442500
Brandon Johnson,WR,PIT,885000,442500
Ja'Quan McMillian,DB,DEN,885000,442500
Michael Niese,OL,DET,885000,442500
Dallis Flowers,DB,CHI,885000,442500
Ryan Van Demark,OL,MIN,885000,442500
Jashaun Corbin,RB,DAL,885000,442500
Ben Brown,OL,NE,885000,442500
Devin Cochran,OL,DET,885000,442500
Kendric Pryor,WR,CIN,885000,442500
Alec Anderson,OL,BUF,885000,442500
Kingsley Jonathan,DL,NYJ,885000,442500
Jake Hansen,LB,HOU,2675000,1650000
Tristin McCollum,DB,LV,885000,442500
Raheem Layne,DB,NYG,885000,442500
Stone Smartt,TE,NO,885000,442500
Dylan Cook,OL,PIT,885000,442500
Deven Thompkins,WR,LV,885000,442500
Mike Brown,DB,NE,885000,442500
Ryan Wright,P,NO,3500000,1750000
Sincere McCormick,RB,SF,885000,442500
Isaiah Pola-Mao,DB,LV,885000,442500
Qwuantrezz Knight,DB,WAS,885000,442500
Tay Martin,WR,DET,1005000,0
Jordan Mason,RB,MIN,5250000,3615000
Marcelino McCrary-Ball,LB,NYJ,885000,442500
Segun Olubi,LB,LV,1160000,15000
Lucas Krull,TE,DEN,885000,442500
Nephi Sewell,LB,CHI,1215000,0
Rashid Shaheed,WR,SEA,17000000,7666667
Daniel Whelan,P,GB,3100000,1050000
Darrell Baker Jr.,DB,MIA,885000,442500
Ronnie Rivers,RB,LA,1251000,330300
Markquese Bell,DB,DAL,885000,442500
Malik Davis,RB,DAL,1087500,0
Dennis Houston,WR,TB,885000,442500
Timmy Horne,DL,TEN,885000,442500
Nate Landman,LB,LA,7500000,3425926
Julius Chestnut,RB,TEN,1402500,102500
Jack Gibbens,LB,ARI,3750000,2000000
Xavier Newman-Johnson,OL,NYJ,885000,442500
Sam Okuayinonu,DL,SF,885000,442500
Kayvon Thibodeaux,LB,NYG,885000,442500
Evan Neal,OL,LV,885000,442500
John Metchie III,WR,CAR,1900000,1000000
Nakobe Dean,LB,LV,12010000,6666667
Nick Cross,DB,WAS,885000,442500
Hassan Haskins,RB,NE,885000,442500
Zach Thomas,OL,TEN,885000,442500
Andrew Stueber,OL,ATL,885000,442500
Jacob Hummel,LB,HOU,885000,442500
Ja'Marcus Ingram,DB,HOU,885000,442500
Jermaine Johnson II,LB,TEN,885000,442500
Alec Pierce,WR,IND,28500000,15000000
Sam Williams,DL,CLE,885000,442500
Jalen Tolbert,WR,MIA,1402500,1262500
Kerby Joseph,DB,DET,885000,442500
Tucker Addington,LS,MIA,1145000,0
Brandon Aubrey,K,DAL,7000000,3750000
Maurice Alexander,WR,CHI,885000,442500
Jeremiah Pharms Jr.,DL,NE,885000,442500
Garrett Wilson,WR,NYJ,32500000,9581205
Jahan Dotson,WR,ATL,7500000,5000000
Treylon Burks,WR,WAS,2350000,400000
Daxton Hill,DB,CIN,885000,442500
Trey McBride,TE,ARI,19000000,8125000
Velus Jones Jr.,RB,SEA,885000,442500
Brian Robinson,RB,ATL,885000,442500
Marquis Hayes,OL,NYJ,885000,442500
Tycen Anderson,DB,DEN,885000,442500
Cam Taylor-Britt,DB,IND,885000,442500
Nicholas Petit-Frere,OL,WAS,885000,442500
Jelani Woods,TE,NYJ,1175000,0
Travis Jones,DL,BAL,885000,442500
Bernhard Raimann,OL,IND,885000,442500
Cordale Flott,DB,TEN,885000,442500
Dondrea Tillman,LB,DEN,885000,442500
KaVontae Turpin,WR,DAL,885000,442500
Zachary Carter,DL,ARI,885000,442500
Jeremy Ruckert,TE,NYJ,5000000,2486079
Joshua Ezeudu,OL,KC,885000,442500
DeAngelo Malone,LB,ATL,885000,442500
Chig Okonkwo,TE,WAS,885000,442500
Abraham Lucas,OL,SEA,885000,442500
Luke Fortner,OL,CAR,885000,442500
Cameron Thomas,DL,ATL,885000,442500
Romeo Doubs,WR,NE,17000000,8750000
Zach Bako-Bewele,OL,GB,885000,442500
Zion Johnson,OL,CLE,885000,442500
Leo Chenal,LB,WAS,8250000,4133333
Charles Cross,OL,SEA,885000,442500
Christian Harris,LB,ATL,2750000,1985000
Tyler Linderbaum,OL,LV,885000,442500
Drake Jackson,LB,WAS,885000,442500
Danny Gray,WR,PHI,885000,442500
Spencer Burford,OL,LV,885000,442500
Samuel Womack,DB,NYJ,885000,442500
Nick Zakelj,OL,SF,885000,442500
Kalia Davis,DL,CLE,885000,442500
Brock Purdy,QB,SF,53000000,20000000
Luke Goedeke,OL,TB,885000,442500
Calvin Austin III,WR,NYG,1500000,450000
Isaiah Likely,TE,NYG,13333333,6833333
Cobie Durant,DB,DAL,885000,442500
Kyren Williams,RB,LA,11000000,5048333
Quentin Lake,DB,LA,885000,442500
Derion Kendrick,DB,DAL,885000,442500
Daniel Hardy,DL,CHI,885000,442500
Russ Yeast,DB,CIN,885000,442500
A.J. Arcuri,OL,BAL,885000,442500
Pepe Williams,DB,TB,885000,442500
Kyle Hamilton,DB,BAL,885000,442500
Jack Jones,DB,SF,885000,442500
Zamir White,RB,NO,885000,442500
Jake Ferguson,TE,DAL,12500000,5164000
Joshua Williams,DB,TEN,885000,442500
Charlie Kolar,TE,LAC,8100000,5666667
Skyy Moore,WR,GB,2500000,1000000
JT Woods,DB,NYG,885000,442500
Erik Ezukanma,WR,PHI,885000,442500
Jordan Stout,P,NYG,4100000,2106667
Pierre Strong,RB,GB,885000,442500
Phidarian Mathis,DL,BUF,885000,442500
Percy Butler,DB,WAS,885000,442500
Akayleb Evans,DB,CAR,885000,442500
Kenny Pickett,QB,CAR,4000000,4000000
Cole Strange,OL,LAC,885000,442500
Tyquan Thornton,WR,KC,5500000,3700000
Damarri Mathis,DB,CLE,885000,442500
Eyioma Uwazurike,DL,DEN,885000,442500
Micheal Clemons,DL,IND,885000,442500
Bailey Zappe,QB,NYJ,885000,442500
Kyler Gordon,DB,CHI,885000,442500
Cam Jurgens,OL,PHI,885000,442500
Max Mitchell,OL,NYJ,885000,442500
Daniel Bellinger,TE,TEN,7000000,4670000
Arnold Ebiketie,LB,PHI,885000,442500
Wan'Dale Robinson,WR,TEN,17500000,9500000
Daniel Faalele,OL,JAX,885000,442500
Breece Hall,RB,NYJ,14500000,9666667
Alontae Taylor,DB,TEN,885000,442500
Dane Belton,DB,NYJ,885000,442500
Christian Watson,WR,GB,23000000,7750000
Roger McCreary,DB,DET,885000,442500
Logan Hall,DL,HOU,885000,442500
Malik Willis,QB,MIA,22500000,15000000
Cade Otton,TE,TB,10000000,6666667
Ed Ingram,OL,HOU,885000,442500
Boye Mafe,DL,CIN,885000,442500
Kenneth Walker III,RB,KC,14350000,9566667
Jaquan Brisker,DB,PIT,885000,442500
Coby Bryant,DB,CHI,885000,442500
Adedayo Odeleye,DL,DAL,885000,442500
Thomas Odukoya,TE,KC,885000,442500
Lucky Jackson,WR,DET,885000,442500
Kohl Levao,OL,NYJ,885000,442500
Liam Fornadel,OL,NYJ,885000,442500
Barry Wesley,OL,NO,885000,442500
Josh Butler,DB,DAL,885000,442500
Tanner Brown,K,NO,885000,442500
Xavier Smith,WR,LA,1075000,0
Alex Ward,LS,LV,1145000,0
Tanner Ingle,DB,LA,885000,442500
Quindell Johnson,DB,WAS,885000,442500
Andrew Vorhees,OL,BAL,885000,442500
Jalen Carter,DL,PHI,885000,442500
Colby Wooden,DL,NO,885000,442500
Darius Rush,DB,WAS,885000,442500
Israel Abanikanda,RB,DAL,885000,442500
Noah Sewell,LB,CHI,1041237,81237
Sean Clifford,QB,CIN,885000,442500
Daniel Scott,DB,IND,885000,442500
Dontayvion Wicks,WR,PHI,10250000,9000000
Will Mallory,TE,IND,1032648,72648
Terell Smith,DB,WAS,885000,442500
Eric Gray,RB,NYG,885000,442500
Evan Hull,RB,ARI,885000,442500
Karl Brooks,DL,GB,885000,442500
Zaire Barnes,LB,NYG,1150000,250000
Tanner McKee,QB,PHI,1006630,46630
Jarrick Bernard-Converse,DB,NYG,885000,442500
Tre Hawkins III,DB,MIN,885000,442500
Travis Bell,DL,CLE,885000,442500
Zack Kuntz,TE,DAL,885000,442500
Jaylon Jones,DB,TEN,885000,442500
Carrington Valentine,DB,GB,885000,442500
Lew Nichols III,RB,PIT,885000,442500
Anthony Johnson,DB,CHI,885000,442500
Moro Ojomo,DL,PHI,885000,442500
Kendall Williamson,DB,LAC,885000,442500
Tyson Bagent,QB,CHI,5000000,1265000
Lorenz Metz,OL,NE,885000,442500
Andre Szmyt,K,CLE,1005000,0
Liam Anderson,LB,MIA,885000,442500
Zavier Scott,RB,CHI,885000,442500
Corey Mayfield Jr.,DB,TEN,885000,442500
Keaton Mitchell,RB,LAC,4625000,2500000
Owen Wright,RB,HOU,885000,442500
Keshawn Banks,DL,ATL,885000,442500
Brenton Cox Jr.,LB,GB,885000,442500
Alex Cook,DB,LA,885000,442500
Tommy DeVito,QB,NE,2200000,1000000
Dyontae Johnson,LB,TEN,885000,442500
Brady Russell,RB,SEA,885000,442500
Ben VanSumeren,RB,KC,885000,442500
Jason Brownlee,WR,KC,885000,442500
Claudin Cherelus,LB,CAR,1295000,461300
Trey Dean III,DB,GB,885000,442500
Xavier Gipson,WR,PHI,885000,442500
E.J. Jenkins,TE,PHI,1082667,20167
Trenton Simpson,LB,BAL,1351126,232637
Tavius Robinson,LB,BAL,885000,442500
Jordon Riley,DL,GB,885000,442500
Jerome Carvin,OL,JAX,885000,442500
Cam Jones,LB,KC,885000,442500
Truman Jones,DL,TEN,885000,442500
Nikko Remigio,WR,KC,1075000,0
Reese Taylor,DB,MIA,885000,442500
Kahlef Hailassie,DB,GB,885000,442500
DJ Johnson,LB,WAS,885000,442500
Chandler Zavala,OL,CAR,885000,442500
Paris Johnson Jr.,OL,ARI,885000,442500
Tyree Wilson,LB,NO,885000,442500
Bijan Robinson,RB,ATL,22250000,12522449
Jaxon Smith-Njigba,WR,SEA,42150000,17282749
Quentin Johnston,WR,LAC,3547197,3547197
Mazi Smith,DL,MIA,885000,442500
Myles Murphy,DL,CIN,885000,442500
Luke Schoonmaker,TE,DAL,1566670,835608
O'Cyrus Torrence,OL,BUF,885000,442500
DJ Turner II,DB,CIN,885000,442500
Hendon Hooker,QB,TEN,885000,442500
Kendre Miller,RB,NO,1413578,278057
Riley Moss,DB,DEN,885000,442500
Daiyan Henley,LB,LAC,1355107,235532
Ji'Ayir Brown,DB,SF,885000,442500
Tank Bigsby,RB,PHI,1348230,230530
DeMarvion Overshown,LB,DAL,1347506,230004
Dorian Williams,LB,BUF,1345702,228692
Darnell Washington,TE,PIT,10500000,2812500
Michael Wilson,WR,ARI,25000000,11666667
Jordan Battle,DB,CIN,885000,442500
Jake Moody,K,BAL,885000,442500
Tre Tucker,WR,LV,1326021,214378
Cameron Latu,TE,NE,922500,0
Mekhi Blackmon,DB,CLE,885000,442500
Nick Saldiveri,OL,NO,885000,442500
Chad Ryland,K,ARI,1850000,475000
Clark Phillips III,DB,CHI,885000,442500
Ventrell Miller,LB,JAX,1144234,184234
Jon Gaines II,OL,ARI,885000,442500
Derius Davis,WR,LAC,1137982,177982
Isaiah McGuire,DL,CLE,885000,442500
Viliami Fehoko Jr.,DL,SF,885000,442500
Charlie Jones,WR,NYG,885000,442500
Nick Herbig,LB,PIT,25000000,5250000
Jay Ward,DB,MIN,885000,442500
Aidan O'Connell,QB,LV,1087345,127345
Yasir Abdullah,LB,ATL,1051304,91304
Cameron Mitchell,DB,IND,885000,442500
Atonio Mafi,OL,TEN,885000,442500
Jammie Robinson,DB,ATL,885000,442500
Jordan Howden,DB,NO,885000,442500
Josh Whyle,TE,GB,2000000,370000
Justin Shorter,WR,LV,1075000,0
Mike Morris,DL,SEA,885000,442500
Colby Sorsdal,OL,DET,885000,442500
Olu Oluwatimi,OL,SEA,885000,442500
Darrell Luter Jr.,DB,LV,885000,442500
Jordan McFadden,OL,CHI,885000,442500
Antonio Johnson,DB,JAX,885000,442500
Chase Brown,RB,CIN,1031539,71539
Henry To'oTo'o,LB,HOU,8000000,6212000
Owen Pappoe,LB,TEN,1021245,61245
Asim Richards,OL,NO,885000,442500
Rob Beal Jr.,DL,MIA,885000,442500
Eric Scott Jr.,DB,DET,885000,442500
JL Skinner,DB,DEN,885000,442500
Parker Washington,WR,JAX,1008066,48066
Kayshon Boutte,WR,HOU,1006816,46816
Luke Wypler,OL,CLE,885000,442500
Bryce Baringer,P,NE,1004614,44614
Chris Rodriguez Jr.,RB,JAX,5000000,3100000
Jerrick Reed II,DB,TEN,885000,442500
Scott Matlock,RB,LAC,885000,442500
Jarrett Patterson,OL,SF,885000,442500
Christian Braswell,DB,JAX,885000,442500
Amari Burney,LB,JAX,885000,442500
Xavier Hutchinson,WR,HOU,1000925,40925
Andrei Iosivas,WR,CIN,999848,39848
Erick Hallett,DB,TEN,885000,442500
DeMario Douglas,WR,NE,885000,442500
Deuce Vaughn,RB,HOU,885000,442500
Dante Stills,DL,ARI,885000,442500
Ameer Speed,DB,DAL,885000,442500
Dee Winters,LB,DAL,993333,33333
DeMarcco Hellams,DB,ATL,885000,442500
Jovaughn Gwyn,OL,BAL,885000,442500
Nick Broeker,OL,BUF,885000,442500
Andre Jones Jr.,LB,BUF,885000,442500
Derek Parish,DL,HOU,885000,442500
Jalen Brooks,WR,ARI,1087500,0
Isaiah Bolden,DB,PHI,885000,442500
D.J. Ivey,DB,CIN,885000,442500
Brayden Willis,TE,SF,885000,442500
Brandon Hill,DB,PIT,885000,442500
Spencer Anderson,OL,PIT,885000,442500
Alex Austin,DB,MIA,885000,442500
Ronnie Bell,WR,LV,885000,442500
Jalen Graham,LB,SF,885000,442500
Alex Forsyth,OL,DEN,885000,442500
Cory Durden,DL,NE,885000,442500
Steven Gilmore,DB,LA,885000,442500
Adrian Martinez,QB,SF,885000,442500
Trevor Nowaske,LB,DET,1350000,550000
Chris Smith,DL,DET,885000,442500
Starling Thomas V,DB,ARI,885000,442500
Elijah Cooks,WR,CAR,885000,442500
Jordan Mims,RB,PHI,885000,442500
Tyrell Shavers,WR,BUF,1021000,3500
Ethan Bonner,DB,MIA,885000,442500
Chris Brooks,RB,GB,885000,442500
Garrett Nelson,LB,NO,885000,442500
Brandon Pili,DL,SEA,885000,442500
Keidron Smith,DB,CHI,885000,442500
Kendell Brooks,DB,TEN,885000,442500
Emari Demercado,RB,DAL,1250000,550000
Blake Whiteheart,TE,CLE,1145000,0
Mohamoud Diabate,LB,TEN,885000,442500
Ronnie Hickman Jr.,DB,CLE,885000,442500
Jeremiah Martin,DL,CHI,885000,442500
Tanner McCalister,DB,KC,885000,442500
Julian Hill,TE,NE,5000000,2500000
Ali Gaye,DL,HOU,885000,442500
Jared Wayne,WR,HOU,1005000,0
Kilian Zierer,OL,JAX,885000,442500
TJ Bass,OL,DAL,885000,442500
Princeton Fant,TE,DAL,1062500,0
Isaiah Land,LB,DAL,885000,442500
Hunter Luepke,RB,DAL,3500000,2515000
Jalen Moreno-Cropper,WR,NO,885000,442500
Tyrus Wheat,LB,DAL,885000,442500
B.T. Potter,K,TB,885000,442500
Jake Bobo,WR,SEA,2750000,2250000
Patrick O'Connell,LB,SEA,1087500,0
Ty Okada,DB,SEA,885000,442500
Chris Stoll,LS,SEA,1452500,600000
Ricky Lee,OL,JAX,885000,442500
Jalen Redmond,DL,MIN,885000,442500
Rejzohn Wright,DB,NO,885000,442500
Eku Leota,LB,ARI,885000,442500
Nate Adkins,TE,DEN,1635000,300000
Henry Byrd,OL,MIN,885000,442500
Art Green,DB,NYG,885000,442500
Thomas Incoom,LB,CAR,885000,442500
Demontrey Jacobs,OL,ARI,885000,442500
Jaleel McLaughlin,RB,CLE,885000,442500
Alex Palczewski,OL,DEN,885000,442500
Emanuel Wilson,RB,SEA,1595000,550000
Andre Carter II,LB,LAC,885000,442500
Ivan Pace Jr.,LB,MIN,3520000,0
Ben Sims,TE,MIA,885000,442500
Evan Deckers,LS,TB,1075000,0
Luke Haggard,OL,TB,885000,442500
Christian Izien,DB,DET,885000,442500
Kaevon Merriweather,DB,JAX,885000,442500
Ryan Miller,WR,MIA,1075000,0
Mitchell Tinsley,WR,HOU,885000,442500
Brycen Tremayne,WR,CAR,1005000,0
Nick Whiteside,DB,DET,885000,442500
Anthony Kendall,DB,BUF,885000,442500
Caleb Murphy,LB,LAC,885000,442500
John Ojukwu,OL,PHI,885000,442500
Otis Reese,LB,BUF,885000,442500
Andrew Farmer,LB,SF,885000,442500
AJ Finley,DB,SEA,885000,442500
D'Shawn Jamison,DB,ARI,885000,442500
Isaiah Winstead,WR,PIT,885000,442500
Shaka Heyward,LB,CIN,885000,442500
Shedrick Jackson,WR,LV,885000,442500
Devonnsha Maxwell,DL,ATL,885000,442500
Jacob Saylors,RB,DET,1005000,0
Blake Grupe,K,NYJ,1195000,0
Anfernee Orji,LB,NYG,885000,442500
Malik Cunningham,WR,DET,885000,442500
Drake Thomas,LB,SEA,4000000,1500000
Dalton Wagner,OL,LV,885000,442500
Carlos Washington,RB,MIA,885000,442500
Darnell Wright,OL,CHI,885000,442500
Dalton Kincaid,TE,BUF,3356760,3356760
Anton Harrison,OL,JAX,885000,442500
Brenton Strange,TE,JAX,12000000,5666667
Juice Scruggs,OL,DET,885000,442500
Zacch Pickens,DL,ATL,885000,442500
Jalin Hyatt,WR,NYG,885000,442500
Brodric Martin,DL,ARI,885000,442500
Tyler Lacy,DL,DET,885000,442500
Tyler Scott,WR,LA,885000,442500
Sean Tucker,RB,TB,2500000,2500000
Dylan Drummond,WR,ATL,885000,442500
Ekow Boye-Doe,DB,DET,885000,442500
Markees Watts,LB,CLE,885000,442500
Natrone Brooks,DB,DET,885000,442500
Marvin Mims Jr.,WR,DEN,885000,442500
Tank Dell,WR,HOU,1700000,1000000
Byron Young,DL,PHI,885000,442500
Cedric Tillman,WR,NO,885000,442500
Zach Harrison,DL,ATL,885000,442500
Wanya Morris,OL,DAL,885000,442500
Chamarri Conner,DB,KC,885000,442500
Kei'Trel Clark,DB,ARI,885000,442500
Nic Jones,DB,NYG,885000,442500
Jordan Addison,WR,MIN,3432934,3432934
Bryan Bresee,DL,NO,885000,442500
Tucker Kraft,TE,GB,18750000,6625000
Josh Downs,WR,IND,1380114,253719
Jake Haener,QB,NYG,885000,442500
Deonte Banks,DB,NYG,885000,442500
Tyler Steen,OL,PHI,885000,442500
Sydney Brown,DB,ATL,885000,442500
Drew Sanders,LB,DEN,885000,442500
Carter Warren,OL,MIA,885000,442500
Felix Anudike-Uzomah,DL,KC,885000,442500
Garrett Williams,DB,ARI,885000,442500
Dylan Horton,DL,HOU,885000,442500
Braeden Daniels,OL,LV,885000,442500
Nolan Smith,LB,PHI,885000,442500
Dawand Jones,OL,CLE,885000,442500
Jack Campbell,LB,DET,20250000,5751887
John Michael Schmitz,OL,NYG,885000,442500
Anthony Bradford,OL,SEA,885000,442500
Roschon Johnson,RB,CHI,1152172,192172
Joel Wilson,TE,TEN,885000,442500
Jake Andrews,OL,HOU,885000,442500
Adetomiwa Adebawore,DL,IND,885000,442500
Tyjae Spears,RB,TEN,1372651,248291
Peter Skoronski,OL,TEN,885000,442500
De'Von Achane,RB,MIA,885000,442500
Elijah Higgins,TE,ARI,885000,442500
Ryan Hayes,OL,CAR,885000,442500
Derick Hall,LB,SEA,885000,442500
Matthew Bergeron,OL,ATL,885000,442500
SirVocea Dennis,LB,TB,1039332,79332
Payne Durham,TE,TB,1021245,61245
Josh Hayes,DB,TB,885000,442500
Trey Palmer,WR,NO,885000,442500
Jose Ramirez,LB,NE,885000,442500
Marte Mapu,LB,HOU,885000,442500
Steve Avila,OL,LA,885000,442500
Ethan Evans,P,LA,987000,27000
Jason Taylor II,DB,DET,885000,442500
Desjuan Johnson,LB,LA,885000,442500
Jonathan Mingo,WR,DAL,1145000,0
Calijah Kancey,DL,TB,885000,442500
Zay Flowers,WR,BAL,35000000,13500000
Sam LaPorta,TE,DET,2366500,1956295
Michael Mayer,TE,LV,2328410,1899174
Rashee Rice,WR,KC,1623805,879758
Yaya Diaby,LB,TB,885000,442500
Gervon Dexter Sr.,DL,ATL,885000,442500
Tyrique Stevenson,DB,CHI,885000,442500
Jakorian Bennett,DB,PHI,885000,442500
Davis Allen,TE,LA,1021245,61245
Puka Nacua,WR,LA,1021245,61245
Warren McClendon Jr.,OL,LA,885000,442500
Stetson Bennett,QB,LA,1134783,174783
Will Anderson Jr.,DL,HOU,885000,442500
Broderick Jones,OL,DAL,885000,442500
Keeanu Benton,DL,PIT,885000,442500
Tuli Tuipulotu,LB,LAC,885000,442500
Lukas Van Ness,LB,GB,885000,442500
Byron Young,LB,LA,885000,442500
Kobie Turner,DL,LA,885000,442500
Jahmyr Gibbs,RB,DET,22500000,12575476
Kelee Ringo,DB,PHI,885000,442500
Brian Branch,DB,DET,885000,442500
Will McDonald IV,LB,NYJ,885000,442500
Isaiah Foskey,DL,CIN,885000,442500
Luke Musgrave,TE,GB,2118936,1587109
Joe Tippmann,OL,NYJ,885000,442500
Jayden Reed,WR,GB,16750000,6666667
Christian Gonzalez,DB,NE,885000,442500
Keion White,DL,SF,885000,442500
Quan Martin,DB,WAS,885000,442500
Bryce Young,QB,CAR,9488769,9488769
Emmanuel Forbes,DB,LA,885000,442500
Will Levis,QB,TEN,885000,442500
BJ Ojulari,LB,ARI,885000,442500
Julius Brents,DB,MIA,885000,442500
Cody Mauch,OL,TB,885000,442500
Blake Freeland,OL,CIN,885000,442500
C.J. Stroud,QB,HOU,9069811,9069811
Anthony Richardson,QB,IND,8498508,8498508
Zach Charbonnet,RB,SEA,1719020,953333
Joey Porter Jr.,DB,PIT,885000,442500
Devon Witherspoon,DB,SEA,885000,442500
Jake Bates,K,DET,1075000,0
Chukwuebuka Godrick,OL,MIA,885000,442500
Basil Okoye,DL,NYG,885000,442500
David Agoha,DL,DEN,885000,442500
Austin Ajiake,LB,IND,1005000,0
Durell Nchami,DL,IND,885000,442500
Charlie Smyth,K,NO,885000,442500
Nate Wiggins,DB,BAL,885000,442500
Roger Rosengarten,OL,BAL,885000,442500
T.J. Tampa,DB,BAL,885000,442500
Johnny Wilson,WR,PHI,1054252,49252
Nick Samac,OL,MIN,885000,442500
Kalen King,DB,ARI,885000,442500
Beau Brade,DB,NYG,885000,442500
Corey Bullock,OL,CAR,885000,442500
Chris Collier,RB,LV,1005000,0
Ryan Cooper Jr.,DB,DET,885000,442500
Darrian Dalcourt,OL,NE,885000,442500
Dayton Wade,WR,BAL,885000,442500
Gottlieb Ayedze,OL,MIA,885000,442500
McCallan Castles,TE,GB,885000,442500
Gabe Hall,DL,PHI,885000,442500
Kendall Milton,RB,CIN,885000,442500
Andre' Sam,DB,PHI,885000,442500
Peter Bowden,LS,LAC,885000,442500
Donovan Jennings,OL,GB,885000,442500
Messiah Swinson,TE,CLE,885000,442500
Jimmy Ciarlo,LB,BUF,885000,442500
Braiden McGregor,LB,NYJ,885000,442500
Jarius Monroe,DB,NYJ,885000,442500
Jackson Sirmon,LB,NO,885000,442500
Leonard Taylor III,DL,NE,885000,442500
Shemar Bartholomew,DB,TEN,885000,442500
George Holani,RB,SEA,1075000,0
Jack Westover,TE,WAS,885000,442500
Byron Murphy II,DL,SEA,885000,442500
Trevor Keegan,OL,MIN,885000,442500
Miles Battle,DB,MIA,885000,442500
Swayze Bozeman,LB,CIN,1075000,0
Ethan Driskell,OL,KC,885000,442500
Curtis Jacobs,LB,WAS,885000,442500
D.J. Miller,DB,BUF,885000,442500
Ryan Rehkow,P,CIN,1017500,0
Christian Roland-Wallace,DB,KC,885000,442500
Carson Steele,RB,PHI,885000,442500
Julian Hicks,WR,SEA,885000,442500
Brandon Codrington,DB,SF,885000,442500
Malik Nabers,WR,NYG,7301938,7301938
Brock Bowers,TE,LV,4534696,4534696
Taliese Fuaga,OL,NO,885000,442500
Laiatu Latu,DL,IND,885000,442500
Tyler Guyton,OL,DAL,885000,442500
Xavier Legette,WR,CAR,3089294,3089294
Kamari Lassiter,DB,HOU,885000,442500
Jonathon Brooks,RB,CAR,2104271,1560067
Renardo Green,DB,SF,885000,442500
Junior Colson,LB,LAC,885000,442500
Trevin Wallace,LB,NYJ,1489959,288606
Cooper Beebe,OL,DAL,885000,442500
DJ Glaze,OL,LV,885000,442500
Zak Zinter,OL,CLE,885000,442500
Dominick Puni,OL,SF,885000,442500
Marist Liufau,LB,DAL,1422879,239821
Jarrian Jones,DB,JAX,885000,442500
McKinnley Jackson,DL,CIN,885000,442500
Luke McCaffrey,WR,WAS,1399078,222511
Ja'Tavion Sanders,TE,CAR,1261059,218559
Decamerion Richardson,DB,NO,885000,442500
Mason McCormick,OL,PIT,885000,442500
Cade Stover,TE,HOU,1189734,184734
Malik Mustapha,DB,SF,885000,442500
Bucky Irving,RB,TB,1187888,182888
Giovanni Manu,OL,DET,885000,442500
Isaac Guerendo,RB,SF,1181132,176131
Sione Vaki,RB,DET,1137177,132177
Jacob Cowing,WR,SF,1137177,132177
Tarheeb Still,DB,LAC,885000,442500
Jordan Magee,LB,WAS,1097807,92807
Cam Hart,DB,LAC,885000,442500
JD Bertrand,LB,ATL,885000,442500
Kris Abrams-Draine,DB,DEN,885000,442500
Jarvis Brownlee Jr.,DB,NYJ,885000,442500
Audric Estimé,RB,NO,885000,442500
Tommy Eichenberg,LB,LV,1089428,84428
Josh Newton,DB,CIN,885000,442500
Spencer Rattler,QB,NO,1089120,84120
Jaylon Carlies,LB,IND,885000,442500
Deantre Prince,DB,CHI,885000,442500
Jamari Thrash,WR,CLE,1075000,0
Chau Smith-Wade,DB,CAR,885000,442500
Dominique Hampton,LB,TEN,885000,442500
Christian Jones,OL,CHI,885000,442500
Jaylin Simpson,DB,MIA,885000,442500
Tyrone Tracy Jr.,RB,NYG,1076588,71588
Bub Means,WR,CLE,885000,442500
Caelen Carson,DB,DAL,885000,442500
Jaylan Ford,LB,NO,1068569,63569
Logan Lee,DL,PIT,885000,442500
Marcellas Dial Jr.,DB,MIA,885000,442500
Kimani Vidal,RB,LAC,1075000,0
Jha'Quan Jackson,WR,TB,885000,442500
Casey Washington,WR,CAR,885000,442500
Jamal Hill,LB,HOU,885000,442500
Mekhi Wingo,DL,DET,885000,442500
Tejhaun Palmer,WR,NE,885000,442500
Joe Milton III,QB,DAL,885000,442500
Zion Logue,DL,CLE,885000,442500
Khristian Boyd,DL,NO,885000,442500
Jaden Crumedy,DL,HOU,885000,442500
Will Reichard,K,MIN,1047655,42655
Jawhar Jordan,RB,HOU,885000,442500
Nathaniel Watson,LB,CLE,885000,442500
Dylan Laube,RB,LV,1043798,38798
Christian Mahogany,OL,DET,885000,442500
Cam Little,K,JAX,1039597,34597
Ryan Flournoy,WR,DAL,1017500,0
Elijah Klein,OL,DET,885000,442500
Javontae Jean-Baptiste,LB,WAS,885000,442500
Daijahn Anthony,DB,CIN,885000,442500
Myles Harden,DB,CLE,885000,442500
MJ Devonshire,DB,GB,885000,442500
Michael Jurgens,OL,MIN,885000,442500
Jaheim Bell,TE,PIT,885000,442500
Levi Drake Rodriguez,DL,MIN,885000,442500
Nathan Thomas,OL,HOU,885000,442500
Jonah Laulu,DL,LV,885000,442500
Devaughn Vele,WR,NO,885000,442500
Myles Cole,DL,NO,885000,442500
Solomon Byrd,DL,HOU,885000,442500
Michael Barrett,LB,BAL,885000,442500
James Williams,LB,TEN,1027373,22373
Jowon Briggs,DL,NYJ,885000,442500
Marcus Harris,DL,KC,885000,442500
Tatum Bethune,LB,SF,1025452,20452
Jaylen Harrell,LB,TEN,885000,442500
Cornelius Johnson,WR,BAL,885000,442500
Nick Gargiulo,OL,DEN,885000,442500
Kingsley Eguakun,OL,NYG,885000,442500
Hogan Hatten,LS,DET,943667,333
Bryan Hudson,OL,NYG,885000,442500
Nate Lynn,LB,NYJ,885000,442500
Isaiah Williams,WR,NYJ,1017500,0
Beanie Bishop,DB,CHI,885000,442500
Jacoby Windmon,LB,PIT,885000,442500
Theo Benedet,OL,CHI,885000,442500
Carl Jones,LB,BAL,885000,442500
Jamree Kromah,DL,CHI,885000,442500
Austin Reed,QB,BAL,885000,442500
Reddy Steward,DB,DAL,885000,442500
Ian Wheeler,RB,BUF,885000,442500
Te'Cory Couch,DB,BUF,885000,442500
Frank Gore Jr.,RB,BUF,885000,442500
Xavier Johnson,WR,CIN,885000,442500
Jack Browning,P,ARI,885000,442500
Storm Duck,DB,MIA,885000,442500
Andrew Meyer,OL,MIA,885000,442500
Mark Perry,DB,GB,885000,442500
Hayden Rucci,TE,JAX,885000,442500
Jalen Coker,WR,CAR,11333333,4166667
Kenny Dyson,LB,MIN,885000,442500
Harrison Mevis,K,LA,1005000,0
Alex Johnson,DB,LA,885000,442500
Marcellus Johnson,OL,DAL,885000,442500
Jake Kubas,OL,NE,885000,442500
Casey Rogers,DL,NE,885000,442500
Chris Edmonds,DB,CLE,885000,442500
Winston Reid,LB,CLE,1005000,0
Treyton Welch,TE,NO,885000,442500
Xavier Weaver,WR,ARI,885000,442500
Emany Johnson,LB,LAC,885000,442500
Brevyn Spann-Ford,TE,DAL,950000,81667
Julius Wood,DB,MIA,885000,442500
Carter Bradley,QB,JAX,885000,442500
Andrew Coker,OL,CIN,885000,442500
Amari Gainer,LB,MIA,885000,442500
Will Putnam,OL,LV,885000,442500
Ron Stone Jr.,LB,DEN,885000,442500
Shawn Bowman,TE,ARI,885000,442500
Steven Jones,OL,PIT,885000,442500
Levelle Bailey,LB,DEN,1075000,0
Nik Constantinou,P,CLE,885000,442500
Frank Crum,OL,DEN,885000,442500
Jordan Miller,DL,MIA,885000,442500
Spencer Shrader,K,IND,1255000,375000
Kedon Slovis,QB,GB,885000,442500
Dalton Tucker,OL,IND,885000,442500
Tyrek Funderburk,DB,CAR,885000,442500
Antonio Grier Jr.,LB,CHI,885000,442500
Kameron Johnson,WR,TB,946667,3333
Rashad Wisdom,DB,TB,885000,442500
Demani Richardson,DB,CAR,885000,442500
British Brooks,RB,HOU,948333,80000
Kyler Baugh,DL,PIT,885000,442500
Sincere Haynesworth,OL,BUF,885000,442500
Rico Payton,DB,NYG,885000,442500
Isaiah Stalbird,LB,NO,885000,442500
Mason Tipton,WR,NO,946667,36667
Kyle Hergel,OL,CHI,885000,442500
Cole Burgess,WR,PIT,885000,0
Cam Grandy,TE,MIN,885000,442500
PJ Jules,DB,CIN,885000,442500
Austin McNamara,P,NYJ,922500,0
Maema Njongmeta,LB,CAR,885000,442500
Isaiah Iton,DL,NE,885000,442500
David Martin-Robinson,TE,TEN,945833,5833
Bryce Oliver,WR,CLE,885000,442500
Jabari Small,RB,DET,885000,442500
Thomas Harper,DB,DET,885000,442500
Chigozie Anusiem,DB,LV,885000,442500
Sam Hartman,QB,WAS,885000,442500
Ben Nikkel,WR,IND,885000,442500
Tyler Owens,DB,WAS,885000,442500
A.J. Woods,DB,ATL,885000,442500
Colson Yankoff,TE,WAS,885000,442500
Dell Pettus,DB,NE,885000,442500
Evan Anderson,DL,SF,885000,442500
Jaylen Mahoney,DB,PHI,885000,442500
Drake Nugent,OL,SF,885000,442500
Mason Pline,TE,KC,885000,442500
Cody Schrader,RB,DEN,885000,442500
Jeshaun Jones,WR,MIN,885000,0
Dwight McGlothern,DB,MIN,885000,442500
Doug Nester,OL,PIT,885000,442500
Bo Richter,LB,MIN,885000,442500
Taki Taimani,DL,MIN,885000,442500
JaQuae Jackson,WR,LAC,885000,442500
Jayden Price,DB,NO,885000,442500
JC Latham,OL,TEN,885000,442500
Bo Nix,QB,DEN,4653292,4653292
Ruke Orhorhoro,DL,JAX,885000,442500
Braden Fiske,DL,LA,885000,442500
Jackson Powers-Johnson,OL,LV,885000,442500
Matt Goncalves,OL,IND,885000,442500
Tip Reiman,TE,ARI,1447478,257711
Blake Corum,RB,LA,1440941,252957
Roman Wilson,WR,PIT,1436292,249576
Jalyx Hunt,LB,PHI,885000,442500
Payton Wilson,LB,PIT,1399078,222511
Javon Foster,OL,CIN,885000,442500
Jordan Jefferson,DL,LAC,885000,442500
Tanor Bortolini,OL,IND,885000,442500
Tory Taylor,P,CHI,1191975,186975
Will Shipley,RB,PHI,1184241,179241
Tyler Davis,DL,LA,885000,442500
Jordan Whittington,WR,LA,1039597,34597
Cedric Johnson,DL,CIN,885000,442500
Beaux Limmer,OL,LA,885000,442500
Devin Culp,TE,TB,885000,442500
KT Leveston,OL,CLE,885000,442500
Joe Andreessen,LB,BUF,944167,833
Elijah Chatman,DL,CLE,885000,442500
Quinton Newsome,DB,ARI,885000,442500
Charles Woods,DB,NE,885000,442500
Josh Wallace,DB,LA,885000,442500
Omar Speights,LB,LA,946333,3000
Elias Neal,LB,LA,885000,442500
Jaylen McCollough,DB,LA,885000,442500
Cam Lampkin,DB,LA,885000,442500
Anthony Goodlow,DL,CAR,885000,442500
Justin Dedich,OL,LA,885000,442500
Qwan'tez Stiggers,DB,NYJ,885000,442500
Olumuyiwa Fashanu,OL,NYJ,885000,442500
Adisa Isaac,LB,BAL,885000,442500
Devontez Walker,WR,BAL,1204463,199463
AJ Barner,TE,SEA,885000,442500
Braelon Allen,RB,NYJ,1137177,132177
Nehemiah Pritchett,DB,SEA,885000,442500
Rasheen Ali,RB,BAL,1077467,72467
Isaiah Davis,RB,NYJ,1068569,63569
DJ James,DB,NYG,885000,442500
Max Melton,DB,ARI,885000,442500
Isaiah Adams,OL,ARI,885000,442500
Jonah Elliss,LB,DEN,885000,442500
MarShawn Lloyd,RB,GB,1422130,239276
Ty'Ron Hopper,LB,GB,1419506,237368
Evan Williams,DB,GB,885000,442500
Erick All,TE,CIN,1203276,198276
Tyrice Knight,LB,SEA,1198140,193140
Anthony Gould,WR,IND,885000,442500
Jacob Monk,OL,GB,885000,442500
Kitan Oladapo,DB,GB,885000,442500
Travis Glover,OL,GB,885000,442500
Andru Phillips,DB,NYG,885000,442500
Kiran Amegadjie,OL,PHI,885000,442500
Elijah Jones,DB,NYG,885000,442500
Jared Wiley,TE,KC,1177155,172155
Jaden Hicks,DB,KC,885000,442500
Jeremiah Trotter Jr.,LB,PHI,1087117,82117
Hunter Nourzad,OL,KC,885000,442500
Walter Rouse,OL,NE,885000,442500
Darius Muasau,LB,NE,1055228,50228
Dylan McMahon,OL,LA,885000,442500
Kamal Hadden,DB,GB,885000,442500
Jarrett Kingston,OL,MIA,885000,442500
C.J. Hanson,OL,KC,885000,442500
Kamren Kinchens,DB,LA,885000,442500
Justin Eboigbe,DL,LAC,885000,442500
Brennan Jackson,LB,LV,885000,442500
Bralen Trice,LB,ATL,885000,442500
Calen Bullock,DB,HOU,885000,442500
Christian Haynes,OL,SEA,885000,442500
Austin Booker,DL,CHI,885000,442500
Cooper DeJean,DB,PHI,885000,442500
Michael Jerrell,OL,ATL,885000,442500
Qadir Ismail,TE,CHI,885000,442500
Kingsley Suamataia,OL,KC,885000,442500
Tykee Smith,DB,TB,885000,442500
Theo Johnson,TE,NYG,1212859,207859
Marvin Harrison Jr.,WR,ARI,8843686,8843686
Edgerrin Cooper,LB,GB,2149730,1642069
Drake Maye,QB,NE,9159941,9159941
Jared Verse,DL,CLE,885000,442500
Darius Robinson,DL,ARI,885000,442500
Jalen McMillan,WR,TB,1415756,234641
Blake Fisher,OL,HOU,885000,442500
Cedric Gray,LB,TEN,1213623,208623
Brandon Dorlus,DL,ATL,885000,442500
Kool-Aid McKinstry,DB,NO,885000,442500
Tyler Nubin,DB,NYG,885000,442500
Ennis Rakestraw Jr.,DB,DET,885000,442500
Caedan Wallace,OL,MIA,885000,442500
Dadrion Taylor-Demerson,DB,ARI,885000,442500
Javon Bullard,DB,GB,885000,442500
Troy Franklin,WR,DEN,1222459,213709
Troy Fautanu,OL,PIT,885000,442500
Cole Bishop,DB,BUF,885000,442500
DeWayne Carter,DL,BUF,885000,442500
Jaylen Wright,RB,MIA,1195005,190005
Ray Davis,RB,BUF,1183297,178297
Sedrick Van Pran-Granger,OL,IND,885000,442500
Mohamed Kamara,LB,TB,885000,442500
Edefuan Ulofoshio,LB,CLE,1017500,0
Javon Solomon,LB,BUF,885000,442500
Malik Washington,WR,MIA,1054890,49890
Patrick McMorris,DB,SF,885000,442500
Tylan Grable,OL,BUF,885000,442500
Daequan Hardy,DB,PIT,885000,442500
Tahj Washington,WR,PHI,885000,442500
T'Vondre Sweat,DL,NYJ,885000,442500
Quinyon Mitchell,DB,PHI,885000,442500
Maason Smith,DL,ATL,885000,442500
Adonai Mitchell,WR,NYJ,1846522,1204358
Brian Thomas Jr.,WR,JAX,3664995,3664995
Xavier Worthy,WR,KC,3447566,3447566
Mike Hall Jr.,DL,CLE,885000,442500
Zach Frazier,OL,PIT,885000,442500
Joe Alt,OL,LAC,885000,442500
Mike Sainristil,DB,WAS,885000,442500
Patrick Paul,OL,MIA,885000,442500
Keon Coleman,WR,BUF,2518565,2410124
Chris Braswell,LB,HOU,885000,442500
Terrion Arnold,DB,SEA,885000,442500
Jordan Morgan,OL,GB,885000,442500
Graham Barton,OL,TB,885000,442500
Jer'Zhan Newton,DL,WAS,885000,442500
Ja'Lynn Polk,WR,NO,885000,442500
Kris Jenkins,DL,CIN,885000,442500
Jayden Daniels,QB,WAS,9436663,9436663
Chop Robinson,LB,MIA,885000,442500
Ben Sinnott,TE,WAS,1806988,1149463
Brandon Coleman,OL,WAS,885000,442500
Ladd McConkey,WR,LAC,2498797,2296486
Ricky Pearsall,WR,SF,3134600,3134600
Michael Penix Jr.,QB,ATL,5720659,5720659
Caleb Williams,QB,CHI,9871515,9871515
Rome Odunze,WR,CHI,5681125,5681125
Malachi Corley,WR,CLE,1075000,0
Trey Benson,RB,ARI,1514902,306746
J.J. McCarthy,QB,MIN,5463699,5463699
Dallas Turner,LB,MIN,885000,442500
Amarius Mims,OL,CIN,885000,442500
Jalen Sundell,OL,SEA,885000,442500
Travis Clayton,DL,BUF,885000,442500
Julius Welschof,LB,PIT,885000,442500
Laekin Vakalahi,OL,LAC,885000,442500
Thomas Yassmin,TE,GB,885000,0
David Olajiga,DL,BAL,885000,442500
Jamie Sheriff,LB,LA,885000,442500
Kyon Barrs,DL,CAR,885000,442500
Elliott Brown,LB,ARI,885000,442500
Tra Fluellen,DB,GB,885000,442500
Lenny Krieg,K,GB,885000,442500
T.J. Maguranyanga,LB,WAS,885000,442500
Tyler Booker,OL,DAL,885000,442500
Shavon Revel Jr.,DB,DAL,885000,442500
Savion Williams,WR,GB,1573114,304082
Barryn Sorrell,LB,GB,885000,442500
Shemar James,LB,DAL,1155859,105859
Collin Oliver,LB,GB,885000,442500
Smael Mondon Jr.,LB,PHI,1148865,98865
Kyle McCord,QB,MIA,885000,0
Myles Hinton,OL,CIN,885000,442500
Warren Brinson,DL,GB,885000,442500
Ajani Cornelius,OL,DAL,885000,442500
Antwaun Powell-Ryland,DL,CIN,885000,442500
Jay Toia,DL,DAL,885000,442500
Micah Robinson,DB,TEN,885000,442500
Phil Mafah,RB,DAL,885000,442500
Tommy Akingbesote,DL,JAX,885000,442500
John Williams,OL,GB,885000,442500
Darius Cooper,WR,PHI,993333,30000
Maxen Hook,DB,SEA,885000,442500
Johnathan Baldwin,DB,GB,885000,442500
Brant Banks,OL,NYJ,885000,442500
Jamon Johnson,LB,BAL,885000,442500
Amar Johnson,RB,LAC,885000,442500
Nazir Stackhouse,DL,TEN,885000,442500
Justin Barron,LB,DAL,885000,442500
Zion Childress,DB,CAR,885000,442500
Alijah Clark,DB,DAL,885000,442500
Rivaldo Fairweather,TE,ARI,885000,442500
Josh Kelly,WR,HOU,885000,442500
Seth Coleman-Lyles,DL,MIA,885000,442500
Jalan Gaines,DL,SEA,885000,442500
Jared Ivey,DL,ATL,885000,442500
Nick Kallerup,TE,SEA,996667,86333
Amari Kight,OL,SEA,885000,442500
Marshall Lang,TE,MIN,885000,442500
Connor O'Toole,LB,SEA,885000,442500
J.R. Singleton,DL,SEA,885000,442500
Wy'Kevious Thomas,DL,SEA,885000,442500
Isas Waxter,DB,LAC,885000,442500
Jackson Woodard,LB,MIA,922500,0
Jacardia Wright,RB,SEA,885000,442500
Emery Jones Jr.,OL,BAL,885000,442500
Teddye Buchanan,LB,BAL,1275724,225724
Carson Vinson,OL,BAL,885000,442500
Mac McWilliams,DB,PHI,885000,442500
Jeffrey Bassa,LB,KC,1153413,103413
Bilhal Kone,DB,BAL,885000,442500
Tyler Loop,K,BAL,1111193,61193
LaJohntay Wester,WR,BAL,1103717,53717
Aeneas Peebles,DL,BAL,885000,442500
Robert Longerbeam,DB,PHI,885000,442500
Brashard Smith,RB,KC,1083369,33369
Garrett Dellinger,OL,TEN,885000,442500
Jake Briningstool,TE,KC,998333,88000
Dalton Cooper,OL,GB,885000,442500
Brandon George,LB,PHI,885000,442500
Coziah Izzard,DL,CLE,885000,442500
Kevin Knowles,DB,TB,885000,442500
Esa Pole,OL,WAS,885000,442500
Melvin Smith,DB,TEN,885000,442500
Tre Watson,TE,MIA,885000,442500
Gerad Lichtenhan,OL,BAL,885000,442500
Xavier Guillory,WR,BAL,885000,442500
Jay Higgins,LB,BAL,995000,10000
Reid Holskey,OL,IND,885000,442500
Keondre Jackson,DB,BAL,885000,442500
Jayson Jones,DL,TB,885000,442500
Reuben Lowery,DB,IND,885000,442500
Chandler Martin,LB,NYG,885000,442500
Marquise Robinson,DB,BAL,885000,442500
Josh Simmons,OL,KC,885000,442500
Cooper McDonald,LB,KC,988333,0
Jimmy Holiday,WR,KC,885000,0
Ashton Jeanty,RB,LV,8973953,8973953
Armand Membou,OL,NYJ,885000,442500
Tetairoa McMillan,WR,CAR,6982598,6982598
Kelvin Banks Jr.,OL,NO,885000,442500
Colston Loveland,TE,CHI,6659002,6659002
Kenneth Grant,DL,MIA,885000,442500
Tyler Warren,TE,IND,5240163,5240163
Emeka Egbuka,WR,TB,4543183,4543183
Jayden Higgins,WR,HOU,2925206,2925206
Kyle Williams,WR,NE,1675893,378831
Landon Jackson,DL,BUF,885000,442500
Azareye'h Thomas,DB,NYJ,885000,442500
Pat Bryant,WR,DEN,1645270,356560
Nick Martin,LB,SF,1640417,353030
Princely Umanmielen,LB,CAR,885000,442500
Jordan Burch,LB,ARI,885000,442500
Jaylin Noel,WR,HOU,1616714,335792
Justin Walley,DB,IND,885000,442500
Dylan Fairchild,OL,CIN,885000,442500
Kevin Winston Jr.,DB,TEN,885000,442500
Kaleb Johnson,RB,GB,1593016,318557
Jacob Parrish,DB,TB,885000,442500
Jamaree Caldwell,DL,LAC,885000,442500
Caleb Ransaw,DB,JAX,885000,442500
Wyatt Milum,OL,JAX,885000,442500
Jared Wilson,OL,NE,885000,442500
Xavier Watts,DB,ATL,885000,442500
Jaylin Smith,DB,HOU,885000,442500
Caleb Rogers,OL,LV,885000,442500
Charles Grant,OL,LV,885000,442500
Upton Stout,DB,SF,885000,442500
Sai'vion Jones,DL,DEN,885000,442500
Tai Felton,WR,MIN,1540296,280215
Danny Stutsman,LB,NO,1307091,257091
Billy Bowman Jr.,DB,ATL,885000,442500
Barrett Carter,LB,CIN,1295529,245529
David Walker,LB,TB,885000,442500
Lathan Ransom,DB,CAR,885000,442500
Jack Sawyer,LB,PIT,885000,442500
Kyle Kennard,LB,LAC,885000,442500
Dylan Sampson,RB,CLE,1282641,232641
Jalen Travis,OL,IND,885000,442500
Jaylin Lane,WR,WAS,1278460,228460
Malachi Moore,DB,NYJ,885000,442500
Quincy Riley,DB,NO,885000,442500
Ruben Hyppolite II,LB,CHI,1269897,219897
Que Robinson,LB,DEN,885000,442500
Tonka Hemingway,DL,LV,885000,442500
Elic Ayomanor,WR,TEN,1216454,166454
Joshua Farmer,DL,NE,885000,442500
Jordan Watkins,WR,SF,1216454,166454
Tyrion Ingram-Dawkins,DL,MIN,885000,442500
Cam Jackson,DL,CAR,885000,442500
Jordan Phillips,DL,MIA,885000,442500
Bradyn Swinson,LB,PIT,885000,442500
Jordan James,RB,SF,1159921,109921
Jason Marshall Jr.,DB,MIA,885000,442500
DJ Giddens,RB,IND,1156186,106186
Jalen Rivers,OL,CIN,885000,442500
Marcus Mbow,OL,NYG,885000,442500
Dante Trader Jr.,DB,MIA,885000,442500
Elijah Roberts,DL,TB,885000,442500
KeAndre Lambert-Smith,WR,LAC,1152001,102001
Marques Sigle,DB,SF,885000,442500
Francisco Mauigoa,LB,NYJ,1148632,98632
Mitchell Evans,TE,CAR,1147742,97742
Yahya Black,DL,PIT,885000,442500
Oronde Gadsden II,TE,LAC,1143509,93509
Jackson Slater,OL,TEN,885000,442500
Jordan Hancock,DB,BUF,885000,442500
Miles Frazier,OL,DET,885000,442500
Jackson Hawes,TE,BUF,1130054,80054
Denzel Burke,DB,ARI,885000,442500
Tyler Baron,LB,NYJ,885000,442500
Dorian Strong,DB,BUF,885000,442500
Ollie Gordon II,RB,MIA,1118166,68166
JJ Pegues,DL,LV,885000,442500
Andy Borregales,K,NE,885000,442500
Marcus Harris,DB,TEN,885000,442500
Devin Neal,RB,NO,885000,442500
Will Howard,QB,PIT,1112025,62025
Jaylen Reed,DB,NE,885000,442500
Kalel Mullings,RB,TEN,885000,442500
Riley Leonard,QB,IND,1108811,58811
Tim Smith,DL,IND,885000,442500
Tahj Brooks,RB,CIN,1107714,57714
Jalen McLeod,LB,JAX,885000,442500
Luke Newman,OL,CHI,885000,442500
Graham Mertz,QB,HOU,1107121,57121
Branson Taylor,OL,LAC,885000,442500
Rayuan Lane III,DB,JAX,885000,442500
Gavin Bartholomew,TE,MIN,1103956,53956
Kain Medrano,LB,WAS,1102086,52086
Chase Lundt,OL,BUF,885000,442500
Jimmy Horn Jr.,WR,CAR,1098860,48860
Hayden Conner,OL,ARI,885000,442500
R.J. Mickens,DB,LAC,885000,442500
Cam Miller,QB,MIA,885000,442500
Jeremy Crawshaw,P,DEN,1093570,43570
Jack Nelson,OL,MIN,885000,442500
Thomas Fidone II,TE,NYG,1087379,37379
Marcus Bryant,OL,NE,885000,442500
Jonah Monheim,OL,JAX,885000,442500
Cody Lindenberg,LB,LV,1085292,35292
Kyonte Hamilton,DL,HOU,885000,442500
Kitan Crawford,DB,ARI,885000,442500
Carson Bruener,LB,PIT,1084235,34235
Donte Kent,DB,PIT,885000,442500
Dan Jackson,DB,DET,885000,442500
Quinn Ewers,QB,JAX,1082894,32894
Hunter Wohler,DB,IND,885000,442500
Kyle Monangai,RB,CHI,1082035,32035
Tez Johnson,WR,TB,1080985,30985
LeQuint Allen Jr.,RB,JAX,885000,442500
Kaden Prather,WR,GB,885000,442500
Caleb Lohner,TE,DEN,967500,0
Dominic Lovett,WR,DET,885000,442500
Jacory Croskey-Merritt,RB,WAS,1076357,26357
Korie Black,DB,NYG,885000,442500
Moliki Matavao,TE,NO,922500,0
Connor Colby,OL,SF,885000,442500
Julian Ashby,LS,NE,1075418,25418
Junior Bergen,WR,NYJ,885000,442500
Zeek Biggers,DL,MIA,885000,442500
Fadil Diggs,LB,NO,885000,442500
Trikweze Bridges,DB,CIN,885000,442500
Kobee Minor,DB,NE,885000,442500
Adin Huntington,DL,CLE,885000,442500
Gage Larvadain,WR,CLE,885000,442500
Ahmani Marshall,RB,CAR,885000,442500
Easton Mascarenas-Arnold,LB,CLE,991667,36667
Donovan McMillon,DB,CLE,885000,442500
Ja'Seem Reed,WR,CAR,885000,442500
Major Burns,DB,MIA,885000,442500
Power Echols,LB,SEA,885000,442500
Tysheem Johnson,DB,SEA,885000,442500
JP Richardson,WR,CHI,885000,442500
Jahdae Walker,WR,CHI,995000,56667
Ryan Fitzgerald,K,CAR,993333,48333
Jared Harrison-Hunte,DL,ARI,885000,442500
Jack Henderson,DB,PIT,885000,442500
Bam Martin-Scott,LB,CAR,993333,96667
Michael Reid,DB,NO,885000,442500
Trevian Thomas,DB,JAX,885000,442500
Corey Thornton,DB,CAR,885000,442500
Andrew Armstrong,WR,KC,885000,442500
Eugene Asante,LB,ARI,885000,442500
A.J. Henning,WR,MIA,885000,442500
Alex Huntley,DL,MIA,885000,442500
Josh Priebe,OL,MIA,885000,442500
John Saunders Jr.,DB,NE,885000,442500
Theo Wease Jr.,WR,LAC,885000,442500
Kam Arnold,LB,KC,885000,442500
Ricky Barber,DL,WAS,885000,442500
Jacoby Jones,WR,WAS,885000,442500
Ale Kaho,LB,WAS,885000,442500
Robert McDaniel,DB,TB,885000,442500
Timothy McKay,OL,JAX,885000,442500
Car'lin Vigers,DB,PIT,885000,442500
Chandler Brayboy,WR,JAX,885000,442500
Cam Camper,WR,NYJ,885000,442500
Branson Combs,LB,JAX,922500,0
Ethan Downs,LB,KC,885000,442500
BJ Green II,DL,JAX,885000,442500
Patrick Herbert,TE,LAC,885000,442500
Ja'Quinden Jackson,RB,PHI,885000,442500
Jabbar Muhammad,DB,JAX,885000,442500
Eli Pancol,WR,IND,885000,442500
Keivie Rose,DL,JAX,885000,442500
Cam'Ron Silmon-Craig,DB,JAX,885000,442500
Doneiko Slaughter,DB,PIT,885000,442500
Danny Striggow,DL,JAX,885000,442500
Johnathan Edwards,DB,IND,885000,442500
Marshall Foerner,OL,TB,885000,442500
Coleman Owen,WR,IND,885000,0
Trey Washington,DB,IND,885000,442500
Jacob Bayer,OL,CIN,885000,442500
Stephen Gosnell,WR,BUF,885000,442500
Keonta Jenkins,LB,BUF,885000,442500
Keleki Latu,TE,BUF,988333,0
Wande Owens,DB,BUF,885000,442500
Daryl Porter,DB,PIT,885000,442500
Howard Cross III,DL,CIN,885000,442500
Eric Gregory,DL,NE,885000,442500
Bralyn Lux,DB,CIN,885000,442500
Seth McLaughlin,OL,DET,885000,442500
Jordan Moore,WR,CIN,885000,442500
William Wagner,LS,CIN,991667,3333
Jeremiah Byers,OL,CLE,885000,442500
Josh Fryar,OL,ARI,885000,442500
Elijah Simmons,DL,TB,885000,442500
Zach Horton,TE,DET,885000,442500
Jakobie Keeney-James,WR,PIT,885000,442500
Jackson Meeks,TE,DET,885000,442500
Mason Miller,OL,DET,885000,442500
Caden Prieskorn,TE,CAR,885000,442500
Anthony Tyus III,RB,CAR,885000,442500
Jared Bartlett,LB,JAX,885000,0
Dean Clark,DB,NYJ,885000,442500
Jordan Clark,DB,NYJ,885000,442500
Brady Cook,QB,MIA,922500,0
Donovan Edwards,RB,MIA,885000,442500
Gus Hartwig,OL,DET,885000,442500
Fatorma Mulbah,DL,MIA,885000,442500
Payton Page,DL,NYJ,885000,442500
Jamaal Pritchett,WR,NYJ,885000,442500
Quentin Skinner,WR,BUF,885000,442500
Aaron Smith,LB,SEA,885000,442500
Austin Brinkman,LS,HOU,991667,36667
Eli Cox,OL,JAX,885000,442500
Alijah Huzzie,DB,HOU,885000,442500
K.C. Ossai,LB,HOU,885000,0
Junior Tafuna,DL,HOU,885000,442500
Connor Bazelak,QB,TB,885000,442500
John Bullock,LB,TB,885000,442500
Benjamin Chukwuma,OL,TB,885000,442500
Garrett Greene,WR,TB,885000,442500
Nash Hutmacher,OL,TB,885000,442500
Jake Majors,OL,PHI,885000,442500
Roman Parodie,DB,TB,885000,442500
JJ Roberts,DB,TB,885000,442500
Ben Scott,OL,TB,885000,442500
Josh Williams,RB,TB,885000,442500
Dalen Cambre,WR,NYG,885000,442500
Beaux Collins,WR,ATL,1062500,0
Trace Ford,LB,NYG,885000,442500
Antwane Wells Jr.,WR,ATL,885000,442500
Marques Cox,OL,MIA,885000,442500
Courtney Jackson,WR,TEN,885000,442500
Joseph Michalski,OL,NE,885000,442500
Karene Reid,LB,DEN,993333,83000
Xavier Truss,OL,NO,885000,442500
Johnny Walker Jr.,LB,DEN,885000,442500
Kristian Williams,DL,DEN,885000,442500
Jermaine Terry,TE,CLE,885000,442500
TeRah Edwards,DL,CAR,885000,442500
Marlowe Wax,LB,LAC,989333,1000
DJ Uiagalelei,QB,LAC,885000,442500
Raheim Sanders,RB,CLE,990000,20000
Josh Kaltenberger,OL,LAC,885000,442500
Eric Rogers,DB,LAC,885000,442500
Nikko Reed,DB,LAC,885000,442500
Garmon Randolph,LB,CIN,885000,442500
Myles Purchase,DB,LAC,885000,442500
Ulysses Bentley IV,RB,IND,885000,442500
Hudson Clark,DB,ARI,885000,442500
Jah Joyner,DL,SF,885000,442500
Treven Ma'ae,DL,LV,885000,442500
Carter Runyon,TE,LV,922500,0
Greedy Vance,DB,LV,885000,442500
Tyler Batty,LB,MIN,885000,442500
Max Brosmer,QB,MIN,885000,442500
Logan Brown,OL,SEA,885000,442500
Chaz Chambliss,LB,MIN,885000,442500
Zeke Correll,OL,PHI,885000,442500
Dontae Fleming,WR,MIN,885000,442500
Keenan Garber,DB,NYJ,885000,442500
Joe Huber,OL,MIN,885000,442500
Dorian Mausi,LB,TEN,990000,16667
Bryson Nesbit,TE,MIN,885000,442500
Myles Price,WR,MIN,988333,0
Zemaiah Vaughn,DB,MIN,885000,442500
Ben Yurosek,TE,MIN,995000,84667
Brandon Crenshaw-Dickson,OL,TEN,885000,442500
Cam Horsley,DL,ARI,885000,442500
Jalen Kimber,DB,CIN,885000,442500
Xavier Restrepo,WR,TEN,885000,442500
Tre Stewart,RB,ARI,885000,442500
Sebastian Castro,DB,PIT,885000,442500
JJ Galbreath,TE,IND,885000,442500
Ben Sauls,K,NYG,885000,442500
Roc Taylor,WR,CAR,885000,442500
Ke'Shawn Williams,WR,CIN,922500,0
Dalys Beanum,DB,NO,885000,442500
Elliott Davison,DB,NE,885000,442500
Easton Kilty,OL,NO,885000,442500
Torricelli Simpkins III,OL,CAR,885000,442500
Cobee Bryant,DB,ATL,885000,442500
Nate Carter,RB,KC,885000,442500
Joshua Gray,OL,MIN,885000,442500
Dontae Manning,DB,CHI,885000,442500
Nick Nash,WR,WAS,885000,442500
Joshua Simon,TE,WAS,885000,442500
Quincy Skinner Jr.,WR,NYJ,885000,442500
Malik Verdon,LB,ATL,885000,442500
Corey Kiner,RB,NE,1845000,0
Drew Moss,OL,TEN,885000,442500
Isaiah Neyor,WR,GB,885000,442500
Jakob Robinson,DB,SF,885000,442500
Sebastian Valdez,DL,SF,885000,442500
Efton Chism III,WR,NE,996667,86333
Jack Conley,OL,NE,885000,442500
Brandon Crossley,DB,NE,885000,442500
CJ Dippre,TE,TB,885000,442500
Brock Lampe,RB,SEA,885000,442500
Lan Larison,RB,NE,885000,442500
Jeremiah Webb,WR,NE,885000,0
Jahvaree Ritzie,DL,MIN,885000,442500
Cam Riley,LB,MIA,885000,442500
Elijah Ponder,LB,NE,885000,442500
Josh Minkins,DB,ARI,885000,442500
Jalon Walker,LB,ATL,885000,442500
James Pearce Jr.,LB,ATL,885000,442500
Carson Schwesinger,LB,CLE,2950100,2950100
Josaiah Stewart,LB,LA,885000,442500
Dont'e Thornton Jr.,WR,LV,1312725,262725
Arian Smith,WR,NYJ,1310413,260413
Woody Marks,RB,HOU,1300942,250942
Gunnar Helm,TE,TEN,1293227,243227
Ty Hamilton,DL,LA,885000,442500
Jaydon Blue,RB,PHI,885000,442500
Drew Kendall,OL,PHI,885000,442500
Pooh Paul Jr.,LB,SEA,885000,442500
Kurtis Rourke,QB,SF,1083559,33559
Konata Mumpfield,WR,LA,1077134,27134
Mehki Butler,OL,NE,885000,442500
Jamil Muhammad,DL,CLE,885000,442500
Bill Norton,DL,LA,885000,442500
Brennan Presley,WR,LA,885000,442500
Mark Redman,TE,GB,967500,0
Nate Valcarcel,DB,LA,885000,442500
Jordan Waters,RB,LA,885000,442500
Trey Wedig,OL,IND,885000,442500
Jahfari Harvey,LB,LV,885000,442500
Tru Edwards,WR,LA,885000,442500
Wyatt Bowles,OL,LA,885000,442500
Shaun Dolac,LB,LA,996667,8333
Kisean Johnson,WR,GB,885000,442500
Luke Floriea,WR,CLE,885000,442500
Max Hurleman,WR,PIT,885000,442500
Montorie Foster Jr,WR,SEA,885000,442500
Elijah Williams,DL,MIN,885000,442500
Nick Jackson,LB,TB,885000,442500
Drake Dabney,TE,GB,885000,442500
Dalevon Campbell,WR,LAC,885000,442500
Willie Lampkin,OL,PHI,885000,442500
Kyrese Rowan,WR,NO,885000,442500
Jordan Turner,LB,DEN,988333,0
Keyon Martin,DB,BAL,885000,442500
Lucas Scott,RB,BAL,885000,442500
Grey Zabel,OL,SEA,885000,442500
Ashton Gillotte,DL,KC,885000,442500
Darien Porter,DB,LV,885000,442500
Vernon Broughton,DL,NO,885000,442500
Jonas Sanker,DB,NO,885000,442500
Trevor Etienne,RB,CAR,1302186,252186
Cody Simon,LB,ARI,1301190,251190
Jalen Royals,WR,KC,1266800,216800
Rylie Mills,DL,SEA,885000,442500
Tory Horton,WR,SEA,1141260,91260
Robbie Ouzts,RB,SEA,885000,442500
Bryce Cabeldue,OL,SEA,885000,442500
Damien Martinez,RB,GB,885000,442500
Mason Richman,OL,SEA,885000,442500
Ricky White III,WR,SEA,885000,442500
Kai Kroeger,P,HOU,1062500,0
Keith Cooper Jr.,DL,MIA,885000,442500
Hunter Dekkers,QB,NO,885000,442500
Kaimon Rucker,LB,BAL,885000,442500
Derrick Canteen,DB,TEN,885000,442500
Mykel Williams,DL,SF,885000,442500
Donovan Jackson,OL,MIN,885000,442500
Ty Robinson,DL,PHI,885000,442500
Harold Fannin Jr.,TE,CLE,1685722,385979
Omarion Hampton,RB,LAC,4443616,4443616
Matthew Golden,WR,GB,4393835,4393835
Shedeur Sanders,QB,CLE,1161845,111845
Isaac TeSlaa,WR,DET,1666113,371718
Nohl Williams,DB,KC,885000,442500
Tyleik Williams,DL,DET,885000,442500
Jalen Milroe,QB,SEA,1566022,298925
Keydrain Calligan,DB,TEN,885000,442500
Cam Ward,QB,TEN,12209901,12209901
Abdul Carter,LB,NYG,885000,442500
Derrick Harmon,DL,PIT,885000,442500
Sean Fresch,DB,DEN,885000,442500
Patrick Jenkins,DL,CLE,885000,442500
Mason Graham,DL,CLE,885000,442500
Josh Conerly Jr.,OL,WAS,885000,442500
Cameron Williams,OL,ATL,885000,442500
Malaki Starks,DB,BAL,885000,442500
Anthony Campbell,DL,GB,885000,442500
Jaxson Dart,QB,NYG,4244486,4244486
Jarquez Hunter,RB,MIA,885000,442500
Darius Alexander,DL,NYG,885000,442500
Thomas Gordon,TE,DET,885000,442500
Will Campbell,OL,NE,885000,442500
Mitch Van Vooren,TE,DAL,885000,442500
Dillon Gabriel,QB,CLE,1556581,292058
Chimere Dike,WR,TEN,1350238,275238
Walter Nolen,DL,ARI,885000,442500
Jihaad Campbell,LB,PHI,3725894,3725894
Maxwell Hairston,DB,BUF,885000,442500
Deone Walker,DL,BUF,885000,442500
CJ West,DL,SF,885000,442500
Vershon Lee,OL,ARI,885000,442500
Cam Skattebo,RB,NYG,1318260,268260
Craig Woodson,DB,NE,885000,442500
Travis Hunter,WR,JAX,11662278,11662278
Bhayshul Tuten,RB,JAX,1329063,269130
Jahdae Barron,DB,DEN,885000,442500
Alfred Collins,DL,SF,885000,442500
Mike Green,LB,BAL,885000,442500
Jack Kiser,LB,JAX,885000,442500
T.J. Sanders,DL,BUF,885000,442500
Donovan Ezeiruaku,LB,DAL,885000,442500
Anthony Belton,OL,GB,885000,442500
Tre Harris,WR,LAC,1954423,1394560
Tate Ratledge,OL,DET,885000,442500
Jack Bech,WR,LV,1889706,1269302
RJ Harvey,RB,DEN,885000,442500
Trey Amos,DB,WAS,885000,442500
Nick Emmanwori,DB,SEA,885000,442500
TreVeyon Henderson,RB,NE,2785815,2785815
Luther Burden III,WR,CHI,885000,442500
Mason Taylor,TE,NYJ,2616548,2389827
Terrance Ferguson,TE,LA,2428367,2011688
Demetrius Knight Jr.,LB,CIN,885000,442500
Elijah Arroyo,TE,SEA,2203343,1718137
Ozzy Trapilo,OL,CHI,885000,442500
Shemar Turner,DL,CHI,885000,442500
Jonah Savaiinaea,OL,MIA,885000,442500
Tyler Shough,QB,NO,2701182,2701182
Jaylahn Tuimoloau,DL,IND,885000,442500
Aireontae Ersery,OL,HOU,885000,442500
Nic Scourton,LB,CAR,885000,442500
Benjamin Morrison,DB,TB,885000,442500
Omarr Norman-Lott,DL,KC,885000,442500
Andrew Mukuba,DB,PHI,885000,442500
Will Johnson,DB,ARI,885000,442500
Oluwafemi Oladejo,LB,TEN,885000,442500
Will Sheppard,WR,MIA,885000,442500
Shemar Stewart,DL,CIN,885000,442500
Ahmed Hassanein,DL,DET,885000,442500
Laki Tasi,DL,TEN,885000,442500
Mapalo Mwansa,LB,CAR,885000,442500
Federico Maranges,OL,SEA,885000,442500
Valentin Senn,OL,ARI,885000,442500
Jaden Smith,WR,DAL,885000,442500
Isaiah Bond,WR,CLE,1006000,1006000
Quinshon Judkins,RB,CLE,2850529,2850529
Dohnte Meyers,WR,CIN,1036667,3333
Jacob Roberts,LB,MIN,885000,442500
Devin Veresuk,LB,IND,885000,442500
Rob Carter Jr.,DB,IND,885000,442500
Layne Pryor,TE,HOU,885000,442500
Paschal Ekeji,LB,NYJ,885000,442500
Jaheim Thomas,LB,MIA,885000,442500
Carson Towt,TE,IND,1036667,40000
Jeffrey M'ba,DL,WAS,885000,442500
Caleb Downs,DB,DAL,885000,442500
Olaivavega Ioane,OL,BAL,885000,442500
Makai Lemon,WR,PHI,5202597,5202597
Treydan Stukes,DB,LV,885000,442500
Chris McClellan,DL,GB,885000,442500
Ja'Kobi Lane,WR,BAL,1757270,393014
Trey Zuhn III,OL,LV,885000,442500
Jaishawn Barham,LB,DAL,885000,442500
Julian Neal,DB,SEA,885000,442500
Drew Shelton,OL,DAL,885000,442500
Devin Moore,DB,DAL,885000,442500
Elijah Sarratt,WR,BAL,1390905,295905
Dani Dennis-Sutton,LB,GB,885000,442500
Mike Washington Jr.,RB,LV,1374039,279039
Matthew Hibner,TE,BAL,1292259,197259
LT Overton,DL,DAL,885000,442500
Fernando Carmona,OL,TEN,885000,442500
Beau Stephens,OL,SEA,885000,442500
Dalton Johnson,DB,LV,885000,442500
Jager Burton,OL,GB,885000,442500
Chandler Rivers,DB,BAL,885000,442500
Nicholas Singleton,RB,TEN,885000,442500
Josh Cuevas,TE,BAL,1189869,94869
Adam Randall,RB,BAL,1189869,94869
Hezekiah Masses,DB,LV,885000,442500
Cyrus Allen,WR,KC,1189869,94869
Cole Payton,QB,PHI,1189869,94869
Jackie Marshall,DL,TEN,885000,442500
Pat Coogan,OL,TEN,885000,442500
Malik Benson,WR,LV,1164433,69433
Emmanuel Henderson Jr.,WR,SEA,885000,442500
Domani Jackson,DB,GB,885000,442500
Micah Morris,OL,PHI,885000,442500
Ryan Eckley,P,BAL,1155712,60712
Trey Smack,K,GB,1146633,51633
Anthony Smith,WR,DAL,885000,442500
Jaren Kanak,TE,TEN,1135853,40853
Brandon Cleveland,DL,LV,885000,442500
Andre Fuller,DB,SEA,885000,442500
Deven Eastern,DL,SEA,885000,442500
Cole Wisniewski,DB,PHI,885000,442500
Garrett Nussmeier,QB,KC,1125122,30122
Rayshaun Benny,DL,BAL,885000,442500
Keyshawn James-Newby,LB,PHI,885000,442500
Evan Beerntsen,OL,BAL,885000,442500
Michael Dansby,DB,SEA,885000,442500
Hank Beatty,WR,TEN,885000,442500
Bishop Fitzgerald,DB,PIT,885000,442500
Jalen McMurray,DB,TEN,885000,442500
Rasheed Miller,OL,TEN,885000,442500
Tyren Montgomery,WR,TEN,885000,442500
Mani Powell,LB,TEN,885000,442500
Aamil Wagner,OL,TEN,885000,442500
Deontae Lawson,LB,PHI,885000,442500
Maximus Pulley,DB,PHI,885000,442500
Jaeden Roberts,OL,ATL,885000,442500
Rocco Underwood,LS,PHI,1040000,6667
Joshua Weru,LB,PHI,885000,442500
Kapena Gushiken,DB,IND,885000,442500
Tucker Large,DB,PHI,885000,442500
Camden Brown,WR,DAL,1038333,35000
Tommy Dunn,DL,DAL,885000,442500
Kelvin Gilliam,DL,DAL,885000,442500
Jordan Hudson,WR,DAL,885000,442500
Langston Patterson,LB,DAL,885000,442500
Shiyazh Pete,OL,DAL,885000,442500
Dominic Richardson,RB,NYJ,885000,442500
DJ Rogers,TE,DAL,885000,442500
Michael Trigg,TE,DAL,885000,442500
DJ Withers,DL,DAL,885000,442500
Dylan Barrett,OL,GB,885000,442500
Josh Gesky,OL,GB,885000,442500
Nyjalik Kelly,LB,GB,885000,442500
Jaden Nixon,RB,GB,885000,442500
TJ Quinn,LB,GB,885000,442500
J. Michael Sturdivant,WR,GB,1038333,71667
Dillon Wade,OL,GB,885000,442500
Vincent Anthony Jr.,DL,SF,885000,442500
Wesley Bissainthe,LB,KC,885000,442500
Cole Brevard,DL,KC,885000,442500
Jeff Caldwell,WR,KC,1041667,90833
Omari Evans,WR,KC,885000,442500
John Michael Gyllenborg,TE,KC,1040000,89167
Amari McNeill,DL,KC,885000,442500
Xavier Nwankpa,DB,KC,885000,442500
Pete Nygra,OL,KC,885000,442500
Jaydn Ott,RB,KC,885000,442500
Damon Payne,DL,KC,885000,442500
D'Arco Perkins-McAllister,DB,KC,885000,442500
Bryce Phillips,DB,MIN,885000,442500
DeShon Singleton,DB,KC,885000,442500
EJ Smith,RB,KC,885000,442500
Josh Thompson,OL,ATL,885000,442500
Zelmar Vedder,DB,KC,885000,442500
Jacob De Jesus,WR,KC,885000,442500
Murvin Kenion,DB,GB,885000,442500
Ethan Hurkett,DL,KC,885000,442500
Michael Briscoe,WR,MIN,885000,442500
Devean Deal,LB,LA,885000,442500
Aidan Hubbard,LB,SEA,885000,442500
Marvin Jones Jr.,LB,SEA,885000,442500
Lance Mason,TE,PIT,885000,442500
Uso Seumalo,DL,SEA,885000,442500
Levi Wentz,WR,PIT,885000,442500
Cortez Braham,WR,BAL,885000,442500
Ethan Burke,LB,BAL,885000,442500
Nick Dawkins,OL,BAL,885000,442500
Dominic DeLuca,LB,BAL,885000,442500
Joe Fagnano,QB,BAL,1033333,0
Aaron Graves,DL,BAL,885000,442500
Matthew McDoom,DB,CIN,885000,442500
Dontae McMillan,RB,BAL,885000,442500
Ty Pezza,WR,BAL,885000,442500
Diego Pounds,OL,KC,885000,442500
Jahquez Robinson,DB,BAL,885000,442500
Octavian Smith,WR,BAL,885000,442500
Elijah Tau-Tolliver,RB,BAL,885000,442500
Silas Walters,DB,TB,885000,442500
Ladarius Webb Jr.,DB,BAL,885000,442500
Dion Wilson,DL,BAL,885000,442500
Jacob Clark,QB,LV,885000,442500
Tyler Duzansky,LS,LV,885000,442500
Roman Hemby,RB,LV,885000,442500
Isaiah Jatta,OL,LV,885000,442500
Devin Lafayette,DB,LV,885000,442500
Matt Lauter,TE,MIN,885000,442500
Caleb Offord,DB,LV,885000,442500
Justin Pickett,OL,LV,885000,442500
Chase Roberts,WR,LV,885000,442500
Corey Rucker,WR,LV,1041667,90833
Cian Slone,LB,LV,885000,442500
Gary Smith III,DL,LV,885000,442500
Xavian Sorey Jr.,LB,LV,885000,442500
Tanner Wall,DB,NYJ,885000,442500
E.J. Williams Jr.,WR,LV,885000,442500
Anthony Dunn,DL,NYJ,885000,442500
Emmett Johnson,RB,KC,1216409,121409
Niklas Henning,OL,LV,885000,442500
Patrick Gurd,TE,LV,885000,442500
Kamar Missouri,OL,LV,885000,442500
Devyn Perkins,DB,LV,885000,442500
Kahlil Benson,OL,KC,885000,442500
Xavier Loyd,WR,KC,885000,442500
Marlen Sewell,DB,CHI,885000,442500
David Bailey,LB,NYJ,885000,442500
Jeremiyah Love,RB,ARI,13255704,13255704
Sonny Styles,LB,WAS,9302898,9302898
Jordyn Tyson,WR,NO,8122956,8122956
Spencer Fano,OL,CLE,885000,442500
Rueben Bain Jr.,LB,TB,885000,442500
Kenyon Sadiq,TE,NYJ,5586076,5586076
Caleb Banks,DL,MIN,885000,442500
Monroe Freeling,OL,CAR,885000,442500
De'Zhaun Stribling,WR,SF,3344185,3344185
TJ Parker,LB,BUF,885000,442500
Denzel Boston,WR,CLE,3096399,3096399
D'Angelo Ponds,DB,NYJ,885000,442500
CJ Allen,LB,IND,885000,442500
Antonio Williams,WR,WAS,1814680,434767
Oscar Delp,TE,NO,1801601,425255
Malachi Fields,WR,NYG,1797878,422547
A.J. Haulcy,DB,IND,885000,442500
Zachariah Branch,WR,ATL,1764036,397935
Albert Regis,DL,JAX,885000,442500
Domonique Orange,DL,MIN,885000,442500
Chris Brazzell II,WR,CAR,1735953,377511
Ted Hurst III,WR,TB,885000,442500
Austin Barber,OL,CLE,885000,442500
Emmanuel Pregnon,OL,JAX,885000,442500
Zavion Thomas,WR,CHI,1707878,357093
Kaelon Black,RB,SF,1707319,356686
Caleb Tiernan,OL,MIN,885000,442500
Jakobe Thomas,DB,MIN,885000,442500
Jalen Huskey,DB,JAX,885000,442500
Cade Klubnik,QB,NYJ,1399669,304669
Keionte Scott,DB,TB,885000,442500
Travis Burke,OL,LAC,885000,442500
Wesley Williams,DL,JAX,885000,442500
Malik Muhammad,DB,CHI,885000,442500
Carver Willis,OL,SF,885000,442500
Connor Lew,OL,CIN,885000,442500
Will Lee III,DB,CAR,885000,442500
Genesis Smith,DB,LAC,885000,442500
Jeremiah Wright,OL,NO,885000,442500
Kendal Daniels,LB,ATL,1292259,197259
Bryce Lance,WR,NO,1292259,197259
Ephesians Prysock,DB,SF,885000,442500
Colbie Young,WR,CIN,1292259,197259
Reggie Virgil,WR,ARI,1234125,139125
Sam Hecht,OL,CAR,885000,442500
Nick Barrett,DL,LAC,885000,442500
Parker Brailsford,OL,CLE,885000,442500
Joshua Josephs,LB,WAS,885000,442500
Justin Jefferson,LB,CLE,1225264,130264
Zakee Wheatley,DB,CAR,885000,442500
Justin Joly,TE,MIA,1221526,126526
Jaden Dugger,LB,SF,1220837,125837
DeMonte Capehart,DL,TB,885000,442500
George Gumbs Jr.,DL,IND,885000,442500
Max Bredeson,RB,MIN,885000,442500
Billy Schrauth,OL,TB,885000,442500
Charles Demmings,DB,MIN,885000,442500
Tanner Koziol,TE,JAX,1214210,119210
Keyshaun Elliott,LB,CHI,1211885,116885
Jalon Kilgore,DB,BUF,885000,442500
Joe Royer,TE,CLE,1203149,108149
Karon Prunty,DB,NE,885000,442500
Lorenzo Styles Jr.,DB,NO,885000,442500
Enrique Cruz,OL,SF,885000,442500
Zane Durant,DL,BUF,885000,442500
Taylen Green,QB,CLE,1179541,84541
Karson Sharar,LB,ARI,1177108,82108
Bauer Sharp,TE,TB,1174145,79145
Bobby Jamison-Travis,DL,NYG,885000,442500
Kaytron Allen,RB,WAS,1170988,75988
Anez Cooper,OL,NYJ,885000,442500
Brian Parker II,OL,CIN,885000,442500
Barion Brown,WR,NO,1168504,73504
Josh Cameron,WR,JAX,1167518,72518
J.C. Davis,OL,NYG,885000,442500
Jack Kelly,LB,NYG,1165662,70662
Dametrious Crownover,OL,NE,885000,442500
Demond Claiborne,RB,MIN,1163395,68395
Logan Taylor,OL,LAC,885000,442500
C.J. Williams,WR,JAX,1162070,67070
Alex Harkey,OL,LAC,885000,442500
Matt Gulbin,OL,WAS,885000,442500
Namdi Obiazor,LB,NE,1154718,59718
Jordan van den Berg,DL,CHI,885000,442500
Caden Curry,DL,IND,885000,442500
Harold Perkins Jr.,LB,ATL,1146633,51633
Jayden Williams,OL,ARI,885000,442500
TJ Hall,DB,NO,885000,442500
Toriano Pride Jr.,DB,CLE,885000,442500
Jack Endries,TE,CIN,1137754,42754
Athan Kaliakmanis,QB,WAS,1136164,41164
Landon Robinson,DL,CIN,885000,442500
Jackson Kuwatch,LB,CAR,1134770,39770
VJ Payne,DB,NYJ,885000,442500
Ethan Onianwa,OL,ATL,885000,442500
Zach Durfee,DL,JAX,885000,442500
Behren Morton,QB,NE,1132307,37307
Gavin Gerhardt,OL,HOU,885000,442500
Seth McGowan,RB,IND,1128727,33727
Tommy Doman Jr.,P,BUF,885000,442500
Parker Hughes,LB,JAX,1127698,32698
Ar'maj Reed-Adams,OL,BUF,885000,442500
Jam Miller,RB,NE,885000,442500
Miles Scott,DB,DEN,885000,442500
Carsen Ryan,TE,CLE,1125122,30122
Deion Burks,WR,IND,1125122,30122
Dallen Bentley,TE,DEN,1125122,30122
Red Murdock,LB,DEN,885000,442500
Rene Konga,DL,MIA,885000,442500
Kevin Cline,OL,MIA,885000,442500
Albert Reese,OL,CAR,885000,442500
Damon Bankston,RB,GB,885000,442500
Anquin Barnes Jr.,DL,NYG,885000,442500
Ben Barten,DL,NYG,885000,442500
Thaddeus Dixon,DB,NYG,885000,442500
Ben Mann,LS,NYG,1036667,3333
Ryan Schernecke,OL,NYG,885000,442500
Dominic Zvada,K,NYG,1041667,48333
Isaia Glass,OL,CAR,885000,442500
Jaylon Guilbeau,DB,PIT,885000,442500
Aaron Hall,DL,CAR,885000,442500
Haynes King,QB,CAR,1036667,70000
Cam Miller,DB,CAR,885000,442500
Parker Petersen,DL,CAR,885000,442500
Kobe Prentice,WR,NYG,885000,442500
Devonta Smith,DB,CAR,885000,442500
Isaiah Smith,LB,CAR,885000,442500
Mark Gronowski,QB,HOU,885000,442500
Donaven McCulley,WR,MIA,885000,442500
Rodney McGraw,DL,MIA,885000,442500
Louis Moore,DB,MIA,885000,442500
Le'Veon Moss,RB,MIA,885000,442500
Mason Reiger,LB,PHI,885000,442500
Kahlil Saunders,DL,NO,885000,442500
Caden Barnett,OL,CHI,885000,442500
Coleman Bennett,RB,MIA,885000,442500
Beau Gardner,LS,CHI,1036667,36667
Omari Kelly,WR,CHI,885000,442500
Jaren Kump,OL,CHI,885000,442500
Hayden Large,TE,CHI,1035833,22500
Jayden Loving,DL,CHI,885000,442500
Miller Moss,QB,CHI,885000,442500
Mason Murphy,OL,NO,885000,442500
Skyler Thomas,DB,CHI,885000,442500
Jaden Bradley,WR,WAS,885000,442500
Fred Davis,DB,WAS,885000,442500
Robert Henry Jr.,RB,WAS,885000,442500
Chris Hilton Jr.,WR,GB,885000,442500
Quentin Moore,TE,WAS,885000,442500
Malik Spencer,DB,WAS,885000,442500
Drew Stevens,K,WAS,1034167,833
Tanoa Togiai,OL,WAS,885000,442500
Carlos Allen Jr.,DL,ATL,885000,442500
Vinny Anthony II,WR,ATL,885000,442500
James Brockermeyer,OL,ATL,885000,442500
Malcolm DeWalt IV,DB,ATL,885000,442500
Cash Jones,RB,ATL,885000,442500
Riley Mahlman,OL,ATL,885000,442500
Jack Strand,QB,ATL,1038333,87500
Jack Velling,TE,ATL,885000,442500
Mory Bamba,DB,NYJ,885000,442500
Caullin Lacy,WR,NYJ,885000,442500
Joey Aguilar,QB,JAX,885000,442500
T.J. Bollers,DL,JAX,885000,442500
Brady Boyd,WR,JAX,885000,442500
Alex Bullock,WR,JAX,885000,442500
Ethan Conner,TE,MIA,885000,442500
Garrett DiGiorgio,OL,JAX,885000,442500
Quindarius Dunnigan,DL,JAX,885000,442500
Preston Hodge,DB,JAX,885000,442500
Jalen Hunt,DL,NE,885000,442500
Devin Neal,DB,JAX,885000,442500
Jimto Obidegwu,OL,JAX,885000,442500
Ben Patterson,WR,CLE,885000,442500
Trebor Pena,WR,JAX,885000,442500
J'Mari Taylor,RB,JAX,885000,442500
Bryan Thomas Jr.,DL,JAX,885000,442500
Jordan White,OL,JAX,885000,442500
Michael Wortham,WR,JAX,885000,442500
Theron Gaines,LB,BUF,885000,442500
Da'Metrius Weatherspoon,OL,BUF,885000,442500
Cameron Ball,DL,IND,885000,442500
Austin Brown,DB,IND,885000,442500
Tahj Chambers,LB,IND,1036667,6667
Sahmir Hagans,WR,IND,885000,442500
Mitchell Melton,DL,IND,885000,442500
Nolan Rucci,OL,IND,885000,442500
Raylen Sharpe,WR,IND,885000,442500
Geno VanDeMark,OL,NYG,885000,442500
West Weeks,LB,IND,885000,442500
Chase Curtis,TE,NYJ,885000,442500
Xavier Hill,OL,NYJ,885000,442500
Chip Trayanum,RB,NYJ,1040000,65000
Liam Brown,OL,CIN,885000,442500
Kentrel Bullock,RB,CIN,885000,442500
Jack Dingle,LB,CIN,885000,442500
Eric Gentry,LB,CIN,885000,442500
Jamal Haynes,RB,CIN,885000,442500
Christian Jones,OL,CIN,885000,442500
Josh Kattus,TE,CIN,885000,442500
Corey Robinson II,OL,CIN,885000,442500
Noah Thomas,WR,CIN,885000,442500
Ceyair Wright,DB,CIN,885000,442500
Jalon Daniels,QB,TB,1041667,90833
Kenny Fletcher Jr.,TE,IND,885000,442500
Ayden Garnes,DB,TB,885000,442500
Josiah Green,DL,TB,885000,442500
Henry Lutovsky,OL,TB,885000,442500
Jack Pyburn,LB,KC,885000,442500
Eric Rivers Jr.,WR,TB,885000,442500
Devan Boykin,DB,PIT,885000,442500
Kevin Jobity Jr.,DL,PIT,885000,442500
Lake McRee,TE,PIT,885000,442500
Squirrel White,WR,CHI,885000,442500
Keelan Marion,WR,ATL,885000,442500
Malik McClain,WR,NYJ,885000,442500
Cade Denhoff,LB,BUF,885000,442500
Jordan Dunbar,DB,BUF,885000,442500
Bruno Fina,OL,BUF,885000,442500
Ja'Mori Maclin,WR,BUF,885000,442500
Max Tomczak,WR,BUF,885000,442500
Kani Walker,DB,BUF,885000,442500
Kam Dewberry,OL,ATL,885000,442500
Davon Booth,RB,IND,885000,442500
Nate Evans,DB,CLE,885000,442500
Logan Fano,DL,CLE,885000,442500
Izavion Miller,OL,CLE,885000,442500
DeCarlos Nicholson,DB,CAR,885000,442500
Wes Pahl,P,CLE,885000,442500
Khordae Sydnor,DL,CLE,885000,442500
Zion Washington,DB,CLE,885000,442500
Kole Wilson,WR,CLE,885000,442500
Tyreak Sapp,DL,CLE,885000,442500
Brent Austin,DB,DEN,885000,442500
Luke Basso,LS,DEN,885000,442500
Kolbe Katsis,WR,DEN,885000,442500
Dane Key,WR,DEN,885000,442500
Joseph Manjack,WR,DEN,885000,442500
Dasan McCullough,LB,DEN,885000,442500
Tyler Miller,OL,DEN,885000,442500
Gavin Ortega,OL,DEN,885000,442500
Parker Robertson,DB,DEN,885000,442500
Cameron Ross,WR,DEN,885000,442500
William Wright,DB,CHI,885000,442500
Taurean York,LB,DEN,885000,442500
Dominic Bailey,DL,HOU,885000,442500
Sam Hagen,OL,HOU,885000,442500
Stephen Hall,DB,HOU,885000,442500
Sabastian Harsh,DL,HOU,885000,442500
James Neal III,OL,HOU,885000,442500
Treyvhon Saunders,WR,HOU,885000,442500
Daniel Sobkowicz,WR,HOU,885000,442500
Noah Whittington,RB,HOU,885000,442500
Collin Wright,DB,HOU,885000,442500
Tanner Arkin,TE,NE,1039167,54167
David Blay Jr.,DL,PHI,885000,442500
Channing Canada,DB,NE,885000,442500
Nick DeGennaro,WR,NE,885000,442500
Kyle Dixon,WR,NE,885000,442500
Cameron Dorner,WR,NE,885000,442500
Kenneth Harris,DB,IND,885000,442500
Khalil Jacobs,LB,NE,1033333,0
Jimmy Kibble,WR,NE,885000,442500
Myles Montgomery,RB,NE,1041667,90833
JonDarius Morgan,OL,NE,885000,442500
Jacob Rizy,OL,NE,885000,442500
CJ Donaldson,RB,NO,885000,442500
Cody Hardy,TE,NO,885000,442500
Michael Heldman,LB,NO,885000,442500
Alan Herron,OL,NO,885000,442500
Jeremiah McClendon,DB,CLE,885000,442500
Jay'Viar Suggs,DL,NO,885000,442500
Alex Wollschlaeger,OL,NO,885000,442500
Caden Fordham,LB,TB,885000,442500
Deshawn McKnight,DL,TB,885000,442500
Marcus Allen,DB,MIN,885000,442500
Da'Veawn Armstead,DB,MIN,885000,442500
Dillon Bell,WR,MIN,885000,442500
Tyreek Chappell,DB,MIN,885000,442500
Tristan Leigh,OL,MIN,885000,442500
Delby Lemieux,OL,MIN,885000,442500
Tomas Rimac,OL,MIN,885000,442500
Marcus Sanders Jr.,WR,MIN,885000,442500
Cam'Ron Stewart,LB,MIN,885000,442500
Jacob Thomas,DB,MIN,885000,442500
Arden Walker,LB,GB,885000,442500
Khalil Dinkins,TE,SF,885000,442500
Bryson Eason,DL,KC,885000,442500
Wesley Grimes,WR,SF,885000,442500
Mikail Kamara,DL,SF,885000,442500
Will Pauling,WR,SF,885000,442500
Jalen Stroman,DB,SF,885000,442500
James Thompson Jr.,DL,SF,885000,442500
Elijah Culp,DB,ARI,885000,442500
Ka'ena Decambra,OL,HOU,885000,442500
Jameson Geers,TE,ARI,1038333,41667
Cam Robertson,LB,ARI,885000,442500
Harrison Wallace III,WR,ARI,885000,442500
Damonic Williams,DL,ARI,885000,442500
Wydett Williams Jr.,DB,ARI,885000,442500
Noah Avinger,DB,LAC,885000,442500
Lander Barton,LB,LAC,885000,442500
Jerand Bradley,WR,LAC,885000,442500
Sincere Brown,WR,LAC,885000,442500
Jahmeer Carter,DL,LAC,885000,442500
Gregory Desrosiers,RB,LAC,885000,442500
Devin Grant,DB,LAC,885000,442500
Jacobian Guillory,DL,LAC,885000,442500
Niles King,DL,KC,885000,442500
Devonte Ross,WR,LAC,885000,442500
Rodney Shelley,DB,LAC,885000,442500
Avery Smith,DB,SEA,885000,442500
Jacob Spomer,OL,LAC,885000,442500
Evan Svoboda,TE,LAC,885000,442500
Nadame Tucker,DL,CLE,885000,442500
Terry Webb,DL,LAC,885000,442500
Isaiah World,OL,LAC,885000,442500
Christen Miller,DL,NO,885000,442500
Davison Igbinosun,DB,BUF,885000,442500
Jake Slaughter,OL,LAC,885000,442500
Daylen Everette,DB,PIT,885000,442500
Keagen Trost,OL,LA,885000,442500
Eli Raridon,TE,NE,1687178,342038
Gennings Dunker,OL,PIT,885000,442500
Kaden Wetjen,WR,PIT,1376729,281729
Riley Nowakowski,TE,PIT,1205814,110814
CJ Daniels,WR,LA,885000,442500
Gabe Rubio,DL,PIT,885000,442500
Robert Spears-Jennings,DB,PIT,885000,442500
Quintayvious Hutchins,LB,NE,885000,442500
Rohan Jones,TE,LA,885000,442500
Wesley Bailey,LB,LA,885000,442500
Peter Manuma,DB,NE,885000,442500
Larry Worth,DB,SF,885000,442500
Wayne Matthews II,LB,CHI,885000,442500
Daveren Rayner,LB,ATL,885000,442500
Jaden Keller,LB,NYJ,885000,442500
Michael Coats Jr.,DB,CLE,885000,442500
Xavier Holmes,LB,NE,885000,442500
Nick Andersen,DB,LA,885000,442500
Matthew Caldwell,QB,LA,1035333,2000
Dean Connors,RB,LA,885000,442500
Nyzier Fourqurean,DB,LA,885000,442500
"Al'zillion ""AZ"" Hamilton",DB,LA,885000,442500
Bryce Henderson,OL,LA,885000,442500
Nikhai Hill-Green,LB,LA,885000,442500
Darryl Peterson III,LB,LA,885000,442500
Dan Villari,TE,LA,885000,442500
Payton Zdroik,DL,LA,885000,442500
Javin Wright,LB,TB,885000,442500
Austin Blaske,OL,LA,885000,442500
Jaxson Moi,DL,LA,885000,442500
Eddie Walls III,LB,LA,885000,442500
Greg Crippen,OL,PIT,885000,442500
Bangally Kamara,LB,MIN,885000,442500
Smith Vilbert,DL,MIN,885000,442500
Yasir Holmes,LB,TB,885000,442500
Dean Patterson IV,WR,TB,885000,442500
DJ Herman,RB,MIA,885000,442500
DJ Wingfield,OL,DAL,885000,442500
Carnell Tate,WR,TEN,12783728,12783728
Blake Miller,OL,DET,885000,442500
Kayden McDonald,DL,HOU,885000,442500
Derrick Moore,LB,DET,885000,442500
Jimmy Rolder,LB,DET,1383240,288240
Skyler Bell,WR,BUF,1367941,272941
Kaleb Elarms-Orr,LB,BUF,1365740,270740
Keith Abney II,DB,DET,885000,442500
Kendrick Law,WR,DET,1207533,112533
Skyler Gill-Howard,DL,DET,885000,442500
Tyre West,DL,DET,885000,442500
Aiden Fisher,LB,HOU,1126892,31892
Brock Rechsteiner,WR,NO,1033333,0
Johnny Pascuzzi,TE,LAC,885000,442500
Luke Altmyer,QB,DET,885000,442500
Aamaris Brown,DB,DET,885000,442500
Erick Hunter,LB,NE,885000,0
Anthony Lucas,DL,DET,885000,442500
Eric O'Neill,DL,DET,885000,442500
Melvin Priestly,OL,DET,885000,442500
Colton Hood,DB,NYG,885000,442500
Bud Clark,DB,SEA,885000,442500
Tacario Davis,DB,CIN,885000,442500
Wade Woodaz,LB,HOU,1370695,275695
Kamari Ramsey,DB,HOU,885000,442500
Lewis Bond,WR,HOU,885000,442500
Chase Bisontis,OL,ARI,885000,442500
Avieon Terrell,DB,ATL,885000,442500
Brandon Cisse,DB,GB,885000,442500
Emmanuel McNeil-Warren,DB,CLE,885000,442500
Marlin Klein,TE,HOU,2046246,1560971
Stephen Dix Jr,LB,MIA,885000,442500
Trayvon Rudolph,WR,MIN,885000,442500
Rashad Rochelle,WR,SEA,885000,442500
Lee Hunter,DL,CAR,885000,442500
Anthony Hill Jr.,LB,TEN,2028548,1530677
Terrill Davis,WR,MIN,885000,442500
Max Iheanachor,OL,PIT,885000,442500
Eli Stowers,TE,PHI,2223241,1819438
Anterio Thompson,DL,ATL,885000,442500
Miles Davis,RB,CAR,885000,442500
Anderson Castle,RB,IND,885000,442500
Tywone Malone,DL,CAR,885000,442500
Tamon Lynum,DB,PIT,885000,442500
Germie Bernard,WR,PIT,2636220,2636220
Eli Heidenreich,RB,PIT,1133996,38996
Reid Carrico,LB,TEN,885000,442500
Marlon Jones,DB,GB,885000,442500
Zion Young,LB,BAL,885000,442500
Jake Golday,LB,MIN,2400233,2098528
Jonah Coleman,RB,DEN,1403606,308606
Jadon Canady,DB,KC,885000,442500
Kage Casey,OL,DEN,885000,442500
Travis Shaw,DL,TB,885000,442500
R Mason Thomas,DL,KC,885000,442500
Josiah Trotter,LB,TB,2725898,2725898
Nate Boerkircher,TE,JAX,2134749,1684443
Francis Mauigoa,OL,NYG,885000,442500
Courtland Ford,OL,NYJ,885000,442500
Keldric Faulk,LB,TEN,885000,442500
Arvell Reese,LB,NYG,885000,442500
Max Klare,TE,LA,2004949,1494156
Omar Cooper Jr.,WR,NYJ,885000,442500
Jadarian Price,RB,SEA,4195937,4195937
Josh Kreutz,OL,IND,885000,442500
Jai'Onte' McMillan,DB,MIA,885000,442500
Chase Wilson,LB,NYJ,885000,442500
Jalen Farmer,OL,IND,885000,442500
Bryce Boettcher,LB,IND,1292259,197259
Derrick Graham,OL,SEA,885000,442500
Kadyn Proctor,OL,MIA,885000,442500
Jacob Rodriguez,LB,MIA,2901712,2901712
Caleb Douglas,WR,MIA,1792125,418363
Will Kacmarek,TE,MIA,1712366,360357
Chris Bell,WR,MIA,1692774,346108
Trey Moore,LB,MIA,885000,442500
Kyle Louis,LB,MIA,1292259,197259
Michael Taaffe,DB,MIA,885000,442500
Kevin Coleman Jr.,WR,MIA,1189869,94869
DJ Campbell,OL,MIA,885000,442500
Max Llewellyn,DL,MIA,885000,442500
Keylan Rutledge,OL,HOU,885000,442500
Chris Johnson,DB,MIA,885000,442500
Tim Keenan III,DL,LV,885000,442500
Louis Hansen,TE,HOU,885000,442500
Malachi Lawrence,LB,DAL,885000,442500
Dillon Thieneman,DB,CHI,885000,442500
Logan Jones,OL,CHI,885000,442500
Zion Wilson,DL,PHI,885000,442500
Caleb Lomu,OL,NE,885000,442500
Mansoor Delane,DB,KC,885000,442500
Akheem Mesidor,LB,LAC,885000,442500
Peter Woods,DL,KC,885000,442500
Cashius Howell,DL,CIN,885000,442500
KC Concepcion,WR,CLE,4937107,4937107
Jude Bowry,OL,BUF,885000,442500
Darrell Jackson Jr.,DL,NYJ,885000,442500
Brenen Thompson,WR,LAC,1408034,313034
Tyler Onyedim,DL,DEN,885000,442500
Keyron Crawford,LB,LV,885000,442500
Markel Bell,OL,PHI,885000,442500
Kaleb Proctor,DL,ARI,885000,442500
Romello Height,DL,SF,885000,442500
Gracen Halton,DL,SF,885000,442500
Sam Roush,TE,CHI,1834167,448939
Febechi Nwaiwu,OL,HOU,885000,442500
Jack Bouwmeester,P,LA,885000,442500
Carson Beck,QB,ARI,1851498,461544
Fernando Mendoza,QB,LV,14317650,14317650
Jermod McCoy,DB,LV,885000,442500
Riley Wilson,LB,NE,885000,442500
Drew Allar,QB,PIT,1775852,406529
Jeremiah Franklin,TE,MIA,885000,442500
Ty Simpson,QB,LA,6353039,6353039
Gabe Jacas,LB,NE,885000,442500
Tyler Moore,TE,IND,885000,442500
Liam Clifford,WR,LAC,885000,442500
Roydell Williams,RB,DET,885000,442500
Jarod Washington,DB,MIN,885000,442500
Mekhi Rodgers,DB,IND,885000,442500
Jeff Weimer,WR,KC,885000,442500
Drew Biber,TE,CLE,885000,442500
Connor Hulstein,TE,NYJ,885000,442500
Jarrod Gray,OL,NYG,885000,442500
Seydou Traore,TE,MIA,1189869,94869
Uar Bernard,DL,PHI,885000,442500
Brett Thorson,P,MIN,1038333,30000
Kansei Matsuzawa,K,LV,885000,442500
Paul Rubelt,OL,TB,885000,442500
Jordan Washington,DB,SEA,885000,442500
Grant Finley,RB,NYG,885000,442500
Eric Butler,DB,NE,885000,442500
Daniel Rickert,LB,LA,885000,442500
Justin Jones,RB,SEA,885000,442500
Ricardo Hallman,DB,DEN,885000,442500
Malakai Williams,LB,NO,885000,442500
Brien Taylor,DL,NO,885000,442500
Xavier Williams,DB,TB,885000,442500
Keveion'ta Spears,DL,ARI,885000,442500
Barika Kpeenu,RB,TB,885000,442500
Cam Rice,DL,MIA,885000,442500
Devyn Bobby,DB,ARI,885000,442500
Alex Tecza,RB,PIT,885000,442500
Matthew Henry,WR,TB,885000,442500
Al-Jay Henderson,RB,NYJ,885000,442500
